code,description
"#include <stdio.h>
#include <omp.h>
int main()
{

#pragma omp parallel
{
	printf(""Hello from thread ? of ?.\n"");
}

	return 0;
}","Function Name: main
Parameters: None
Description: This function returns a int and performs parallel execution using OpenMP directives; displays output to the console; serves as the main entry point for program execution."
"#include <stdio.h>
#include <omp.h>
int main()
{

#pragma omp parallel
{
	int thread_num = omp_get_thread_num();
	int num_threads = omp_get_num_threads();

	printf(""Hello from thread %d of %d.\n"", thread_num, num_threads);
}

	return 0;
}","Function Name: main
Parameters: None
Description: This function returns a int and performs parallel execution using OpenMP directives; displays output to the console; serves as the main entry point for program execution."
"double CalcPi(int n);
int main(int argc, char **argv)
{
    int n = 150000000;
    const double fPi25DT = 3.141592653589793238462643;
    double fPi;
    double fTimeStart, fTimeEnd;
    
#ifdef READ_INPUT  
    printf(""Enter the number of intervals: "");
    scanf(""%d"",&n);
#endif

    if (n <= 0 || n > 2147483647 ) 
    {
        printf(""\ngiven value has to be between 0 and 2147483647\n"");
        return 1;
    }
    fTimeStart = omp_get_wtime();

    /* the calculation is done here*/
    fPi = CalcPi(n);

    fTimeEnd = omp_get_wtime();
    printf(""\npi is approximately = %.20f \nError               = %.20f\n"",
           fPi, fabs(fPi - fPi25DT));
    printf(""  wall clock time     = %.20f\n"", fTimeEnd - fTimeStart);

    return 0;
}","Function Name: main
Parameters: int argc, char **argv
Description: This function returns a int and uses OpenMP for managing threads and parallel sections; displays output to the console; reads input from standard input; estimates the value of Pi using numerical methods; serves as the main entry point for program execution."
"double f(double a)
{
    return (4.0 / (1.0 + a*a));
}","Function Name: f
Parameters: double a
Description: This function returns a double and executes a general set of operations."
"double CalcPi(int n)
{
    const double fH   = 1.0 / (double) n;
    double fSum = 0.0;
    double fX;
    int i;

    for (i = 0; i < n; i += 1)
    {
        fX = fH * ((double)i + 0.5);
        fSum += f(fX);
    }
    return fH * fSum;
}","Function Name: CalcPi
Parameters: int n
Description: This function returns a double and estimates the value of Pi using numerical methods."
"double CalcPi(int n);
int main(int argc, char **argv)
{
    int n = 150000000;
    const double fPi25DT = 3.141592653589793238462643;
    double fPi;
    double fTimeStart, fTimeEnd;
    
#ifdef READ_INPUT  
    printf(""Enter the number of intervals: "");
    scanf(""%d"",&n);
#endif

    if (n <= 0 || n > 2147483647 ) 
    {
        printf(""\ngiven value has to be between 0 and 2147483647\n"");
        return 1;
    }
    fTimeStart = omp_get_wtime();

    /* the calculation is done here*/
    fPi = CalcPi(n);

    fTimeEnd = omp_get_wtime();
    printf(""\npi is approximately = %.20f \nError               = %.20f\n"",
           fPi, fabs(fPi - fPi25DT));
    printf(""  wall clock time     = %.20f\n"", fTimeEnd - fTimeStart);

    return 0;
}","Function Name: main
Parameters: int argc, char **argv
Description: This function returns a int and uses OpenMP for managing threads and parallel sections; displays output to the console; reads input from standard input; estimates the value of Pi using numerical methods; serves as the main entry point for program execution."
"double f(double a)
{
    return (4.0 / (1.0 + a*a));
}","Function Name: f
Parameters: double a
Description: This function returns a double and executes a general set of operations."
"double CalcPi(int n)
{
    const double fH   = 1.0 / (double) n;
    double fSum = 0.0;
    double fX;
    int i;

    #pragma omp parallel for private(fX) reduction(+:fSum)
    for (i = 0; i < n; i += 1)
    {
        fX = fH * ((double)i + 0.5);
        fSum += f(fX);
    }
    return fH * fSum;
}","Function Name: CalcPi
Parameters: int n
Description: This function returns a double and performs parallel execution using OpenMP directives; estimates the value of Pi using numerical methods."
"#include <stdio.h>
#include <math.h>
#include <stdlib.h>
void jacobi (
             int n, 
             int m, 
             double dx, 
             double dy, 
             double alpha, 
             double omega, 
             double *u, 
             double *f, 
             double tol, 
             int maxit )

{
  int i,j,k;
  double error, resid, ax, ay, b;
  double *uold;
  
  uold = (double *) malloc(sizeof(double)*n*m);
  if (!uold){
    fprintf(stderr, ""Error: cant allocate memory\n"");
    exit(1);
  }

  ax = 1.0/(dx * dx); /* X-direction coef */
  ay = 1.0/(dy*dy); /* Y_direction coef */
  b = -2.0/(dx*dx)-2.0/(dy*dy) - alpha; /* Central coeff */

  error = 10.0 * tol;


  k = 1;

  while (k <= maxit && error > tol) {

    error = 0.0;
    /* copy new solution into old */
    for (j=0; j<m; j++)
      for (i=0; i<n; i++){
        UOLD(j,i) = U(j,i);
      }

    /* compute stencil, residual and update */
    for (j=1; j<m-1; j++){
      for (i=1; i<n-1; i++){
        resid =(
                ax * (UOLD(j,i-1) + UOLD(j,i+1))
                + ay * (UOLD(j-1,i) + UOLD(j+1,i))
                + b * UOLD(j,i) - F(j,i)
                ) / b;
        
        /* update solution */
        U(j,i) = UOLD(j,i) - omega * resid;

        /* accumulate residual error */
        error =error + resid*resid;

      }
    }
    /* error check */
    k++;
    error = sqrt(error) /(n*m);

  } /* while */

  printf(""Total Number of Iterations %d\n"", k);
  printf(""Residual                   %.15g\n"", error);
}","Function Name: jacobi
Parameters: int n, int m, double dx, double dy, double alpha, double omega, double *u, double *f, double tol, int maxit
Description: This function returns a void and uses OpenMP for managing threads and parallel sections; displays output to the console; performs mathematical computations using standard math functions."
"void initialize(  
                int n,    
                int m,
                double alpha,
                double *dx,
                double *dy,
                double *u,
                double *f)
{
  int i,j,xx,yy;

  *dx = 2.0 / (n-1);
  *dy = 2.0 / (m-1);

  /* Initilize initial condition and RHS */
  for (j=0; j<m; j++){
    for (i=0; i<n; i++){
      xx = -1.0 + *dx * (i-1);
      yy = -1.0 + *dy * (j-1);
      U(j,i) = 0.0;
      F(j,i) = -alpha * (1.0 - xx*xx) * (1.0 - yy*yy)
                - 2.0 * (1.0 - xx*xx) - 2.0 * (1.0 - yy*yy);
    }
  }
}","Function Name: initialize
Parameters: int n, int m, double alpha, double *dx, double *dy, double *u, double *f
Description: This function returns a void and executes a general set of operations."
"void error_check(
                 int n,
                 int m,
                 double alpha,
                 double dx,
                 double dy,
                 double *u,
                 double *f)
{
  int i,j;
  double xx, yy, temp, error;

  dx = 2.0 / (n-1);
  dy = 2.0 / (m-1);
  error = 0.0;

  for (j=0; j<m; j++){
    for (i=0; i<n; i++){
      xx = -1.0 + dx * (i-1);
      yy = -1.0 + dy * (j-1);
      temp = U(j,i) - (1.0 - xx*xx) * (1.0 - yy*yy);
      error += temp*temp;
    }
  }

  error = sqrt(error)/(n*m);

  printf(""Solution Error : %g\n"", error);

}","Function Name: error_check
Parameters: int n, int m, double alpha, double dx, double dy, double *u, double *f
Description: This function returns a void and displays output to the console; performs mathematical computations using standard math functions."
"int main(int argc, char* argv[]){
    double *u, *f, dx, dy;
    double r1;

    /* Read info */ 
    printf(""Input n,m - grid dimension in x,y direction :\n "");
    scanf(""%d,%d"", &n, &m);
    printf(""Input alpha - Helmholts constant : \n"");
    scanf(""%lf"", &alpha);
    printf(""Input relax - Successive over-relaxation parameter:\n "");
    scanf(""%lf"", &relax);
    printf(""Input tol - error tolerance for iterrative solver:\n"");
    scanf(""%lf"", &tol);
    printf(""Input mits - Maximum iterations for solver:\n "");
    scanf(""%d"", &mits);
    printf(""-> %d, %d, %f, %f, %f, %d\n"",
           n, m, alpha, relax, tol, mits);
    
    u = (double *) malloc(n*m*sizeof(double));
    f = (double *) malloc(n*m*sizeof(double));

    if (!u || !f){
      fprintf(stderr, ""Error: Can't allocate memory\n"");
      exit(1);
    }

    /* arrays are allocated and initialzed */
    initialize(n, m, alpha, &dx, &dy, u, f);
    

    /* Solve Helmholtz eqiation */
    r1 = omp_get_wtime();

    jacobi(n, m, dx, dy, alpha, relax, u,f, tol, mits);

    r1 = omp_get_wtime() - r1;

    printf("" elapsed time : %12.6f\n"", r1);
    printf("" MFlops       : %12.6g\n"",
           mits*(m-2)*(n-2)*0.000001*13 / r1);

    error_check(n, m, alpha, dx, dy, u, f);
    
    
  return 0;
}","Function Name: main
Parameters: int argc, char* argv[]
Description: This function returns a int and uses OpenMP for managing threads and parallel sections; displays output to the console; reads input from standard input; serves as the main entry point for program execution."
"#include <stdio.h>
#include <math.h>
#include <stdlib.h>
void jacobi (
             int n, 
             int m, 
             double dx, 
             double dy, 
             double alpha, 
             double omega, 
             double *u, 
             double *f, 
             double tol, 
             int maxit )

{
  int i,j,k;
  double error, resid, ax, ay, b;
  double *uold;
  
  uold = (double *) malloc(sizeof(double)*n*m);
  if (!uold){
    fprintf(stderr, ""Error: cant allocate memory\n"");
    exit(1);
  }

  ax = 1.0/(dx * dx); /* X-direction coef */
  ay = 1.0/(dy*dy); /* Y_direction coef */
  b = -2.0/(dx*dx)-2.0/(dy*dy) - alpha; /* Central coeff */

  error = 10.0 * tol;


  k = 1;

  while (k <= maxit && error > tol) {

    error = 0.0;
    #pragma omp parallel
    {

    /* copy new solution into old */
    #pragma omp for private(i) // or collapse(2)
    for (j=0; j<m; j++)
      for (i=0; i<n; i++){
        UOLD(j,i) = U(j,i);
      }

    /* compute stencil, residual and update */
    #pragma omp for private(i, resid) reduction(+:error) // or collapse(2) instead of private(i)
    for (j=1; j<m-1; j++){
      for (i=1; i<n-1; i++){
        resid =(
                ax * (UOLD(j,i-1) + UOLD(j,i+1))
                + ay * (UOLD(j-1,i) + UOLD(j+1,i))
                + b * UOLD(j,i) - F(j,i)
                ) / b;
        
        /* update solution */
        U(j,i) = UOLD(j,i) - omega * resid;

        /* accumulate residual error */
        error =error + resid*resid;

      }
    }

    }
    /* error check */
    k++;
    error = sqrt(error) /(n*m);

  } /* while */

  printf(""Total Number of Iterations %d\n"", k);
  printf(""Residual                   %.15g\n"", error);
}","Function Name: jacobi
Parameters: int n, int m, double dx, double dy, double alpha, double omega, double *u, double *f, double tol, int maxit
Description: This function returns a void and performs parallel execution using OpenMP directives; displays output to the console; performs mathematical computations using standard math functions."
"void initialize(  
                int n,    
                int m,
                double alpha,
                double *dx,
                double *dy,
                double *u,
                double *f)
{
  int i,j,xx,yy;

  *dx = 2.0 / (n-1);
  *dy = 2.0 / (m-1);

  /* Initilize initial condition and RHS */
  #pragma omp parallel for private(i, xx, yy) // or collapse(2) instead of private(i)
  for (j=0; j<m; j++){
    for (i=0; i<n; i++){
      xx = -1.0 + *dx * (i-1);
      yy = -1.0 + *dy * (j-1);
      U(j,i) = 0.0;
      F(j,i) = -alpha * (1.0 - xx*xx) * (1.0 - yy*yy)
                - 2.0 * (1.0 - xx*xx) - 2.0 * (1.0 - yy*yy);
    }
  }
}","Function Name: initialize
Parameters: int n, int m, double alpha, double *dx, double *dy, double *u, double *f
Description: This function returns a void and performs parallel execution using OpenMP directives."
"void error_check(
                 int n,
                 int m,
                 double alpha,
                 double dx,
                 double dy,
                 double *u,
                 double *f)
{
  int i,j;
  double xx, yy, temp, error;

  dx = 2.0 / (n-1);
  dy = 2.0 / (m-1);
  error = 0.0;

  #pragma omp parallel for private(i, xx, yy, temp) reduction(+:error) // or collapse(2) instead of private(i)
  for (j=0; j<m; j++){
    for (i=0; i<n; i++){
      xx = -1.0 + dx * (i-1);
      yy = -1.0 + dy * (j-1);
      temp = U(j,i) - (1.0 - xx*xx) * (1.0 - yy*yy);
      error += temp*temp;
    }
  }

  error = sqrt(error)/(n*m);

  printf(""Solution Error : %g\n"", error);

}","Function Name: error_check
Parameters: int n, int m, double alpha, double dx, double dy, double *u, double *f
Description: This function returns a void and performs parallel execution using OpenMP directives; displays output to the console; performs mathematical computations using standard math functions."
"int main(int argc, char* argv[]){
    double *u, *f, dx, dy;
    double r1;

    /* Read info */ 
    printf(""Input n,m - grid dimension in x,y direction :\n "");
    scanf(""%d,%d"", &n, &m);
    printf(""Input alpha - Helmholts constant : \n"");
    scanf(""%lf"", &alpha);
    printf(""Input relax - Successive over-relaxation parameter:\n "");
    scanf(""%lf"", &relax);
    printf(""Input tol - error tolerance for iterrative solver:\n"");
    scanf(""%lf"", &tol);
    printf(""Input mits - Maximum iterations for solver:\n "");
    scanf(""%d"", &mits);
    printf(""-> %d, %d, %f, %f, %f, %d\n"",
           n, m, alpha, relax, tol, mits);
    
    u = (double *) malloc(n*m*sizeof(double));
    f = (double *) malloc(n*m*sizeof(double));

    if (!u || !f){
      fprintf(stderr, ""Error: Can't allocate memory\n"");
      exit(1);
    }

    /* arrays are allocated and initialzed */
    initialize(n, m, alpha, &dx, &dy, u, f);
    

    /* Solve Helmholtz eqiation */
    r1 = omp_get_wtime();

    jacobi(n, m, dx, dy, alpha, relax, u,f, tol, mits);

    r1 = omp_get_wtime() - r1;

    printf("" elapsed time : %12.6f\n"", r1);
    printf("" MFlops       : %12.6g\n"",
           mits*0.000001*(m-2) / r1 *(n-2)*13 );

    error_check(n, m, alpha, dx, dy, u, f);
    
    
  return 0;
}","Function Name: main
Parameters: int argc, char* argv[]
Description: This function returns a int and uses OpenMP for managing threads and parallel sections; displays output to the console; reads input from standard input; serves as the main entry point for program execution."
"#include <omp.h>
#include <math.h>
#include <stdio.h>
#include <stdlib.h>
double do_some_computation(int i)
{
	double t = 0.0;
	int j;
	for (j = 0; j < i*i; j++)
	{
		t += sin((double)j) * cos((double)j);
	}
	return t;
}","Function Name: do_some_computation
Parameters: int i
Description: This function returns a double and uses OpenMP for managing threads and parallel sections; performs mathematical computations using standard math functions."
"int main(int argc, char* argv[])
{
	const int dimension = 500;
	int i;
	double result = 0.0;

	double t1 = omp_get_wtime();

	for (i = 0; i < dimension; i++)
	{
		result += do_some_computation(i);
	}

	double t2 = omp_get_wtime();
	printf(""Computation took %.3lf seconds.\n"", t2 - t1);
	printf(""Result is %.3lf.\n"", result);
	
	return 0;
}","Function Name: main
Parameters: int argc, char* argv[]
Description: This function returns a int and uses OpenMP for managing threads and parallel sections; displays output to the console; serves as the main entry point for program execution."
"#include <omp.h>
#include <math.h>
#include <stdio.h>
#include <stdlib.h>
double do_some_computation(int i)
{
	double t = 0.0;
	int j;
	for (j = 0; j < i*i; j++)
	{
		t += sin((double)j) * cos((double)j);
	}
	return t;
}","Function Name: do_some_computation
Parameters: int i
Description: This function returns a double and uses OpenMP for managing threads and parallel sections; performs mathematical computations using standard math functions."
"int main(int argc, char* argv[])
{
	const int dimension = 500;
	int i;
	double result = 0.0;

	double t1 = omp_get_wtime();

	#pragma omp parallel for schedule(dynamic) reduction(+:result)
	for (i = 0; i < dimension; i++)
	{
		result += do_some_computation(i);
	}

	double t2 = omp_get_wtime();
	printf(""Computation took %.3lf seconds.\n"", t2 - t1);
	printf(""Result is %.3lf.\n"", result);
	
	return 0;
}","Function Name: main
Parameters: int argc, char* argv[]
Description: This function returns a int and performs parallel execution using OpenMP directives; displays output to the console; serves as the main entry point for program execution."
"#include <omp.h>
#include <math.h>
#include <stdio.h>
#include <stdlib.h>
double func(int i)
{
	return sin((double)i) * cos((double)i);
}","Function Name: func
Parameters: int i
Description: This function returns a double and uses OpenMP for managing threads and parallel sections; performs mathematical computations using standard math functions."
"int main(int argc, char* argv[])
{
	const int dimension = 9999999;
	int i;
	double dArray[dimension];
	double dMin = 0.0, dMax = 0.0;
	
	double t1 = omp_get_wtime();

	#pragma omp parallel
	{

		#pragma omp for
		for (i = 0; i < dimension; i++)
		{
			dArray[i] = func(i);
			// compute dMin = fmin(dMin, dArray[i])
			// compute dMax = fmax(dMax, dArray[i])
		}

	} // end omp parallel
	
	double t2 = omp_get_wtime();
	printf(""Computation took %.3lf seconds.\n"", t2 - t1);
	printf(""dMin is %.3lf.\n"", dMin);
	printf(""dMax is %.3lf.\n"", dMax);
	
	return 0;
}","Function Name: main
Parameters: int argc, char* argv[]
Description: This function returns a int and performs parallel execution using OpenMP directives; displays output to the console; serves as the main entry point for program execution."
"#include <omp.h>
#include <math.h>
#include <stdio.h>
#include <stdlib.h>
double func(int i)
{
	return sin((double)i) * cos((double)i);
}","Function Name: func
Parameters: int i
Description: This function returns a double and uses OpenMP for managing threads and parallel sections; performs mathematical computations using standard math functions."
"int main(int argc, char* argv[])
{
	const int dimension = 9999999;
	int i;
	double dArray[dimension];
	double dMin = 0.0, dMax = 0.0;
	
	double t1 = omp_get_wtime();

	#pragma omp parallel
	{

		#pragma omp for reduction(min: dMin) reduction(max: dMax)
		for (i = 0; i < dimension; i++)
		{
			dArray[i] = func(i);
			dMin = fmin(dMin, dArray[i]);
			dMax = fmax(dMax, dArray[i]);
		}

	} // end omp parallel
	
	double t2 = omp_get_wtime();
	printf(""Computation took %.3lf seconds.\n"", t2 - t1);
	printf(""dMin is %.3lf.\n"", dMin);
	printf(""dMax is %.3lf.\n"", dMax);
	
	return 0;
}","Function Name: main
Parameters: int argc, char* argv[]
Description: This function returns a int and performs parallel execution using OpenMP directives; displays output to the console; serves as the main entry point for program execution."
"#include <stdio.h>
#include <omp.h>
int fib(int n)
{
  int x, y;
  if (n < 2)
    return n;

  x = fib(n - 1);

  y = fib(n - 2);

  return x+y;

}","Function Name: fib
Parameters: int n
Description: This function returns a int and uses OpenMP for managing threads and parallel sections."
"int main()
{
  int n,fibonacci;
  double starttime;
  printf(""Please insert n, to calculate fib(n): \n"");
  scanf(""%d"",&n);
  starttime=omp_get_wtime();

  fibonacci=fib(n);

  printf(""fib(%d)=%d \n"",n,fibonacci);
  printf(""calculation took %lf sec\n"",omp_get_wtime()-starttime);
  return 0;
}","Function Name: main
Parameters: None
Description: This function returns a int and uses OpenMP for managing threads and parallel sections; displays output to the console; reads input from standard input; serves as the main entry point for program execution."
"#include <stdio.h>
#include <omp.h>
int ser_fib(int n)
{
  int x, y;
  if (n < 2)
    return n;

  x = ser_fib(n - 1);

  y = ser_fib(n - 2);

  return x+y;
}","Function Name: ser_fib
Parameters: int n
Description: This function returns a int and uses OpenMP for managing threads and parallel sections."
"int fib(int n)
{
  int x, y;
  if (n < 2)
    return n;
  else if (n < 30)
    return ser_fib(n);

  #pragma omp task shared(x)
  {
    x = fib(n - 1);
  }

  #pragma omp task shared(y)
  {
    y = fib(n - 2);
  }

  #pragma omp taskwait

  return x+y;

}","Function Name: fib
Parameters: int n
Description: This function returns a int and uses OpenMP for managing threads and parallel sections."
"int main()
{
  int n,fibonacci;
  double starttime;
  printf(""Please insert n, to calculate fib(n): \n"");
  scanf(""%d"",&n);
  starttime=omp_get_wtime();

  #pragma omp parallel
  #pragma omp single
  {
    fibonacci=fib(n);
  }

  printf(""fib(%d)=%d \n"",n,fibonacci);
  printf(""calculation took %lf sec\n"",omp_get_wtime()-starttime);
  return 0;
}","Function Name: main
Parameters: None
Description: This function returns a int and performs parallel execution using OpenMP directives; displays output to the console; reads input from standard input; performs mathematical computations using standard math functions; serves as the main entry point for program execution."
"#include <omp.h>
#include <math.h>
#include <stdio.h>
#include <stdlib.h>
double do_some_computation(int i)
{
	double t = 0.0;
	int j;
	for (j = 0; j < i*i; j++)
	{
		t += sin((double)j) * cos((double)j);
	}
	return t;
}","Function Name: do_some_computation
Parameters: int i
Description: This function returns a double and uses OpenMP for managing threads and parallel sections; performs mathematical computations using standard math functions."
"int main(int argc, char* argv[])
{
	const int dimension = 500;
	int i;
	double result = 0.0;

	double t1 = omp_get_wtime();

	for (i = 0; i < dimension; i++)
	{
		result += do_some_computation(i);
	}

	double t2 = omp_get_wtime();
	printf(""Computation took %.3lf seconds.\n"", t2 - t1);
	printf(""Result is %.3lf.\n"", result);
	
	return 0;
}","Function Name: main
Parameters: int argc, char* argv[]
Description: This function returns a int and uses OpenMP for managing threads and parallel sections; displays output to the console; serves as the main entry point for program execution."
"#include <omp.h>
#include <math.h>
#include <stdio.h>
#include <stdlib.h>
double do_some_computation(int i)
{
	double t = 0.0;
	int j;
	for (j = 0; j < i*i; j++)
	{
		t += sin((double)j) * cos((double)j);
	}
	return t;
}","Function Name: do_some_computation
Parameters: int i
Description: This function returns a double and uses OpenMP for managing threads and parallel sections; performs mathematical computations using standard math functions."
"int main(int argc, char* argv[])
{
	const int dimension = 500;
	int i;
	double result = 0.0;

	double t1 = omp_get_wtime();

	#pragma omp parallel private(i)
	{

	#pragma omp single
	{

	#pragma omp taskgroup task_reduction(+:result)
	{
	for (i = 0; i < dimension; i++)
	{
		#pragma omp task in_reduction(+:result)
		{
			result += do_some_computation(i);
		} // end omp task
	}

	} // end omp single
	} // end omp taskgroup
	} // end omp parallel

	double t2 = omp_get_wtime();
	printf(""Computation took %.3lf seconds.\n"", t2 - t1);
	printf(""Result is %.3lf.\n"", result);
	
	return 0;
}","Function Name: main
Parameters: int argc, char* argv[]
Description: This function returns a int and performs parallel execution using OpenMP directives; displays output to the console; performs mathematical computations using standard math functions; serves as the main entry point for program execution."
"#include <omp.h>
#include <math.h>
#include <stdio.h>
#include <stdlib.h>
double do_some_computation(int i)
{
	double t = 0.0;
	int j;
	for (j = 0; j < i*i; j++)
	{
		t += sin((double)j) * cos((double)j);
	}
	return t;
}","Function Name: do_some_computation
Parameters: int i
Description: This function returns a double and uses OpenMP for managing threads and parallel sections; performs mathematical computations using standard math functions."
"int main(int argc, char* argv[])
{
	const int dimension = 500;
	int i;
	double result = 0.0;

	double t1 = omp_get_wtime();

	#pragma omp parallel
	{

	#pragma omp single
	{

#pragma omp taskloop reduction(+:result)
	for (i = 0; i < dimension; i++)
	{
		result += do_some_computation(i);
	}

	} // end omp single
	} // end omp parallel

	double t2 = omp_get_wtime();
	printf(""Computation took %.3lf seconds.\n"", t2 - t1);
	printf(""Result is %.3lf.\n"", result);
	
	return 0;
}","Function Name: main
Parameters: int argc, char* argv[]
Description: This function returns a int and performs parallel execution using OpenMP directives; displays output to the console; performs mathematical computations using standard math functions; serves as the main entry point for program execution."
"void init(int* array,int length){
	srand((unsigned)time(0));
	for(int i=0;i<length;i++)
		array[i]=rand()%1234 + 1;
}","Function Name: init
Parameters: int* array, int length
Description: This function returns a void and executes a general set of operations."
"void swap(int &a, int &b){
	int temp=a;
	a=b;
	b=temp;
}","Function Name: swap
Parameters: int &a, int &b
Description: This function returns a void and executes a general set of operations."
"int pivot(int* array, int first, int last){
	int p = first;
	int pivotElement = array[first];
	for(int i=first+1;i<=last;i++){
		if(array[i]<=pivotElement){
			p++;
			swap(array[i],array[p]);
		}
	}
	swap(array[p],array[first]);
	return p;
}","Function Name: pivot
Parameters: int* array, int first, int last
Description: This function returns a int and estimates the value of Pi using numerical methods."
"void quicksort(int * array, int first, int last){
	int pivotElement;
	if(first<last){
		pivotElement = pivot(array,first,last);
		quicksort(array,first,pivotElement-1);
		quicksort(array,pivotElement+1,last);
	}
}","Function Name: quicksort
Parameters: int * array, int first, int last
Description: This function returns a void and estimates the value of Pi using numerical methods."
"int main(int argc, char *argv[]){
	int length;
	int *toBeSorted;
	double t1,t2;
	if(argc < 2){
		length=6000000;
	}else{
		length=atoi(argv[1]);
	}
	toBeSorted = new int[length];

	init(toBeSorted, length);
	cout << ""Sorting an array of "" << length << "" elements."" << endl;	

	t1=omp_get_wtime();
	quicksort(toBeSorted,0,length-1);
	t2=omp_get_wtime()-t1;

	cout << ""quicksort took "" << t2 << "" sec. to complete"" << endl;
	if (!checkFn(toBeSorted, length)) {
		cout << ""validation failed!"" << endl;
	}
	delete [] toBeSorted;
}","Function Name: main
Parameters: int argc, char *argv[]
Description: This function returns a int and uses OpenMP for managing threads and parallel sections; serves as the main entry point for program execution."
"void init(int* array,int length){
	srand((unsigned)time(0));
	for(int i=0;i<length;i++)
		array[i]=rand()%1234 + 1;
}","Function Name: init
Parameters: int* array, int length
Description: This function returns a void and executes a general set of operations."
"void swap(int &a, int &b){
	int temp=a;
	a=b;
	b=temp;
}","Function Name: swap
Parameters: int &a, int &b
Description: This function returns a void and executes a general set of operations."
"int pivot(int* array, int first, int last){
	int p = first;
	int pivotElement = array[first];
	for(int i=first+1;i<=last;i++){
		if(array[i]<=pivotElement){
			p++;
			swap(array[i],array[p]);
		}
	}
	swap(array[p],array[first]);
	return p;
}","Function Name: pivot
Parameters: int* array, int first, int last
Description: This function returns a int and estimates the value of Pi using numerical methods."
"void serial_quicksort(int * array, int first, int last){
	int pivotElement;
	if(first<last){
		pivotElement = pivot(array,first,last);
		serial_quicksort(array,first,pivotElement-1);
		serial_quicksort(array,pivotElement+1,last);
	}
}","Function Name: serial_quicksort
Parameters: int * array, int first, int last
Description: This function returns a void and estimates the value of Pi using numerical methods."
"void quicksort(int * array, int first, int last){
	int pivotElement;
	if((last - first + 1) < 10000) {
		serial_quicksort(array, first, last);
	} else {
		pivotElement = pivot(array,first,last);
		#pragma omp task default(shared)
		{
			quicksort(array,first,pivotElement-1);
		}
		#pragma omp task default(shared)
		{
			quicksort(array,pivotElement+1,last);
		}
		#pragma omp taskwait
	}
}","Function Name: quicksort
Parameters: int * array, int first, int last
Description: This function returns a void and uses OpenMP for managing threads and parallel sections; estimates the value of Pi using numerical methods."
"int main(int argc, char *argv[]){
	int length;
	int *toBeSorted;
	double t1,t2;
	if(argc < 2){
		length=6000000;
	}else{
		length=atoi(argv[1]);
	}
	toBeSorted = new int[length];

	init(toBeSorted, length);
	cout << ""Sorting an array of "" << length << "" elements."" << endl;	

	t1=omp_get_wtime();
	#pragma omp parallel
	#pragma omp single
	{
		quicksort(toBeSorted,0,length-1);
	}
	t2=omp_get_wtime()-t1;

	cout << ""quicksort took "" << t2 << "" sec. to complete"" << endl;
	if (!checkFn(toBeSorted, length)) {
		cout << ""validation failed!"" << endl;
	}
	delete [] toBeSorted;
}","Function Name: main
Parameters: int argc, char *argv[]
Description: This function returns a int and performs parallel execution using OpenMP directives; performs mathematical computations using standard math functions; serves as the main entry point for program execution."
"double CalcPi(int n);
int main(int argc, char **argv)
{
    int n = 150000000;
    const double fPi25DT = 3.141592653589793238462643;
    double fPi;
    double fTimeStart, fTimeEnd;
    
#ifdef READ_INPUT  
    printf(""Enter the number of intervals: "");
    scanf(""%d"",&n);
#endif

    if (n <= 0 || n > 2147483647 ) 
    {
        printf(""\ngiven value has to be between 0 and 2147483647\n"");
        return 1;
    }
    fTimeStart = omp_get_wtime();

    /* the calculation is done here*/
    fPi = CalcPi(n);

    fTimeEnd = omp_get_wtime();
    printf(""\npi is approximately = %.20f \nError               = %.20f\n"",
           fPi, fabs(fPi - fPi25DT));
    printf(""  wall clock time     = %.20f\n"", fTimeEnd - fTimeStart);

    return 0;
}","Function Name: main
Parameters: int argc, char **argv
Description: This function returns a int and uses OpenMP for managing threads and parallel sections; displays output to the console; reads input from standard input; estimates the value of Pi using numerical methods; serves as the main entry point for program execution."
"double f(double a)
{
    return (4.0 / (1.0 + a*a));
}","Function Name: f
Parameters: double a
Description: This function returns a double and executes a general set of operations."
"double CalcPi(int n)
{
    const double fH   = 1.0 / (double) n;
    double fSum = 0.0;
    double fX;
    int i;

    for (i = 0; i < n; i += 1)
    {
        fX = fH * ((double)i + 0.5);
        fSum += f(fX);
    }
    return fH * fSum;
}","Function Name: CalcPi
Parameters: int n
Description: This function returns a double and estimates the value of Pi using numerical methods."
"double CalcPi(int n);
int main(int argc, char **argv)
{
    int n = 150000000;
    const double fPi25DT = 3.141592653589793238462643;
    double fPi;
    double fTimeStart, fTimeEnd;
    
#ifdef READ_INPUT  
    printf(""Enter the number of intervals: "");
    scanf(""%d"",&n);
#endif

    if (n <= 0 || n > 2147483647 ) 
    {
        printf(""\ngiven value has to be between 0 and 2147483647\n"");
        return 1;
    }
    fTimeStart = omp_get_wtime();

    /* the calculation is done here*/
    fPi = CalcPi(n);

    fTimeEnd = omp_get_wtime();
    printf(""\npi is approximately = %.20f \nError               = %.20f\n"",
           fPi, fabs(fPi - fPi25DT));
    printf(""  wall clock time     = %.20f\n"", fTimeEnd - fTimeStart);

    return 0;
}","Function Name: main
Parameters: int argc, char **argv
Description: This function returns a int and uses OpenMP for managing threads and parallel sections; displays output to the console; reads input from standard input; estimates the value of Pi using numerical methods; serves as the main entry point for program execution."
"double f(double a)
{
    return (4.0 / (1.0 + a*a));
}","Function Name: f
Parameters: double a
Description: This function returns a double and executes a general set of operations."
"double CalcPi(int n)
{
    const double fH   = 1.0 / (double) n;
    double fSum = 0.0;
    double fX;
    int i;

    #pragma omp simd private(fX) reduction(+:fSum)
    for (i = 0; i < n; i += 1)
    {
        fX = fH * ((double)i + 0.5);
        fSum += f(fX);
    }
    return fH * fSum;
}","Function Name: CalcPi
Parameters: int n
Description: This function returns a double and uses OpenMP for managing threads and parallel sections; estimates the value of Pi using numerical methods."
"int main(int argc, char *argv[])
{
  int thread1, thread2;
  cpu_set_t coremask1, coremask2;
  char clbuf1[7 * CPU_SETSIZE], hnbuf1[64];
  char clbuf2[7 * CPU_SETSIZE], hnbuf2[64];

  memset(clbuf1, 0, sizeof(clbuf1));
  memset(clbuf2, 0, sizeof(clbuf2));
  memset(hnbuf1, 0, sizeof(hnbuf1));
  memset(hnbuf2, 0, sizeof(hnbuf2));
  (void)gethostname(hnbuf1, sizeof(hnbuf1));
  (void)gethostname(hnbuf2, sizeof(hnbuf2));

  #pragma omp parallel private(thread1, coremask1, clbuf1) 
  {
    thread1 = omp_get_thread_num();
    (void)sched_getaffinity(0, sizeof(coremask1), &coremask1);
    cpuset_to_cstr(&coremask1, clbuf1);
    #pragma omp barrier
    printf(""Hello from level 1: thread level 1= %d, on %s. (core affinity = %s)\n"",
            thread1, hnbuf1, clbuf1);

        #pragma omp parallel private(thread2, coremask2, clbuf2)
        {
        thread2 = omp_get_thread_num();
        (void)sched_getaffinity(0, sizeof(coremask2), &coremask2);
         cpuset_to_cstr(&coremask2, clbuf2);
         #pragma omp barrier
         printf(""Hello from level 2: thread level 1=  %d, thread level 2= %d, on %s. (core affinity = %s)\n"",
                 thread1, thread2, hnbuf2, clbuf2);
        }        
  }
  return(0);
}","Function Name: main
Parameters: int argc, char *argv[]
Description: This function returns a int and performs parallel execution using OpenMP directives; displays output to the console; serves as the main entry point for program execution."
"int main(int argc, char *argv[])
{
  int rank, thread;
  cpu_set_t coremask;
  char clbuf[7 * CPU_SETSIZE], hnbuf[64];

  memset(clbuf, 0, sizeof(clbuf));
  memset(hnbuf, 0, sizeof(hnbuf));
  (void)gethostname(hnbuf, sizeof(hnbuf));
//  printf(""Hello\n"");
//  sleep(30);
  #pragma omp parallel private(thread, coremask, clbuf)
  {
    thread = omp_get_thread_num();
    (void)sched_getaffinity(0, sizeof(coremask), &coremask);
    cpuset_to_cstr(&coremask, clbuf);
    #pragma omp barrier
    printf(""Hello from thread %d, on %s. (core affinity = %s)\n"",
            thread, hnbuf, clbuf);
  }
  return(0);
}","Function Name: main
Parameters: int argc, char *argv[]
Description: This function returns a int and performs parallel execution using OpenMP directives; displays output to the console; serves as the main entry point for program execution."
"int main(int argc, char *argv[])
{
  int thread1, thread2;
  cpu_set_t coremask1, coremask2;
  char clbuf1[7 * CPU_SETSIZE], hnbuf1[64];
  char clbuf2[7 * CPU_SETSIZE], hnbuf2[64];

  memset(clbuf1, 0, sizeof(clbuf1));
  memset(clbuf2, 0, sizeof(clbuf2));
  memset(hnbuf1, 0, sizeof(hnbuf1));
  memset(hnbuf2, 0, sizeof(hnbuf2));
  (void)gethostname(hnbuf1, sizeof(hnbuf1));
  (void)gethostname(hnbuf2, sizeof(hnbuf2));

  #pragma omp parallel private(thread1, coremask1, clbuf1) 
  {
    thread1 = omp_get_thread_num();
    (void)sched_getaffinity(0, sizeof(coremask1), &coremask1);
    cpuset_to_cstr(&coremask1, clbuf1);
    #pragma omp barrier
    printf(""Hello from level 1: thread level 1= %d, on %s. (core affinity = %s)\n"",
            thread1, hnbuf1, clbuf1);

        #pragma omp parallel private(thread2, coremask2, clbuf2)
        {
        thread2 = omp_get_thread_num();
        (void)sched_getaffinity(0, sizeof(coremask2), &coremask2);
         cpuset_to_cstr(&coremask2, clbuf2);
         #pragma omp barrier
         printf(""Hello from level 2: thread level 1=  %d, thread level 2= %d, on %s. (core affinity = %s)\n"",
                 thread1, thread2, hnbuf2, clbuf2);
        }        
  }
  return(0);
}","Function Name: main
Parameters: int argc, char *argv[]
Description: This function returns a int and performs parallel execution using OpenMP directives; displays output to the console; serves as the main entry point for program execution."
"int main(int argc, char *argv[])
{
  int rank, thread;
  cpu_set_t coremask;
  char clbuf[7 * CPU_SETSIZE], hnbuf[64];

  memset(clbuf, 0, sizeof(clbuf));
  memset(hnbuf, 0, sizeof(hnbuf));
  (void)gethostname(hnbuf, sizeof(hnbuf));
//  printf(""Hello\n"");
//  sleep(30);
  #pragma omp parallel private(thread, coremask, clbuf)
  {
    thread = omp_get_thread_num();
    (void)sched_getaffinity(0, sizeof(coremask), &coremask);
    cpuset_to_cstr(&coremask, clbuf);
    #pragma omp barrier
    printf(""Hello from thread %d, on %s. (core affinity = %s)\n"",
            thread, hnbuf, clbuf);
  }
  return(0);
}","Function Name: main
Parameters: int argc, char *argv[]
Description: This function returns a int and performs parallel execution using OpenMP directives; displays output to the console; serves as the main entry point for program execution."
"extern int omp_get_num_threads();
#endif
int
main()
    {
    int			quantum, checktick();
    int			BytesPerWord;
    int			k;
    ssize_t		j;
    STREAM_TYPE		scalar;
    double		t, times[4][NTIMES];

    /* --- SETUP --- determine precision and check timing --- */

    printf(HLINE);
    printf(""STREAM version $Revision: 5.10 $\n"");
    printf(HLINE);
    BytesPerWord = sizeof(STREAM_TYPE);
    printf(""This system uses %d bytes per array element.\n"",
	BytesPerWord);

    printf(HLINE);
#ifdef N
    printf(""*****  WARNING: ******\n"");
    printf(""      It appears that you set the preprocessor variable N when compiling this code.\n"");
    printf(""      This version of the code uses the preprocesor variable STREAM_ARRAY_SIZE to control the array size\n"");
    printf(""      Reverting to default value of STREAM_ARRAY_SIZE=%llu\n"",(unsigned long long) STREAM_ARRAY_SIZE);
    printf(""*****  WARNING: ******\n"");
#endif

    printf(""Array size = %llu (elements), Offset = %d (elements)\n"" , (unsigned long long) STREAM_ARRAY_SIZE, OFFSET);
    printf(""Memory per array = %.1f MiB (= %.1f GiB).\n"", 
	BytesPerWord * ( (double) STREAM_ARRAY_SIZE / 1024.0/1024.0),
	BytesPerWord * ( (double) STREAM_ARRAY_SIZE / 1024.0/1024.0/1024.0));
    printf(""Total memory required = %.1f MiB (= %.1f GiB).\n"",
	(3.0 * BytesPerWord) * ( (double) STREAM_ARRAY_SIZE / 1024.0/1024.),
	(3.0 * BytesPerWord) * ( (double) STREAM_ARRAY_SIZE / 1024.0/1024./1024.));
    printf(""Each kernel will be executed %d times.\n"", NTIMES);
    printf("" The *best* time for each kernel (excluding the first iteration)\n""); 
    printf("" will be used to compute the reported bandwidth.\n"");

#ifdef _OPENMP
    printf(HLINE);
#pragma omp parallel 
    {
#pragma omp master
	{
	    k = omp_get_num_threads();
	    printf (""Number of Threads requested = %i\n"",k);
        }
    }
#endif

#ifdef _OPENMP
	k = 0;
#pragma omp parallel
#pragma omp atomic 
		k++;
    printf (""Number of Threads counted = %i\n"",k);
#endif

    /* Get initial value for system clock. */
    for (j=0; j<STREAM_ARRAY_SIZE; j++) {
	    a[j] = 1.0;
	    b[j] = 2.0;
	    c[j] = 0.0;
	}

    printf(HLINE);

    if  ( (quantum = checktick()) >= 1) 
	printf(""Your clock granularity/precision appears to be ""
	    ""%d microseconds.\n"", quantum);
    else {
	printf(""Your clock granularity appears to be ""
	    ""less than one microsecond.\n"");
	quantum = 1;
    }

    t = mysecond();
#pragma omp parallel for
    for (j = 0; j < STREAM_ARRAY_SIZE; j++)
		a[j] = 2.0E0 * a[j];
    t = 1.0E6 * (mysecond() - t);

    printf(""Each test below will take on the order""
	"" of %d microseconds.\n"", (int) t  );
    printf(""   (= %d clock ticks)\n"", (int) (t/quantum) );
    printf(""Increase the size of the arrays if this shows that\n"");
    printf(""you are not getting at least 20 clock ticks per test.\n"");

    printf(HLINE);

    printf(""WARNING -- The above is only a rough guideline.\n"");
    printf(""For best results, please be sure you know the\n"");
    printf(""precision of your system timer.\n"");
    printf(HLINE);
    
    /*	--- MAIN LOOP --- repeat test cases NTIMES times --- */

    scalar = 3.0;
    for (k=0; k<NTIMES; k++)
	{
	times[0][k] = mysecond();
#ifdef TUNED
        tuned_STREAM_Copy();
#else
#pragma omp parallel for
	for (j=0; j<STREAM_ARRAY_SIZE; j++)
	    c[j] = a[j];
#endif
	times[0][k] = mysecond() - times[0][k];
	
	times[1][k] = mysecond();
#ifdef TUNED
        tuned_STREAM_Scale(scalar);
#else
#pragma omp parallel for
	for (j=0; j<STREAM_ARRAY_SIZE; j++)
	    b[j] = scalar*c[j];
#endif
	times[1][k] = mysecond() - times[1][k];
	
	times[2][k] = mysecond();
#ifdef TUNED
        tuned_STREAM_Add();
#else
#pragma omp parallel for
	for (j=0; j<STREAM_ARRAY_SIZE; j++)
	    c[j] = a[j]+b[j];
#endif
	times[2][k] = mysecond() - times[2][k];
	
	times[3][k] = mysecond();
#ifdef TUNED
        tuned_STREAM_Triad(scalar);
#else
#pragma omp parallel for
	for (j=0; j<STREAM_ARRAY_SIZE; j++)
	    a[j] = b[j]+scalar*c[j];
#endif
	times[3][k] = mysecond() - times[3][k];
	}

    /*	--- SUMMARY --- */

    for (k=1; k<NTIMES; k++) /* note -- skip first iteration */
	{
	for (j=0; j<4; j++)
	    {
	    avgtime[j] = avgtime[j] + times[j][k];
	    mintime[j] = MIN(mintime[j], times[j][k]);
	    maxtime[j] = MAX(maxtime[j], times[j][k]);
	    }
	}
    
    printf(""Function    Best Rate MB/s  Avg time     Min time     Max time\n"");
    for (j=0; j<4; j++) {
		avgtime[j] = avgtime[j]/(double)(NTIMES-1);

		printf(""%s%12.1f  %11.6f  %11.6f  %11.6f\n"", label[j],
	       1.0E-06 * bytes[j]/mintime[j],
	       avgtime[j],
	       mintime[j],
	       maxtime[j]);
    }
    printf(HLINE);

    /* --- Check Results --- */
    checkSTREAMresults();
    printf(HLINE);

    return 0;
}","Function Name: main
Parameters: None
Description: This function returns a int and performs parallel execution using OpenMP directives; displays output to the console; estimates the value of Pi using numerical methods; serves as the main entry point for program execution."
"int
checktick()
    {
    int		i, minDelta, Delta;
    double	t1, t2, timesfound[M];

/*  Collect a sequence of M unique time values from the system. */

    for (i = 0; i < M; i++) {
	t1 = mysecond();
	while( ((t2=mysecond()) - t1) < 1.0E-6 )
	    ;
	timesfound[i] = t1 = t2;
	}

/*
 * Determine the minimum difference between these M values.
 * This result will be our estimate (in microseconds) for the
 * clock granularity.
 */

    minDelta = 1000000;
    for (i = 1; i < M; i++) {
	Delta = (int)( 1.0E6 * (timesfound[i]-timesfound[i-1]));
	minDelta = MIN(minDelta, MAX(Delta,0));
	}

   return(minDelta);
    }","Function Name: checktick
Parameters: None
Description: This function returns a int and executes a general set of operations."
"#include <sys/time.h>
double mysecond()
{
        struct timeval tp;
        struct timezone tzp;
        int i;

        i = gettimeofday(&tp,&tzp);
        return ( (double) tp.tv_sec + (double) tp.tv_usec * 1.e-6 );
}","Function Name: mysecond
Parameters: None
Description: This function returns a double and executes a general set of operations."
"#define abs(a) ((a) >= 0 ? (a) : -(a))
#endif
void checkSTREAMresults ()
{
	STREAM_TYPE aj,bj,cj,scalar;
	STREAM_TYPE aSumErr,bSumErr,cSumErr;
	STREAM_TYPE aAvgErr,bAvgErr,cAvgErr;
	double epsilon;
	ssize_t	j;
	int	k,ierr,err;

    /* reproduce initialization */
	aj = 1.0;
	bj = 2.0;
	cj = 0.0;
    /* a[] is modified during timing check */
	aj = 2.0E0 * aj;
    /* now execute timing loop */
	scalar = 3.0;
	for (k=0; k<NTIMES; k++)
        {
            cj = aj;
            bj = scalar*cj;
            cj = aj+bj;
            aj = bj+scalar*cj;
        }

    /* accumulate deltas between observed and expected results */
	aSumErr = 0.0;
	bSumErr = 0.0;
	cSumErr = 0.0;
	for (j=0; j<STREAM_ARRAY_SIZE; j++) {
		aSumErr += abs(a[j] - aj);
		bSumErr += abs(b[j] - bj);
		cSumErr += abs(c[j] - cj);
		// if (j == 417) printf(""Index 417: c[j]: %f, cj: %f\n"",c[j],cj);	// MCCALPIN
	}
	aAvgErr = aSumErr / (STREAM_TYPE) STREAM_ARRAY_SIZE;
	bAvgErr = bSumErr / (STREAM_TYPE) STREAM_ARRAY_SIZE;
	cAvgErr = cSumErr / (STREAM_TYPE) STREAM_ARRAY_SIZE;

	if (sizeof(STREAM_TYPE) == 4) {
		epsilon = 1.e-6;
	}
	else if (sizeof(STREAM_TYPE) == 8) {
		epsilon = 1.e-13;
	}
	else {
		printf(""WEIRD: sizeof(STREAM_TYPE) = %lu\n"",sizeof(STREAM_TYPE));
		epsilon = 1.e-6;
	}

	err = 0;
	if (abs(aAvgErr/aj) > epsilon) {
		err++;
		printf (""Failed Validation on array a[], AvgRelAbsErr > epsilon (%e)\n"",epsilon);
		printf (""     Expected Value: %e, AvgAbsErr: %e, AvgRelAbsErr: %e\n"",aj,aAvgErr,abs(aAvgErr)/aj);
		ierr = 0;
		for (j=0; j<STREAM_ARRAY_SIZE; j++) {
			if (abs(a[j]/aj-1.0) > epsilon) {
				ierr++;
#ifdef VERBOSE
				if (ierr < 10) {
					printf(""         array a: index: %ld, expected: %e, observed: %e, relative error: %e\n"",
						j,aj,a[j],abs((aj-a[j])/aAvgErr));
				}
#endif
			}
		}
		printf(""     For array a[], %d errors were found.\n"",ierr);
	}
	if (abs(bAvgErr/bj) > epsilon) {
		err++;
		printf (""Failed Validation on array b[], AvgRelAbsErr > epsilon (%e)\n"",epsilon);
		printf (""     Expected Value: %e, AvgAbsErr: %e, AvgRelAbsErr: %e\n"",bj,bAvgErr,abs(bAvgErr)/bj);
		printf (""     AvgRelAbsErr > Epsilon (%e)\n"",epsilon);
		ierr = 0;
		for (j=0; j<STREAM_ARRAY_SIZE; j++) {
			if (abs(b[j]/bj-1.0) > epsilon) {
				ierr++;
#ifdef VERBOSE
				if (ierr < 10) {
					printf(""         array b: index: %ld, expected: %e, observed: %e, relative error: %e\n"",
						j,bj,b[j],abs((bj-b[j])/bAvgErr));
				}
#endif
			}
		}
		printf(""     For array b[], %d errors were found.\n"",ierr);
	}
	if (abs(cAvgErr/cj) > epsilon) {
		err++;
		printf (""Failed Validation on array c[], AvgRelAbsErr > epsilon (%e)\n"",epsilon);
		printf (""     Expected Value: %e, AvgAbsErr: %e, AvgRelAbsErr: %e\n"",cj,cAvgErr,abs(cAvgErr)/cj);
		printf (""     AvgRelAbsErr > Epsilon (%e)\n"",epsilon);
		ierr = 0;
		for (j=0; j<STREAM_ARRAY_SIZE; j++) {
			if (abs(c[j]/cj-1.0) > epsilon) {
				ierr++;
#ifdef VERBOSE
				if (ierr < 10) {
					printf(""         array c: index: %ld, expected: %e, observed: %e, relative error: %e\n"",
						j,cj,c[j],abs((cj-c[j])/cAvgErr));
				}
#endif
			}
		}
		printf(""     For array c[], %d errors were found.\n"",ierr);
	}
	if (err == 0) {
		printf (""Solution Validates: avg error less than %e on all three arrays\n"",epsilon);
	}
#ifdef VERBOSE
	printf (""Results Validation Verbose Results: \n"");
	printf (""    Expected a(1), b(1), c(1): %f %f %f \n"",aj,bj,cj);
	printf (""    Observed a(1), b(1), c(1): %f %f %f \n"",a[1],b[1],c[1]);
	printf (""    Rel Errors on a, b, c:     %e %e %e \n"",abs(aAvgErr/aj),abs(bAvgErr/bj),abs(cAvgErr/cj));
#endif
}","Function Name: checkSTREAMresults
Parameters: None
Description: This function returns a void and displays output to the console; performs mathematical computations using standard math functions; estimates the value of Pi using numerical methods."
"void tuned_STREAM_Copy()
{
	ssize_t j;
#pragma omp parallel for
        for (j=0; j<STREAM_ARRAY_SIZE; j++)
            c[j] = a[j];
}","Function Name: tuned_STREAM_Copy
Parameters: None
Description: This function returns a void and performs parallel execution using OpenMP directives."
"void tuned_STREAM_Scale(STREAM_TYPE scalar)
{
	ssize_t j;
#pragma omp parallel for
	for (j=0; j<STREAM_ARRAY_SIZE; j++)
	    b[j] = scalar*c[j];
}","Function Name: tuned_STREAM_Scale
Parameters: STREAM_TYPE scalar
Description: This function returns a void and performs parallel execution using OpenMP directives."
"void tuned_STREAM_Add()
{
	ssize_t j;
#pragma omp parallel for
	for (j=0; j<STREAM_ARRAY_SIZE; j++)
	    c[j] = a[j]+b[j];
}","Function Name: tuned_STREAM_Add
Parameters: None
Description: This function returns a void and performs parallel execution using OpenMP directives."
"void tuned_STREAM_Triad(STREAM_TYPE scalar)
{
	ssize_t j;
#pragma omp parallel for
	for (j=0; j<STREAM_ARRAY_SIZE; j++)
	    a[j] = b[j]+scalar*c[j];
}","Function Name: tuned_STREAM_Triad
Parameters: STREAM_TYPE scalar
Description: This function returns a void and performs parallel execution using OpenMP directives."
"extern int omp_get_num_threads();
#endif
int
main()
    {
    int			quantum, checktick();
    int			BytesPerWord;
    int			k;
    ssize_t		j;
    STREAM_TYPE		scalar;
    double		t, times[4][NTIMES];

    /* --- SETUP --- determine precision and check timing --- */

    printf(HLINE);
    printf(""STREAM version $Revision: 5.10 $\n"");
    printf(HLINE);
    BytesPerWord = sizeof(STREAM_TYPE);
    printf(""This system uses %d bytes per array element.\n"",
	BytesPerWord);

    printf(HLINE);
#ifdef N
    printf(""*****  WARNING: ******\n"");
    printf(""      It appears that you set the preprocessor variable N when compiling this code.\n"");
    printf(""      This version of the code uses the preprocesor variable STREAM_ARRAY_SIZE to control the array size\n"");
    printf(""      Reverting to default value of STREAM_ARRAY_SIZE=%llu\n"",(unsigned long long) STREAM_ARRAY_SIZE);
    printf(""*****  WARNING: ******\n"");
#endif

    printf(""Array size = %llu (elements), Offset = %d (elements)\n"" , (unsigned long long) STREAM_ARRAY_SIZE, OFFSET);
    printf(""Memory per array = %.1f MiB (= %.1f GiB).\n"", 
	BytesPerWord * ( (double) STREAM_ARRAY_SIZE / 1024.0/1024.0),
	BytesPerWord * ( (double) STREAM_ARRAY_SIZE / 1024.0/1024.0/1024.0));
    printf(""Total memory required = %.1f MiB (= %.1f GiB).\n"",
	(3.0 * BytesPerWord) * ( (double) STREAM_ARRAY_SIZE / 1024.0/1024.),
	(3.0 * BytesPerWord) * ( (double) STREAM_ARRAY_SIZE / 1024.0/1024./1024.));
    printf(""Each kernel will be executed %d times.\n"", NTIMES);
    printf("" The *best* time for each kernel (excluding the first iteration)\n""); 
    printf("" will be used to compute the reported bandwidth.\n"");

#ifdef _OPENMP
    printf(HLINE);
#pragma omp parallel 
    {
#pragma omp master
	{
	    k = omp_get_num_threads();
	    printf (""Number of Threads requested = %i\n"",k);
        }
    }
#endif

#ifdef _OPENMP
	k = 0;
#pragma omp parallel
#pragma omp atomic 
		k++;
    printf (""Number of Threads counted = %i\n"",k);
#endif

    /* Get initial value for system clock. */
#pragma omp parallel for
    for (j=0; j<STREAM_ARRAY_SIZE; j++) {
	    a[j] = 1.0;
	    b[j] = 2.0;
	    c[j] = 0.0;
	}

    printf(HLINE);

    if  ( (quantum = checktick()) >= 1) 
	printf(""Your clock granularity/precision appears to be ""
	    ""%d microseconds.\n"", quantum);
    else {
	printf(""Your clock granularity appears to be ""
	    ""less than one microsecond.\n"");
	quantum = 1;
    }

    t = mysecond();
#pragma omp parallel for
    for (j = 0; j < STREAM_ARRAY_SIZE; j++)
		a[j] = 2.0E0 * a[j];
    t = 1.0E6 * (mysecond() - t);

    printf(""Each test below will take on the order""
	"" of %d microseconds.\n"", (int) t  );
    printf(""   (= %d clock ticks)\n"", (int) (t/quantum) );
    printf(""Increase the size of the arrays if this shows that\n"");
    printf(""you are not getting at least 20 clock ticks per test.\n"");

    printf(HLINE);

    printf(""WARNING -- The above is only a rough guideline.\n"");
    printf(""For best results, please be sure you know the\n"");
    printf(""precision of your system timer.\n"");
    printf(HLINE);
    
    /*	--- MAIN LOOP --- repeat test cases NTIMES times --- */

    scalar = 3.0;
    for (k=0; k<NTIMES; k++)
	{
	times[0][k] = mysecond();
#ifdef TUNED
        tuned_STREAM_Copy();
#else
#pragma omp parallel for
	for (j=0; j<STREAM_ARRAY_SIZE; j++)
	    c[j] = a[j];
#endif
	times[0][k] = mysecond() - times[0][k];
	
	times[1][k] = mysecond();
#ifdef TUNED
        tuned_STREAM_Scale(scalar);
#else
#pragma omp parallel for
	for (j=0; j<STREAM_ARRAY_SIZE; j++)
	    b[j] = scalar*c[j];
#endif
	times[1][k] = mysecond() - times[1][k];
	
	times[2][k] = mysecond();
#ifdef TUNED
        tuned_STREAM_Add();
#else
#pragma omp parallel for
	for (j=0; j<STREAM_ARRAY_SIZE; j++)
	    c[j] = a[j]+b[j];
#endif
	times[2][k] = mysecond() - times[2][k];
	
	times[3][k] = mysecond();
#ifdef TUNED
        tuned_STREAM_Triad(scalar);
#else
#pragma omp parallel for
	for (j=0; j<STREAM_ARRAY_SIZE; j++)
	    a[j] = b[j]+scalar*c[j];
#endif
	times[3][k] = mysecond() - times[3][k];
	}

    /*	--- SUMMARY --- */

    for (k=1; k<NTIMES; k++) /* note -- skip first iteration */
	{
	for (j=0; j<4; j++)
	    {
	    avgtime[j] = avgtime[j] + times[j][k];
	    mintime[j] = MIN(mintime[j], times[j][k]);
	    maxtime[j] = MAX(maxtime[j], times[j][k]);
	    }
	}
    
    printf(""Function    Best Rate MB/s  Avg time     Min time     Max time\n"");
    for (j=0; j<4; j++) {
		avgtime[j] = avgtime[j]/(double)(NTIMES-1);

		printf(""%s%12.1f  %11.6f  %11.6f  %11.6f\n"", label[j],
	       1.0E-06 * bytes[j]/mintime[j],
	       avgtime[j],
	       mintime[j],
	       maxtime[j]);
    }
    printf(HLINE);

    /* --- Check Results --- */
    checkSTREAMresults();
    printf(HLINE);

    return 0;
}","Function Name: main
Parameters: None
Description: This function returns a int and performs parallel execution using OpenMP directives; displays output to the console; estimates the value of Pi using numerical methods; serves as the main entry point for program execution."
"int
checktick()
    {
    int		i, minDelta, Delta;
    double	t1, t2, timesfound[M];

/*  Collect a sequence of M unique time values from the system. */

    for (i = 0; i < M; i++) {
	t1 = mysecond();
	while( ((t2=mysecond()) - t1) < 1.0E-6 )
	    ;
	timesfound[i] = t1 = t2;
	}

/*
 * Determine the minimum difference between these M values.
 * This result will be our estimate (in microseconds) for the
 * clock granularity.
 */

    minDelta = 1000000;
    for (i = 1; i < M; i++) {
	Delta = (int)( 1.0E6 * (timesfound[i]-timesfound[i-1]));
	minDelta = MIN(minDelta, MAX(Delta,0));
	}

   return(minDelta);
    }","Function Name: checktick
Parameters: None
Description: This function returns a int and executes a general set of operations."
"#include <sys/time.h>
double mysecond()
{
        struct timeval tp;
        struct timezone tzp;
        int i;

        i = gettimeofday(&tp,&tzp);
        return ( (double) tp.tv_sec + (double) tp.tv_usec * 1.e-6 );
}","Function Name: mysecond
Parameters: None
Description: This function returns a double and executes a general set of operations."
"#define abs(a) ((a) >= 0 ? (a) : -(a))
#endif
void checkSTREAMresults ()
{
	STREAM_TYPE aj,bj,cj,scalar;
	STREAM_TYPE aSumErr,bSumErr,cSumErr;
	STREAM_TYPE aAvgErr,bAvgErr,cAvgErr;
	double epsilon;
	ssize_t	j;
	int	k,ierr,err;

    /* reproduce initialization */
	aj = 1.0;
	bj = 2.0;
	cj = 0.0;
    /* a[] is modified during timing check */
	aj = 2.0E0 * aj;
    /* now execute timing loop */
	scalar = 3.0;
	for (k=0; k<NTIMES; k++)
        {
            cj = aj;
            bj = scalar*cj;
            cj = aj+bj;
            aj = bj+scalar*cj;
        }

    /* accumulate deltas between observed and expected results */
	aSumErr = 0.0;
	bSumErr = 0.0;
	cSumErr = 0.0;
	for (j=0; j<STREAM_ARRAY_SIZE; j++) {
		aSumErr += abs(a[j] - aj);
		bSumErr += abs(b[j] - bj);
		cSumErr += abs(c[j] - cj);
		// if (j == 417) printf(""Index 417: c[j]: %f, cj: %f\n"",c[j],cj);	// MCCALPIN
	}
	aAvgErr = aSumErr / (STREAM_TYPE) STREAM_ARRAY_SIZE;
	bAvgErr = bSumErr / (STREAM_TYPE) STREAM_ARRAY_SIZE;
	cAvgErr = cSumErr / (STREAM_TYPE) STREAM_ARRAY_SIZE;

	if (sizeof(STREAM_TYPE) == 4) {
		epsilon = 1.e-6;
	}
	else if (sizeof(STREAM_TYPE) == 8) {
		epsilon = 1.e-13;
	}
	else {
		printf(""WEIRD: sizeof(STREAM_TYPE) = %lu\n"",sizeof(STREAM_TYPE));
		epsilon = 1.e-6;
	}

	err = 0;
	if (abs(aAvgErr/aj) > epsilon) {
		err++;
		printf (""Failed Validation on array a[], AvgRelAbsErr > epsilon (%e)\n"",epsilon);
		printf (""     Expected Value: %e, AvgAbsErr: %e, AvgRelAbsErr: %e\n"",aj,aAvgErr,abs(aAvgErr)/aj);
		ierr = 0;
		for (j=0; j<STREAM_ARRAY_SIZE; j++) {
			if (abs(a[j]/aj-1.0) > epsilon) {
				ierr++;
#ifdef VERBOSE
				if (ierr < 10) {
					printf(""         array a: index: %ld, expected: %e, observed: %e, relative error: %e\n"",
						j,aj,a[j],abs((aj-a[j])/aAvgErr));
				}
#endif
			}
		}
		printf(""     For array a[], %d errors were found.\n"",ierr);
	}
	if (abs(bAvgErr/bj) > epsilon) {
		err++;
		printf (""Failed Validation on array b[], AvgRelAbsErr > epsilon (%e)\n"",epsilon);
		printf (""     Expected Value: %e, AvgAbsErr: %e, AvgRelAbsErr: %e\n"",bj,bAvgErr,abs(bAvgErr)/bj);
		printf (""     AvgRelAbsErr > Epsilon (%e)\n"",epsilon);
		ierr = 0;
		for (j=0; j<STREAM_ARRAY_SIZE; j++) {
			if (abs(b[j]/bj-1.0) > epsilon) {
				ierr++;
#ifdef VERBOSE
				if (ierr < 10) {
					printf(""         array b: index: %ld, expected: %e, observed: %e, relative error: %e\n"",
						j,bj,b[j],abs((bj-b[j])/bAvgErr));
				}
#endif
			}
		}
		printf(""     For array b[], %d errors were found.\n"",ierr);
	}
	if (abs(cAvgErr/cj) > epsilon) {
		err++;
		printf (""Failed Validation on array c[], AvgRelAbsErr > epsilon (%e)\n"",epsilon);
		printf (""     Expected Value: %e, AvgAbsErr: %e, AvgRelAbsErr: %e\n"",cj,cAvgErr,abs(cAvgErr)/cj);
		printf (""     AvgRelAbsErr > Epsilon (%e)\n"",epsilon);
		ierr = 0;
		for (j=0; j<STREAM_ARRAY_SIZE; j++) {
			if (abs(c[j]/cj-1.0) > epsilon) {
				ierr++;
#ifdef VERBOSE
				if (ierr < 10) {
					printf(""         array c: index: %ld, expected: %e, observed: %e, relative error: %e\n"",
						j,cj,c[j],abs((cj-c[j])/cAvgErr));
				}
#endif
			}
		}
		printf(""     For array c[], %d errors were found.\n"",ierr);
	}
	if (err == 0) {
		printf (""Solution Validates: avg error less than %e on all three arrays\n"",epsilon);
	}
#ifdef VERBOSE
	printf (""Results Validation Verbose Results: \n"");
	printf (""    Expected a(1), b(1), c(1): %f %f %f \n"",aj,bj,cj);
	printf (""    Observed a(1), b(1), c(1): %f %f %f \n"",a[1],b[1],c[1]);
	printf (""    Rel Errors on a, b, c:     %e %e %e \n"",abs(aAvgErr/aj),abs(bAvgErr/bj),abs(cAvgErr/cj));
#endif
}","Function Name: checkSTREAMresults
Parameters: None
Description: This function returns a void and displays output to the console; performs mathematical computations using standard math functions; estimates the value of Pi using numerical methods."
"void tuned_STREAM_Copy()
{
	ssize_t j;
#pragma omp parallel for
        for (j=0; j<STREAM_ARRAY_SIZE; j++)
            c[j] = a[j];
}","Function Name: tuned_STREAM_Copy
Parameters: None
Description: This function returns a void and performs parallel execution using OpenMP directives."
"void tuned_STREAM_Scale(STREAM_TYPE scalar)
{
	ssize_t j;
#pragma omp parallel for
	for (j=0; j<STREAM_ARRAY_SIZE; j++)
	    b[j] = scalar*c[j];
}","Function Name: tuned_STREAM_Scale
Parameters: STREAM_TYPE scalar
Description: This function returns a void and performs parallel execution using OpenMP directives."
"void tuned_STREAM_Add()
{
	ssize_t j;
#pragma omp parallel for
	for (j=0; j<STREAM_ARRAY_SIZE; j++)
	    c[j] = a[j]+b[j];
}","Function Name: tuned_STREAM_Add
Parameters: None
Description: This function returns a void and performs parallel execution using OpenMP directives."
"void tuned_STREAM_Triad(STREAM_TYPE scalar)
{
	ssize_t j;
#pragma omp parallel for
	for (j=0; j<STREAM_ARRAY_SIZE; j++)
	    a[j] = b[j]+scalar*c[j];
}","Function Name: tuned_STREAM_Triad
Parameters: STREAM_TYPE scalar
Description: This function returns a void and performs parallel execution using OpenMP directives."
"#include <stdio.h>
#include <math.h>
#include <stdlib.h>
void jacobi (
             int n, 
             int m, 
             double dx, 
             double dy, 
             double alpha, 
             double omega, 
             double *u, 
             double *f, 
             double tol, 
             int maxit )

{
  int i,j,k;
  double error, resid, ax, ay, b;
  double *uold;
  
  uold = (double *) malloc(sizeof(double)*n*m);
  if (!uold){
    fprintf(stderr, ""Error: cant allocate memory\n"");
    exit(1);
  }

  ax = 1.0/(dx * dx); /* X-direction coef */
  ay = 1.0/(dy*dy); /* Y_direction coef */
  b = -2.0/(dx*dx)-2.0/(dy*dy) - alpha; /* Central coeff */

  error = 10.0 * tol;


  k = 1;

  while (k <= maxit && error > tol) {

    error = 0.0;
    /* copy new solution into old */
    for (j=0; j<m; j++)
      for (i=0; i<n; i++){
        UOLD(j,i) = U(j,i);
      }

    /* compute stencil, residual and update */
    for (j=1; j<m-1; j++){
      for (i=1; i<n-1; i++){
        resid =(
                ax * (UOLD(j,i-1) + UOLD(j,i+1))
                + ay * (UOLD(j-1,i) + UOLD(j+1,i))
                + b * UOLD(j,i) - F(j,i)
                ) / b;
        
        /* update solution */
        U(j,i) = UOLD(j,i) - omega * resid;

        /* accumulate residual error */
        error =error + resid*resid;

      }
    }
    /* error check */
    k++;
    error = sqrt(error) /(n*m);

  } /* while */

  printf(""Total Number of Iterations %d\n"", k);
  printf(""Residual                   %.15g\n"", error);
}","Function Name: jacobi
Parameters: int n, int m, double dx, double dy, double alpha, double omega, double *u, double *f, double tol, int maxit
Description: This function returns a void and uses OpenMP for managing threads and parallel sections; displays output to the console; performs mathematical computations using standard math functions."
"void initialize(  
                int n,    
                int m,
                double alpha,
                double *dx,
                double *dy,
                double *u,
                double *f)
{
  int i,j,xx,yy;

  *dx = 2.0 / (n-1);
  *dy = 2.0 / (m-1);

  /* Initilize initial condition and RHS */
  for (j=0; j<m; j++){
    for (i=0; i<n; i++){
      xx = -1.0 + *dx * (i-1);
      yy = -1.0 + *dy * (j-1);
      U(j,i) = 0.0;
      F(j,i) = -alpha * (1.0 - xx*xx) * (1.0 - yy*yy)
                - 2.0 * (1.0 - xx*xx) - 2.0 * (1.0 - yy*yy);
    }
  }
}","Function Name: initialize
Parameters: int n, int m, double alpha, double *dx, double *dy, double *u, double *f
Description: This function returns a void and executes a general set of operations."
"void error_check(
                 int n,
                 int m,
                 double alpha,
                 double dx,
                 double dy,
                 double *u,
                 double *f)
{
  int i,j;
  double xx, yy, temp, error;

  dx = 2.0 / (n-1);
  dy = 2.0 / (m-1);
  error = 0.0;

  for (j=0; j<m; j++){
    for (i=0; i<n; i++){
      xx = -1.0 + dx * (i-1);
      yy = -1.0 + dy * (j-1);
      temp = U(j,i) - (1.0 - xx*xx) * (1.0 - yy*yy);
      error += temp*temp;
    }
  }

  error = sqrt(error)/(n*m);

  printf(""Solution Error : %g\n"", error);

}","Function Name: error_check
Parameters: int n, int m, double alpha, double dx, double dy, double *u, double *f
Description: This function returns a void and displays output to the console; performs mathematical computations using standard math functions."
"int main(int argc, char* argv[]){
    double *u, *f, dx, dy;
    double r1;

    /* Read info */ 
    printf(""Input n,m - grid dimension in x,y direction :\n "");
    scanf(""%d,%d"", &n, &m);
    printf(""Input alpha - Helmholts constant : \n"");
    scanf(""%lf"", &alpha);
    printf(""Input relax - Successive over-relaxation parameter:\n "");
    scanf(""%lf"", &relax);
    printf(""Input tol - error tolerance for iterrative solver:\n"");
    scanf(""%lf"", &tol);
    printf(""Input mits - Maximum iterations for solver:\n "");
    scanf(""%d"", &mits);
    printf(""-> %d, %d, %f, %f, %f, %d\n"",
           n, m, alpha, relax, tol, mits);
    
    u = (double *) malloc(n*m*sizeof(double));
    f = (double *) malloc(n*m*sizeof(double));

    if (!u || !f){
      fprintf(stderr, ""Error: Can't allocate memory\n"");
      exit(1);
    }

    /* arrays are allocated and initialzed */
    initialize(n, m, alpha, &dx, &dy, u, f);
    

    /* Solve Helmholtz eqiation */
    r1 = omp_get_wtime();

    jacobi(n, m, dx, dy, alpha, relax, u,f, tol, mits);

    r1 = omp_get_wtime() - r1;

    printf("" elapsed time : %12.6f\n"", r1);
    printf("" MFlops       : %12.6g\n"",
           mits*(m-2)*(n-2)*0.000001*13 / r1);

    error_check(n, m, alpha, dx, dy, u, f);
    
    
  return 0;
}","Function Name: main
Parameters: int argc, char* argv[]
Description: This function returns a int and uses OpenMP for managing threads and parallel sections; displays output to the console; reads input from standard input; serves as the main entry point for program execution."
"#include <stdio.h>
#include <math.h>
#include <stdlib.h>
void jacobi (
             int n, 
             int m, 
             double dx, 
             double dy, 
             double alpha, 
             double omega, 
             double *u, 
             double *f, 
             double tol, 
             int maxit )

{
  int i,j,k;
  double error, resid, ax, ay, b;
  double *uold;
  
  uold = (double *) malloc(sizeof(double)*n*m);
  if (!uold){
    fprintf(stderr, ""Error: cant allocate memory\n"");
    exit(1);
  }

  ax = 1.0/(dx * dx); /* X-direction coef */
  ay = 1.0/(dy*dy); /* Y_direction coef */
  b = -2.0/(dx*dx)-2.0/(dy*dy) - alpha; /* Central coeff */

  error = 10.0 * tol;


  k = 1;

  while (k <= maxit && error > tol) {

    error = 0.0;
    #pragma omp parallel
    {

    /* copy new solution into old */
    #pragma omp for private(i) // or collapse(2)
    for (j=0; j<m; j++)
      for (i=0; i<n; i++){
        UOLD(j,i) = U(j,i);
      }

    /* compute stencil, residual and update */
    #pragma omp for private(i, resid) reduction(+:error) // or collapse(2) instead of private(i)
    for (j=1; j<m-1; j++){
      for (i=1; i<n-1; i++){
        resid =(
                ax * (UOLD(j,i-1) + UOLD(j,i+1))
                + ay * (UOLD(j-1,i) + UOLD(j+1,i))
                + b * UOLD(j,i) - F(j,i)
                ) / b;
        
        /* update solution */
        U(j,i) = UOLD(j,i) - omega * resid;

        /* accumulate residual error */
        error =error + resid*resid;

      }
    }

    }
    /* error check */
    k++;
    error = sqrt(error) /(n*m);

  } /* while */

  printf(""Total Number of Iterations %d\n"", k);
  printf(""Residual                   %.15g\n"", error);
}","Function Name: jacobi
Parameters: int n, int m, double dx, double dy, double alpha, double omega, double *u, double *f, double tol, int maxit
Description: This function returns a void and performs parallel execution using OpenMP directives; displays output to the console; performs mathematical computations using standard math functions."
"void initialize(  
                int n,    
                int m,
                double alpha,
                double *dx,
                double *dy,
                double *u,
                double *f)
{
  int i,j,xx,yy;

  *dx = 2.0 / (n-1);
  *dy = 2.0 / (m-1);

  /* Initilize initial condition and RHS */
  #pragma omp parallel for private(i, xx, yy) // or collapse(2) instead of private(i)
  for (j=0; j<m; j++){
    for (i=0; i<n; i++){
      xx = -1.0 + *dx * (i-1);
      yy = -1.0 + *dy * (j-1);
      U(j,i) = 0.0;
      F(j,i) = -alpha * (1.0 - xx*xx) * (1.0 - yy*yy)
                - 2.0 * (1.0 - xx*xx) - 2.0 * (1.0 - yy*yy);
    }
  }
}","Function Name: initialize
Parameters: int n, int m, double alpha, double *dx, double *dy, double *u, double *f
Description: This function returns a void and performs parallel execution using OpenMP directives."
"void error_check(
                 int n,
                 int m,
                 double alpha,
                 double dx,
                 double dy,
                 double *u,
                 double *f)
{
  int i,j;
  double xx, yy, temp, error;

  dx = 2.0 / (n-1);
  dy = 2.0 / (m-1);
  error = 0.0;

  #pragma omp parallel for private(i, xx, yy, temp) reduction(+:error) // or collapse(2) instead of private(i)
  for (j=0; j<m; j++){
    for (i=0; i<n; i++){
      xx = -1.0 + dx * (i-1);
      yy = -1.0 + dy * (j-1);
      temp = U(j,i) - (1.0 - xx*xx) * (1.0 - yy*yy);
      error += temp*temp;
    }
  }

  error = sqrt(error)/(n*m);

  printf(""Solution Error : %g\n"", error);

}","Function Name: error_check
Parameters: int n, int m, double alpha, double dx, double dy, double *u, double *f
Description: This function returns a void and performs parallel execution using OpenMP directives; displays output to the console; performs mathematical computations using standard math functions."
"int main(int argc, char* argv[]){
    double *u, *f, dx, dy;
    double r1;

    /* Read info */ 
    printf(""Input n,m - grid dimension in x,y direction :\n "");
    scanf(""%d,%d"", &n, &m);
    printf(""Input alpha - Helmholts constant : \n"");
    scanf(""%lf"", &alpha);
    printf(""Input relax - Successive over-relaxation parameter:\n "");
    scanf(""%lf"", &relax);
    printf(""Input tol - error tolerance for iterrative solver:\n"");
    scanf(""%lf"", &tol);
    printf(""Input mits - Maximum iterations for solver:\n "");
    scanf(""%d"", &mits);
    printf(""-> %d, %d, %f, %f, %f, %d\n"",
           n, m, alpha, relax, tol, mits);
    
    u = (double *) malloc(n*m*sizeof(double));
    f = (double *) malloc(n*m*sizeof(double));

    if (!u || !f){
      fprintf(stderr, ""Error: Can't allocate memory\n"");
      exit(1);
    }

    /* arrays are allocated and initialzed */
    initialize(n, m, alpha, &dx, &dy, u, f);
    

    /* Solve Helmholtz eqiation */
    r1 = omp_get_wtime();

    jacobi(n, m, dx, dy, alpha, relax, u,f, tol, mits);

    r1 = omp_get_wtime() - r1;

    printf("" elapsed time : %12.6f\n"", r1);
    printf("" MFlops       : %12.6g\n"",
           mits*0.000001*(m-2) / r1 *(n-2)*13 );

    error_check(n, m, alpha, dx, dy, u, f);
    
    
  return 0;
}","Function Name: main
Parameters: int argc, char* argv[]
Description: This function returns a int and uses OpenMP for managing threads and parallel sections; displays output to the console; reads input from standard input; serves as the main entry point for program execution."
"int main(int argc, char *argv[])
{
  int thread1, thread2;
  cpu_set_t coremask1, coremask2;
  char clbuf1[7 * CPU_SETSIZE], hnbuf1[64];
  char clbuf2[7 * CPU_SETSIZE], hnbuf2[64];

  memset(clbuf1, 0, sizeof(clbuf1));
  memset(clbuf2, 0, sizeof(clbuf2));
  memset(hnbuf1, 0, sizeof(hnbuf1));
  memset(hnbuf2, 0, sizeof(hnbuf2));
  (void)gethostname(hnbuf1, sizeof(hnbuf1));
  (void)gethostname(hnbuf2, sizeof(hnbuf2));

  #pragma omp parallel private(thread1, coremask1, clbuf1) 
  {
    thread1 = omp_get_thread_num();
    (void)sched_getaffinity(0, sizeof(coremask1), &coremask1);
    cpuset_to_cstr(&coremask1, clbuf1);
    #pragma omp barrier
    printf(""Hello from level 1: thread level 1= %d, on %s. (core affinity = %s)\n"",
            thread1, hnbuf1, clbuf1);

        #pragma omp parallel private(thread2, coremask2, clbuf2)
        {
        thread2 = omp_get_thread_num();
        (void)sched_getaffinity(0, sizeof(coremask2), &coremask2);
         cpuset_to_cstr(&coremask2, clbuf2);
         #pragma omp barrier
         printf(""Hello from level 2: thread level 1=  %d, thread level 2= %d, on %s. (core affinity = %s)\n"",
                 thread1, thread2, hnbuf2, clbuf2);
        }        
  }
  return(0);
}","Function Name: main
Parameters: int argc, char *argv[]
Description: This function returns a int and performs parallel execution using OpenMP directives; displays output to the console; serves as the main entry point for program execution."
"int main(int argc, char *argv[])
{
  int rank, thread;
  cpu_set_t coremask;
  char clbuf[7 * CPU_SETSIZE], hnbuf[64];

  memset(clbuf, 0, sizeof(clbuf));
  memset(hnbuf, 0, sizeof(hnbuf));
  (void)gethostname(hnbuf, sizeof(hnbuf));
//  printf(""Hello\n"");
//  sleep(30);
  #pragma omp parallel private(thread, coremask, clbuf)
  {
    thread = omp_get_thread_num();
    (void)sched_getaffinity(0, sizeof(coremask), &coremask);
    cpuset_to_cstr(&coremask, clbuf);
    #pragma omp barrier
    printf(""Hello from thread %d, on %s. (core affinity = %s)\n"",
            thread, hnbuf, clbuf);
  }
  return(0);
}","Function Name: main
Parameters: int argc, char *argv[]
Description: This function returns a int and performs parallel execution using OpenMP directives; displays output to the console; serves as the main entry point for program execution."
"int main(int argc, char *argv[])
{
  int thread1, thread2;
  cpu_set_t coremask1, coremask2;
  char clbuf1[7 * CPU_SETSIZE], hnbuf1[64];
  char clbuf2[7 * CPU_SETSIZE], hnbuf2[64];

  memset(clbuf1, 0, sizeof(clbuf1));
  memset(clbuf2, 0, sizeof(clbuf2));
  memset(hnbuf1, 0, sizeof(hnbuf1));
  memset(hnbuf2, 0, sizeof(hnbuf2));
  (void)gethostname(hnbuf1, sizeof(hnbuf1));
  (void)gethostname(hnbuf2, sizeof(hnbuf2));

  #pragma omp parallel private(thread1, coremask1, clbuf1) 
  {
    thread1 = omp_get_thread_num();
    (void)sched_getaffinity(0, sizeof(coremask1), &coremask1);
    cpuset_to_cstr(&coremask1, clbuf1);
    #pragma omp barrier
    printf(""Hello from level 1: thread level 1= %d, on %s. (core affinity = %s)\n"",
            thread1, hnbuf1, clbuf1);

        #pragma omp parallel private(thread2, coremask2, clbuf2)
        {
        thread2 = omp_get_thread_num();
        (void)sched_getaffinity(0, sizeof(coremask2), &coremask2);
         cpuset_to_cstr(&coremask2, clbuf2);
         #pragma omp barrier
         printf(""Hello from level 2: thread level 1=  %d, thread level 2= %d, on %s. (core affinity = %s)\n"",
                 thread1, thread2, hnbuf2, clbuf2);
        }        
  }
  return(0);
}","Function Name: main
Parameters: int argc, char *argv[]
Description: This function returns a int and performs parallel execution using OpenMP directives; displays output to the console; serves as the main entry point for program execution."
"int main(int argc, char *argv[])
{
  int rank, thread;
  cpu_set_t coremask;
  char clbuf[7 * CPU_SETSIZE], hnbuf[64];

  memset(clbuf, 0, sizeof(clbuf));
  memset(hnbuf, 0, sizeof(hnbuf));
  (void)gethostname(hnbuf, sizeof(hnbuf));
//  printf(""Hello\n"");
//  sleep(30);
  #pragma omp parallel private(thread, coremask, clbuf)
  {
    thread = omp_get_thread_num();
    (void)sched_getaffinity(0, sizeof(coremask), &coremask);
    cpuset_to_cstr(&coremask, clbuf);
    #pragma omp barrier
    printf(""Hello from thread %d, on %s. (core affinity = %s)\n"",
            thread, hnbuf, clbuf);
  }
  return(0);
}","Function Name: main
Parameters: int argc, char *argv[]
Description: This function returns a int and performs parallel execution using OpenMP directives; displays output to the console; serves as the main entry point for program execution."
"#include <sys/time.h>
double mysecond()
{
/* struct timeval { long        tv_sec;
            long        tv_usec;        };

struct timezone { int   tz_minuteswest;
             int        tz_dsttime;      };     */

        struct timeval tp;
        struct timezone tzp;
        int i;

        i = gettimeofday(&tp,&tzp);
        return ( (double) tp.tv_sec + (double) tp.tv_usec * 1.e-6 );
}","Function Name: mysecond
Parameters: None
Description: This function returns a double and executes a general set of operations."
double mysecond_() {return mysecond();},"Function Name: mysecond_
Parameters: None
Description: This function returns a double and executes a general set of operations."
"extern int omp_get_num_threads();
#endif
int
main()
    {
    int			quantum, checktick();
    int			BytesPerWord;
    int			k;
    ssize_t		j;
    STREAM_TYPE		scalar;
    double		t, times[4][NTIMES];

    /* --- SETUP --- determine precision and check timing --- */

    printf(HLINE);
    printf(""STREAM version $Revision: 5.10 $\n"");
    printf(HLINE);
    BytesPerWord = sizeof(STREAM_TYPE);
    printf(""This system uses %d bytes per array element.\n"",
	BytesPerWord);

    printf(HLINE);
#ifdef N
    printf(""*****  WARNING: ******\n"");
    printf(""      It appears that you set the preprocessor variable N when compiling this code.\n"");
    printf(""      This version of the code uses the preprocesor variable STREAM_ARRAY_SIZE to control the array size\n"");
    printf(""      Reverting to default value of STREAM_ARRAY_SIZE=%llu\n"",(unsigned long long) STREAM_ARRAY_SIZE);
    printf(""*****  WARNING: ******\n"");
#endif

    printf(""Array size = %llu (elements), Offset = %d (elements)\n"" , (unsigned long long) STREAM_ARRAY_SIZE, OFFSET);
    printf(""Memory per array = %.1f MiB (= %.1f GiB).\n"", 
	BytesPerWord * ( (double) STREAM_ARRAY_SIZE / 1024.0/1024.0),
	BytesPerWord * ( (double) STREAM_ARRAY_SIZE / 1024.0/1024.0/1024.0));
    printf(""Total memory required = %.1f MiB (= %.1f GiB).\n"",
	(3.0 * BytesPerWord) * ( (double) STREAM_ARRAY_SIZE / 1024.0/1024.),
	(3.0 * BytesPerWord) * ( (double) STREAM_ARRAY_SIZE / 1024.0/1024./1024.));
    printf(""Each kernel will be executed %d times.\n"", NTIMES);
    printf("" The *best* time for each kernel (excluding the first iteration)\n""); 
    printf("" will be used to compute the reported bandwidth.\n"");

#ifdef _OPENMP
    printf(HLINE);
#pragma omp parallel 
    {
#pragma omp master
	{
	    k = omp_get_num_threads();
	    printf (""Number of Threads requested = %i\n"",k);
        }
    }
#endif

#ifdef _OPENMP
	k = 0;
#pragma omp parallel
#pragma omp atomic 
		k++;
    printf (""Number of Threads counted = %i\n"",k);
#endif

    /* Get initial value for system clock. */
    for (j=0; j<STREAM_ARRAY_SIZE; j++) {
	    a[j] = 1.0;
	    b[j] = 2.0;
	    c[j] = 0.0;
	}

    printf(HLINE);

    if  ( (quantum = checktick()) >= 1) 
	printf(""Your clock granularity/precision appears to be ""
	    ""%d microseconds.\n"", quantum);
    else {
	printf(""Your clock granularity appears to be ""
	    ""less than one microsecond.\n"");
	quantum = 1;
    }

    t = mysecond();
#pragma omp parallel for
    for (j = 0; j < STREAM_ARRAY_SIZE; j++)
		a[j] = 2.0E0 * a[j];
    t = 1.0E6 * (mysecond() - t);

    printf(""Each test below will take on the order""
	"" of %d microseconds.\n"", (int) t  );
    printf(""   (= %d clock ticks)\n"", (int) (t/quantum) );
    printf(""Increase the size of the arrays if this shows that\n"");
    printf(""you are not getting at least 20 clock ticks per test.\n"");

    printf(HLINE);

    printf(""WARNING -- The above is only a rough guideline.\n"");
    printf(""For best results, please be sure you know the\n"");
    printf(""precision of your system timer.\n"");
    printf(HLINE);
    
    /*	--- MAIN LOOP --- repeat test cases NTIMES times --- */

    scalar = 3.0;
    for (k=0; k<NTIMES; k++)
	{
	times[0][k] = mysecond();
#ifdef TUNED
        tuned_STREAM_Copy();
#else
#pragma omp parallel for
	for (j=0; j<STREAM_ARRAY_SIZE; j++)
	    c[j] = a[j];
#endif
	times[0][k] = mysecond() - times[0][k];
	
	times[1][k] = mysecond();
#ifdef TUNED
        tuned_STREAM_Scale(scalar);
#else
#pragma omp parallel for
	for (j=0; j<STREAM_ARRAY_SIZE; j++)
	    b[j] = scalar*c[j];
#endif
	times[1][k] = mysecond() - times[1][k];
	
	times[2][k] = mysecond();
#ifdef TUNED
        tuned_STREAM_Add();
#else
#pragma omp parallel for
	for (j=0; j<STREAM_ARRAY_SIZE; j++)
	    c[j] = a[j]+b[j];
#endif
	times[2][k] = mysecond() - times[2][k];
	
	times[3][k] = mysecond();
#ifdef TUNED
        tuned_STREAM_Triad(scalar);
#else
#pragma omp parallel for
	for (j=0; j<STREAM_ARRAY_SIZE; j++)
	    a[j] = b[j]+scalar*c[j];
#endif
	times[3][k] = mysecond() - times[3][k];
	}

    /*	--- SUMMARY --- */

    for (k=1; k<NTIMES; k++) /* note -- skip first iteration */
	{
	for (j=0; j<4; j++)
	    {
	    avgtime[j] = avgtime[j] + times[j][k];
	    mintime[j] = MIN(mintime[j], times[j][k]);
	    maxtime[j] = MAX(maxtime[j], times[j][k]);
	    }
	}
    
    printf(""Function    Best Rate MB/s  Avg time     Min time     Max time\n"");
    for (j=0; j<4; j++) {
		avgtime[j] = avgtime[j]/(double)(NTIMES-1);

		printf(""%s%12.1f  %11.6f  %11.6f  %11.6f\n"", label[j],
	       1.0E-06 * bytes[j]/mintime[j],
	       avgtime[j],
	       mintime[j],
	       maxtime[j]);
    }
    printf(HLINE);

    /* --- Check Results --- */
    checkSTREAMresults();
    printf(HLINE);

    return 0;
}","Function Name: main
Parameters: None
Description: This function returns a int and performs parallel execution using OpenMP directives; displays output to the console; estimates the value of Pi using numerical methods; serves as the main entry point for program execution."
"int
checktick()
    {
    int		i, minDelta, Delta;
    double	t1, t2, timesfound[M];

/*  Collect a sequence of M unique time values from the system. */

    for (i = 0; i < M; i++) {
	t1 = mysecond();
	while( ((t2=mysecond()) - t1) < 1.0E-6 )
	    ;
	timesfound[i] = t1 = t2;
	}

/*
 * Determine the minimum difference between these M values.
 * This result will be our estimate (in microseconds) for the
 * clock granularity.
 */

    minDelta = 1000000;
    for (i = 1; i < M; i++) {
	Delta = (int)( 1.0E6 * (timesfound[i]-timesfound[i-1]));
	minDelta = MIN(minDelta, MAX(Delta,0));
	}

   return(minDelta);
    }","Function Name: checktick
Parameters: None
Description: This function returns a int and executes a general set of operations."
"#include <sys/time.h>
double mysecond()
{
        struct timeval tp;
        struct timezone tzp;
        int i;

        i = gettimeofday(&tp,&tzp);
        return ( (double) tp.tv_sec + (double) tp.tv_usec * 1.e-6 );
}","Function Name: mysecond
Parameters: None
Description: This function returns a double and executes a general set of operations."
"#define abs(a) ((a) >= 0 ? (a) : -(a))
#endif
void checkSTREAMresults ()
{
	STREAM_TYPE aj,bj,cj,scalar;
	STREAM_TYPE aSumErr,bSumErr,cSumErr;
	STREAM_TYPE aAvgErr,bAvgErr,cAvgErr;
	double epsilon;
	ssize_t	j;
	int	k,ierr,err;

    /* reproduce initialization */
	aj = 1.0;
	bj = 2.0;
	cj = 0.0;
    /* a[] is modified during timing check */
	aj = 2.0E0 * aj;
    /* now execute timing loop */
	scalar = 3.0;
	for (k=0; k<NTIMES; k++)
        {
            cj = aj;
            bj = scalar*cj;
            cj = aj+bj;
            aj = bj+scalar*cj;
        }

    /* accumulate deltas between observed and expected results */
	aSumErr = 0.0;
	bSumErr = 0.0;
	cSumErr = 0.0;
	for (j=0; j<STREAM_ARRAY_SIZE; j++) {
		aSumErr += abs(a[j] - aj);
		bSumErr += abs(b[j] - bj);
		cSumErr += abs(c[j] - cj);
		// if (j == 417) printf(""Index 417: c[j]: %f, cj: %f\n"",c[j],cj);	// MCCALPIN
	}
	aAvgErr = aSumErr / (STREAM_TYPE) STREAM_ARRAY_SIZE;
	bAvgErr = bSumErr / (STREAM_TYPE) STREAM_ARRAY_SIZE;
	cAvgErr = cSumErr / (STREAM_TYPE) STREAM_ARRAY_SIZE;

	if (sizeof(STREAM_TYPE) == 4) {
		epsilon = 1.e-6;
	}
	else if (sizeof(STREAM_TYPE) == 8) {
		epsilon = 1.e-13;
	}
	else {
		printf(""WEIRD: sizeof(STREAM_TYPE) = %lu\n"",sizeof(STREAM_TYPE));
		epsilon = 1.e-6;
	}

	err = 0;
	if (abs(aAvgErr/aj) > epsilon) {
		err++;
		printf (""Failed Validation on array a[], AvgRelAbsErr > epsilon (%e)\n"",epsilon);
		printf (""     Expected Value: %e, AvgAbsErr: %e, AvgRelAbsErr: %e\n"",aj,aAvgErr,abs(aAvgErr)/aj);
		ierr = 0;
		for (j=0; j<STREAM_ARRAY_SIZE; j++) {
			if (abs(a[j]/aj-1.0) > epsilon) {
				ierr++;
#ifdef VERBOSE
				if (ierr < 10) {
					printf(""         array a: index: %ld, expected: %e, observed: %e, relative error: %e\n"",
						j,aj,a[j],abs((aj-a[j])/aAvgErr));
				}
#endif
			}
		}
		printf(""     For array a[], %d errors were found.\n"",ierr);
	}
	if (abs(bAvgErr/bj) > epsilon) {
		err++;
		printf (""Failed Validation on array b[], AvgRelAbsErr > epsilon (%e)\n"",epsilon);
		printf (""     Expected Value: %e, AvgAbsErr: %e, AvgRelAbsErr: %e\n"",bj,bAvgErr,abs(bAvgErr)/bj);
		printf (""     AvgRelAbsErr > Epsilon (%e)\n"",epsilon);
		ierr = 0;
		for (j=0; j<STREAM_ARRAY_SIZE; j++) {
			if (abs(b[j]/bj-1.0) > epsilon) {
				ierr++;
#ifdef VERBOSE
				if (ierr < 10) {
					printf(""         array b: index: %ld, expected: %e, observed: %e, relative error: %e\n"",
						j,bj,b[j],abs((bj-b[j])/bAvgErr));
				}
#endif
			}
		}
		printf(""     For array b[], %d errors were found.\n"",ierr);
	}
	if (abs(cAvgErr/cj) > epsilon) {
		err++;
		printf (""Failed Validation on array c[], AvgRelAbsErr > epsilon (%e)\n"",epsilon);
		printf (""     Expected Value: %e, AvgAbsErr: %e, AvgRelAbsErr: %e\n"",cj,cAvgErr,abs(cAvgErr)/cj);
		printf (""     AvgRelAbsErr > Epsilon (%e)\n"",epsilon);
		ierr = 0;
		for (j=0; j<STREAM_ARRAY_SIZE; j++) {
			if (abs(c[j]/cj-1.0) > epsilon) {
				ierr++;
#ifdef VERBOSE
				if (ierr < 10) {
					printf(""         array c: index: %ld, expected: %e, observed: %e, relative error: %e\n"",
						j,cj,c[j],abs((cj-c[j])/cAvgErr));
				}
#endif
			}
		}
		printf(""     For array c[], %d errors were found.\n"",ierr);
	}
	if (err == 0) {
		printf (""Solution Validates: avg error less than %e on all three arrays\n"",epsilon);
	}
#ifdef VERBOSE
	printf (""Results Validation Verbose Results: \n"");
	printf (""    Expected a(1), b(1), c(1): %f %f %f \n"",aj,bj,cj);
	printf (""    Observed a(1), b(1), c(1): %f %f %f \n"",a[1],b[1],c[1]);
	printf (""    Rel Errors on a, b, c:     %e %e %e \n"",abs(aAvgErr/aj),abs(bAvgErr/bj),abs(cAvgErr/cj));
#endif
}","Function Name: checkSTREAMresults
Parameters: None
Description: This function returns a void and displays output to the console; performs mathematical computations using standard math functions; estimates the value of Pi using numerical methods."
"void tuned_STREAM_Copy()
{
	ssize_t j;
#pragma omp parallel for
        for (j=0; j<STREAM_ARRAY_SIZE; j++)
            c[j] = a[j];
}","Function Name: tuned_STREAM_Copy
Parameters: None
Description: This function returns a void and performs parallel execution using OpenMP directives."
"void tuned_STREAM_Scale(STREAM_TYPE scalar)
{
	ssize_t j;
#pragma omp parallel for
	for (j=0; j<STREAM_ARRAY_SIZE; j++)
	    b[j] = scalar*c[j];
}","Function Name: tuned_STREAM_Scale
Parameters: STREAM_TYPE scalar
Description: This function returns a void and performs parallel execution using OpenMP directives."
"void tuned_STREAM_Add()
{
	ssize_t j;
#pragma omp parallel for
	for (j=0; j<STREAM_ARRAY_SIZE; j++)
	    c[j] = a[j]+b[j];
}","Function Name: tuned_STREAM_Add
Parameters: None
Description: This function returns a void and performs parallel execution using OpenMP directives."
"void tuned_STREAM_Triad(STREAM_TYPE scalar)
{
	ssize_t j;
#pragma omp parallel for
	for (j=0; j<STREAM_ARRAY_SIZE; j++)
	    a[j] = b[j]+scalar*c[j];
}","Function Name: tuned_STREAM_Triad
Parameters: STREAM_TYPE scalar
Description: This function returns a void and performs parallel execution using OpenMP directives."
"#include <sys/time.h>
double mysecond()
{
/* struct timeval { long        tv_sec;
            long        tv_usec;        };

struct timezone { int   tz_minuteswest;
             int        tz_dsttime;      };     */

        struct timeval tp;
        struct timezone tzp;
        int i;

        i = gettimeofday(&tp,&tzp);
        return ( (double) tp.tv_sec + (double) tp.tv_usec * 1.e-6 );
}","Function Name: mysecond
Parameters: None
Description: This function returns a double and executes a general set of operations."
double mysecond_() {return mysecond();},"Function Name: mysecond_
Parameters: None
Description: This function returns a double and executes a general set of operations."
"extern int omp_get_num_threads();
#endif
int
main()
    {
    int			quantum, checktick();
    int			BytesPerWord;
    int			k;
    ssize_t		j;
    STREAM_TYPE		scalar;
    double		t, times[4][NTIMES];

    /* --- SETUP --- determine precision and check timing --- */

    printf(HLINE);
    printf(""STREAM version $Revision: 5.10 $\n"");
    printf(HLINE);
    BytesPerWord = sizeof(STREAM_TYPE);
    printf(""This system uses %d bytes per array element.\n"",
	BytesPerWord);

    printf(HLINE);
#ifdef N
    printf(""*****  WARNING: ******\n"");
    printf(""      It appears that you set the preprocessor variable N when compiling this code.\n"");
    printf(""      This version of the code uses the preprocesor variable STREAM_ARRAY_SIZE to control the array size\n"");
    printf(""      Reverting to default value of STREAM_ARRAY_SIZE=%llu\n"",(unsigned long long) STREAM_ARRAY_SIZE);
    printf(""*****  WARNING: ******\n"");
#endif

    printf(""Array size = %llu (elements), Offset = %d (elements)\n"" , (unsigned long long) STREAM_ARRAY_SIZE, OFFSET);
    printf(""Memory per array = %.1f MiB (= %.1f GiB).\n"", 
	BytesPerWord * ( (double) STREAM_ARRAY_SIZE / 1024.0/1024.0),
	BytesPerWord * ( (double) STREAM_ARRAY_SIZE / 1024.0/1024.0/1024.0));
    printf(""Total memory required = %.1f MiB (= %.1f GiB).\n"",
	(3.0 * BytesPerWord) * ( (double) STREAM_ARRAY_SIZE / 1024.0/1024.),
	(3.0 * BytesPerWord) * ( (double) STREAM_ARRAY_SIZE / 1024.0/1024./1024.));
    printf(""Each kernel will be executed %d times.\n"", NTIMES);
    printf("" The *best* time for each kernel (excluding the first iteration)\n""); 
    printf("" will be used to compute the reported bandwidth.\n"");

#ifdef _OPENMP
    printf(HLINE);
#pragma omp parallel 
    {
#pragma omp master
	{
	    k = omp_get_num_threads();
	    printf (""Number of Threads requested = %i\n"",k);
        }
    }
#endif

#ifdef _OPENMP
	k = 0;
#pragma omp parallel
#pragma omp atomic 
		k++;
    printf (""Number of Threads counted = %i\n"",k);
#endif

    /* Get initial value for system clock. */
#pragma omp parallel for
    for (j=0; j<STREAM_ARRAY_SIZE; j++) {
	    a[j] = 1.0;
	    b[j] = 2.0;
	    c[j] = 0.0;
	}

    printf(HLINE);

    if  ( (quantum = checktick()) >= 1) 
	printf(""Your clock granularity/precision appears to be ""
	    ""%d microseconds.\n"", quantum);
    else {
	printf(""Your clock granularity appears to be ""
	    ""less than one microsecond.\n"");
	quantum = 1;
    }

    t = mysecond();
#pragma omp parallel for
    for (j = 0; j < STREAM_ARRAY_SIZE; j++)
		a[j] = 2.0E0 * a[j];
    t = 1.0E6 * (mysecond() - t);

    printf(""Each test below will take on the order""
	"" of %d microseconds.\n"", (int) t  );
    printf(""   (= %d clock ticks)\n"", (int) (t/quantum) );
    printf(""Increase the size of the arrays if this shows that\n"");
    printf(""you are not getting at least 20 clock ticks per test.\n"");

    printf(HLINE);

    printf(""WARNING -- The above is only a rough guideline.\n"");
    printf(""For best results, please be sure you know the\n"");
    printf(""precision of your system timer.\n"");
    printf(HLINE);
    
    /*	--- MAIN LOOP --- repeat test cases NTIMES times --- */

    scalar = 3.0;
    for (k=0; k<NTIMES; k++)
	{
	times[0][k] = mysecond();
#ifdef TUNED
        tuned_STREAM_Copy();
#else
#pragma omp parallel for
	for (j=0; j<STREAM_ARRAY_SIZE; j++)
	    c[j] = a[j];
#endif
	times[0][k] = mysecond() - times[0][k];
	
	times[1][k] = mysecond();
#ifdef TUNED
        tuned_STREAM_Scale(scalar);
#else
#pragma omp parallel for
	for (j=0; j<STREAM_ARRAY_SIZE; j++)
	    b[j] = scalar*c[j];
#endif
	times[1][k] = mysecond() - times[1][k];
	
	times[2][k] = mysecond();
#ifdef TUNED
        tuned_STREAM_Add();
#else
#pragma omp parallel for
	for (j=0; j<STREAM_ARRAY_SIZE; j++)
	    c[j] = a[j]+b[j];
#endif
	times[2][k] = mysecond() - times[2][k];
	
	times[3][k] = mysecond();
#ifdef TUNED
        tuned_STREAM_Triad(scalar);
#else
#pragma omp parallel for
	for (j=0; j<STREAM_ARRAY_SIZE; j++)
	    a[j] = b[j]+scalar*c[j];
#endif
	times[3][k] = mysecond() - times[3][k];
	}

    /*	--- SUMMARY --- */

    for (k=1; k<NTIMES; k++) /* note -- skip first iteration */
	{
	for (j=0; j<4; j++)
	    {
	    avgtime[j] = avgtime[j] + times[j][k];
	    mintime[j] = MIN(mintime[j], times[j][k]);
	    maxtime[j] = MAX(maxtime[j], times[j][k]);
	    }
	}
    
    printf(""Function    Best Rate MB/s  Avg time     Min time     Max time\n"");
    for (j=0; j<4; j++) {
		avgtime[j] = avgtime[j]/(double)(NTIMES-1);

		printf(""%s%12.1f  %11.6f  %11.6f  %11.6f\n"", label[j],
	       1.0E-06 * bytes[j]/mintime[j],
	       avgtime[j],
	       mintime[j],
	       maxtime[j]);
    }
    printf(HLINE);

    /* --- Check Results --- */
    checkSTREAMresults();
    printf(HLINE);

    return 0;
}","Function Name: main
Parameters: None
Description: This function returns a int and performs parallel execution using OpenMP directives; displays output to the console; estimates the value of Pi using numerical methods; serves as the main entry point for program execution."
"int
checktick()
    {
    int		i, minDelta, Delta;
    double	t1, t2, timesfound[M];

/*  Collect a sequence of M unique time values from the system. */

    for (i = 0; i < M; i++) {
	t1 = mysecond();
	while( ((t2=mysecond()) - t1) < 1.0E-6 )
	    ;
	timesfound[i] = t1 = t2;
	}

/*
 * Determine the minimum difference between these M values.
 * This result will be our estimate (in microseconds) for the
 * clock granularity.
 */

    minDelta = 1000000;
    for (i = 1; i < M; i++) {
	Delta = (int)( 1.0E6 * (timesfound[i]-timesfound[i-1]));
	minDelta = MIN(minDelta, MAX(Delta,0));
	}

   return(minDelta);
    }","Function Name: checktick
Parameters: None
Description: This function returns a int and executes a general set of operations."
"#include <sys/time.h>
double mysecond()
{
        struct timeval tp;
        struct timezone tzp;
        int i;

        i = gettimeofday(&tp,&tzp);
        return ( (double) tp.tv_sec + (double) tp.tv_usec * 1.e-6 );
}","Function Name: mysecond
Parameters: None
Description: This function returns a double and executes a general set of operations."
"#define abs(a) ((a) >= 0 ? (a) : -(a))
#endif
void checkSTREAMresults ()
{
	STREAM_TYPE aj,bj,cj,scalar;
	STREAM_TYPE aSumErr,bSumErr,cSumErr;
	STREAM_TYPE aAvgErr,bAvgErr,cAvgErr;
	double epsilon;
	ssize_t	j;
	int	k,ierr,err;

    /* reproduce initialization */
	aj = 1.0;
	bj = 2.0;
	cj = 0.0;
    /* a[] is modified during timing check */
	aj = 2.0E0 * aj;
    /* now execute timing loop */
	scalar = 3.0;
	for (k=0; k<NTIMES; k++)
        {
            cj = aj;
            bj = scalar*cj;
            cj = aj+bj;
            aj = bj+scalar*cj;
        }

    /* accumulate deltas between observed and expected results */
	aSumErr = 0.0;
	bSumErr = 0.0;
	cSumErr = 0.0;
	for (j=0; j<STREAM_ARRAY_SIZE; j++) {
		aSumErr += abs(a[j] - aj);
		bSumErr += abs(b[j] - bj);
		cSumErr += abs(c[j] - cj);
		// if (j == 417) printf(""Index 417: c[j]: %f, cj: %f\n"",c[j],cj);	// MCCALPIN
	}
	aAvgErr = aSumErr / (STREAM_TYPE) STREAM_ARRAY_SIZE;
	bAvgErr = bSumErr / (STREAM_TYPE) STREAM_ARRAY_SIZE;
	cAvgErr = cSumErr / (STREAM_TYPE) STREAM_ARRAY_SIZE;

	if (sizeof(STREAM_TYPE) == 4) {
		epsilon = 1.e-6;
	}
	else if (sizeof(STREAM_TYPE) == 8) {
		epsilon = 1.e-13;
	}
	else {
		printf(""WEIRD: sizeof(STREAM_TYPE) = %lu\n"",sizeof(STREAM_TYPE));
		epsilon = 1.e-6;
	}

	err = 0;
	if (abs(aAvgErr/aj) > epsilon) {
		err++;
		printf (""Failed Validation on array a[], AvgRelAbsErr > epsilon (%e)\n"",epsilon);
		printf (""     Expected Value: %e, AvgAbsErr: %e, AvgRelAbsErr: %e\n"",aj,aAvgErr,abs(aAvgErr)/aj);
		ierr = 0;
		for (j=0; j<STREAM_ARRAY_SIZE; j++) {
			if (abs(a[j]/aj-1.0) > epsilon) {
				ierr++;
#ifdef VERBOSE
				if (ierr < 10) {
					printf(""         array a: index: %ld, expected: %e, observed: %e, relative error: %e\n"",
						j,aj,a[j],abs((aj-a[j])/aAvgErr));
				}
#endif
			}
		}
		printf(""     For array a[], %d errors were found.\n"",ierr);
	}
	if (abs(bAvgErr/bj) > epsilon) {
		err++;
		printf (""Failed Validation on array b[], AvgRelAbsErr > epsilon (%e)\n"",epsilon);
		printf (""     Expected Value: %e, AvgAbsErr: %e, AvgRelAbsErr: %e\n"",bj,bAvgErr,abs(bAvgErr)/bj);
		printf (""     AvgRelAbsErr > Epsilon (%e)\n"",epsilon);
		ierr = 0;
		for (j=0; j<STREAM_ARRAY_SIZE; j++) {
			if (abs(b[j]/bj-1.0) > epsilon) {
				ierr++;
#ifdef VERBOSE
				if (ierr < 10) {
					printf(""         array b: index: %ld, expected: %e, observed: %e, relative error: %e\n"",
						j,bj,b[j],abs((bj-b[j])/bAvgErr));
				}
#endif
			}
		}
		printf(""     For array b[], %d errors were found.\n"",ierr);
	}
	if (abs(cAvgErr/cj) > epsilon) {
		err++;
		printf (""Failed Validation on array c[], AvgRelAbsErr > epsilon (%e)\n"",epsilon);
		printf (""     Expected Value: %e, AvgAbsErr: %e, AvgRelAbsErr: %e\n"",cj,cAvgErr,abs(cAvgErr)/cj);
		printf (""     AvgRelAbsErr > Epsilon (%e)\n"",epsilon);
		ierr = 0;
		for (j=0; j<STREAM_ARRAY_SIZE; j++) {
			if (abs(c[j]/cj-1.0) > epsilon) {
				ierr++;
#ifdef VERBOSE
				if (ierr < 10) {
					printf(""         array c: index: %ld, expected: %e, observed: %e, relative error: %e\n"",
						j,cj,c[j],abs((cj-c[j])/cAvgErr));
				}
#endif
			}
		}
		printf(""     For array c[], %d errors were found.\n"",ierr);
	}
	if (err == 0) {
		printf (""Solution Validates: avg error less than %e on all three arrays\n"",epsilon);
	}
#ifdef VERBOSE
	printf (""Results Validation Verbose Results: \n"");
	printf (""    Expected a(1), b(1), c(1): %f %f %f \n"",aj,bj,cj);
	printf (""    Observed a(1), b(1), c(1): %f %f %f \n"",a[1],b[1],c[1]);
	printf (""    Rel Errors on a, b, c:     %e %e %e \n"",abs(aAvgErr/aj),abs(bAvgErr/bj),abs(cAvgErr/cj));
#endif
}","Function Name: checkSTREAMresults
Parameters: None
Description: This function returns a void and displays output to the console; performs mathematical computations using standard math functions; estimates the value of Pi using numerical methods."
"void tuned_STREAM_Copy()
{
	ssize_t j;
#pragma omp parallel for
        for (j=0; j<STREAM_ARRAY_SIZE; j++)
            c[j] = a[j];
}","Function Name: tuned_STREAM_Copy
Parameters: None
Description: This function returns a void and performs parallel execution using OpenMP directives."
"void tuned_STREAM_Scale(STREAM_TYPE scalar)
{
	ssize_t j;
#pragma omp parallel for
	for (j=0; j<STREAM_ARRAY_SIZE; j++)
	    b[j] = scalar*c[j];
}","Function Name: tuned_STREAM_Scale
Parameters: STREAM_TYPE scalar
Description: This function returns a void and performs parallel execution using OpenMP directives."
"void tuned_STREAM_Add()
{
	ssize_t j;
#pragma omp parallel for
	for (j=0; j<STREAM_ARRAY_SIZE; j++)
	    c[j] = a[j]+b[j];
}","Function Name: tuned_STREAM_Add
Parameters: None
Description: This function returns a void and performs parallel execution using OpenMP directives."
"void tuned_STREAM_Triad(STREAM_TYPE scalar)
{
	ssize_t j;
#pragma omp parallel for
	for (j=0; j<STREAM_ARRAY_SIZE; j++)
	    a[j] = b[j]+scalar*c[j];
}","Function Name: tuned_STREAM_Triad
Parameters: STREAM_TYPE scalar
Description: This function returns a void and performs parallel execution using OpenMP directives."
"static void initGPU();
int main(int argc, char** argv)
{
    int i,j;
    int n = 16384;
    int m = 16384;
    int iter_max = 100;

    const double pi = 2.0 * asin(1.0);
    const double tol = 1.0e-5;
    double err = 1.0;

    double* restrict const A	= malloc( n*m * sizeof(double) );
    double* restrict const Anew	= malloc( n*m * sizeof(double) );
    double* restrict const y0	= malloc( n   * sizeof(double) );

   initGPU();

    for( j = 0; j < n; j++)
    {
        for( i = 0; i < m; i++ )
        {
            Anew[j *m+ i] = 0.0;
            A[j *m+ i]    = 0.0;
        }
    }

    // set boundary conditions
    for (i = 0; i < m; i++)
    {
        A[0	    *m+ i] = 0.0;
        A[(n-1) *m+ i] = 0.0;
    }

    for (j = 0; j < n; j++)
    {
        y0[j] = sin(pi * j / (n-1));
        A[j *m+ 0] = y0[j];
        A[j *m+ (m-1)] = y0[j]*exp(-pi);
        Anew[j *m+ 0] = A[j *m+ 0];
        Anew[j *m+ (m-1)] = A[j *m+ (m-1)];
    }

    printf(""Jacobi relaxation Calculation: %d x %d mesh with %d threads and at most %d iterations.""
           "" %d rows out of %d on CPU.\n"", n, m, 1, iter_max, 0, n);

    double starttime = omp_get_wtime();
    int iter = 0;


    //TODO: use OpenMP to accelerate the most time consuming loop on a GPU
    //TODO: denote all needed clauses
    while ( err > tol && iter < iter_max ) {

	err = 0.0;

        for( j = 1; j < n-1; j++) {
            for( i = 1; i < m-1; i++ ) {
                Anew[j *m+ i] = 0.25 * ( A[j     *m+ (i+1)] + A[j     *m+ (i-1)]
                                     +   A[(j-1) *m+ i]     + A[(j+1) *m+ i]);
                err = fmax(err,fabs(Anew[j*m+i]-A[j*m+i]));
            }
        }

        for( j = 1; j < n-1; j++) {
            for( i = 1; i < m-1; i++ ) {
                A[j *m+ i] = Anew[j *m+ i];
            }
        }

        if(iter % 10 == 0) {
            printf(""%5d, %0.6f\n"", iter, err);
        }

        iter++;
    } // end while
    double runtime = omp_get_wtime() - starttime;


    printf("" total: %f s\n"", runtime );

    free(y0);
    free(Anew);
    free(A);

    return 0;
}","Function Name: main
Parameters: int argc, char** argv
Description: This function returns a int and uses OpenMP for managing threads and parallel sections; displays output to the console; performs mathematical computations using standard math functions; estimates the value of Pi using numerical methods; serves as the main entry point for program execution."
"static void initGPU();
int main(int argc, char** argv)
{
    int i,j;
    int n = 16384;
    int m = 16384;
    int iter_max = 100;

    const double pi = 2.0 * asin(1.0);
    const double tol = 1.0e-5;
    double err = 1.0;

    double* restrict const A	= malloc( n*m * sizeof(double) );
    double* restrict const Anew	= malloc( n*m * sizeof(double) );
    double* restrict const y0	= malloc( n   * sizeof(double) );

   initGPU();

    for( j = 0; j < n; j++)
    {
        for( i = 0; i < m; i++ )
        {
            Anew[j *m+ i] = 0.0;
            A[j *m+ i]    = 0.0;
        }
    }

    // set boundary conditions
    for (i = 0; i < m; i++)
    {
        A[0	    *m+ i] = 0.0;
        A[(n-1) *m+ i] = 0.0;
    }

    for (j = 0; j < n; j++)
    {
        y0[j] = sin(pi * j / (n-1));
        A[j *m+ 0] = y0[j];
        A[j *m+ (m-1)] = y0[j]*exp(-pi);
        Anew[j *m+ 0] = A[j *m+ 0];
        Anew[j *m+ (m-1)] = A[j *m+ (m-1)];
    }

    printf(""Jacobi relaxation Calculation: %d x %d mesh with %d threads and at most %d iterations.""
           "" %d rows out of %d on CPU.\n"", n, m, 1, iter_max, 0, n);

    double starttime = omp_get_wtime();
    int iter = 0;


    //TODO: use OpenMP to accelerate the most time consuming loop on a GPU
    //TODO: denote all needed clauses
    while ( err > tol && iter < iter_max ) {

	err = 0.0;

#pragma omp target teams distribute parallel for reduction(max:err) schedule(nonmonotonic:static,1) \
            map(to:A[0:n*m]) map(from:Anew[0:n*m], err)
        for( j = 1; j < n-1; j++) {
            for( i = 1; i < m-1; i++ ) {
                Anew[j *m+ i] = 0.25 * ( A[j     *m+ (i+1)] + A[j     *m+ (i-1)]
                                     +   A[(j-1) *m+ i]     + A[(j+1) *m+ i]);
                err = fmax(err,fabs(Anew[j*m+i]-A[j*m+i]));
            }
        }

        for( j = 1; j < n-1; j++) {
            for( i = 1; i < m-1; i++ ) {
                A[j *m+ i] = Anew[j *m+ i];
            }
        }

        if(iter % 10 == 0) {
            printf(""%5d, %0.6f\n"", iter, err);
        }

        iter++;
    } // end while
    double runtime = omp_get_wtime() - starttime;


    printf("" total: %f s\n"", runtime );

    free(y0);
    free(Anew);
    free(A);

    return 0;
}","Function Name: main
Parameters: int argc, char** argv
Description: This function returns a int and uses OpenMP for managing threads and parallel sections; displays output to the console; performs mathematical computations using standard math functions; estimates the value of Pi using numerical methods; serves as the main entry point for program execution."
"static void initGPU();
int main(int argc, char** argv)
{
    int i,j;
    int n = 16384;
    int m = 16384;
    int iter_max = 100;

    const double pi = 2.0 * asin(1.0);
    const double tol = 1.0e-5;
    double err = 1.0;

    double* restrict const A	= malloc( n*m * sizeof(double) );
    double* restrict const Anew	= malloc( n*m * sizeof(double) );
    double* restrict const y0	= malloc( n   * sizeof(double) );

   initGPU(argc, argv);

    for( j = 0; j < n; j++)
    {
        for( i = 0; i < m; i++ )
        {
            Anew[j *m+ i]	= 0.0;
            A[j *m+ i]		= 0.0;
        }
    }

    // set boundary conditions
    for (i = 0; i < m; i++)
    {
        A[0	    *m+ i] = 0.0;
        A[(n-1) *m+ i] = 0.0;
    }

    for (j = 0; j < n; j++)
    {
        y0[j] = sin(pi * j / (n-1));
        A[j *m+ 0] = y0[j];
        A[j *m+ (m-1)] = y0[j]*exp(-pi);
        Anew[j *m+ 0] = A[j *m+ 0];
        Anew[j *m+ (m-1)] = A[j *m+ (m-1)];
    }

    printf(""Jacobi relaxation Calculation: %d x %d mesh with %d threads. %d rows out of %d on CPU.\n"", n, m,1,0,n);

    double starttime = omp_get_wtime();
    int iter = 0;


    //TODO: optimize the data movement

    while ( err > tol && iter < iter_max ) {

        err = 0.0;

        for( j = 1; j < n-1; j++) {
            for( i = 1; i < m-1; i++ ) {
                Anew[j *m+ i] = 0.25 * ( A[j     *m+ (i+1)] + A[j     *m+ (i-1)]
                                     +   A[(j-1) *m+ i]     + A[(j+1) *m+ i]);
                err = fmax(err,fabs(Anew[j*m+i]-A[j*m+i]));
            }
        }

        //TODO: use OpenACC to accelerate this loop on a GPU and keep data resident in GPU memory

        for( j = 1; j < n-1; j++) {
            for( i = 1; i < m-1; i++ ) {
                A[j *m+ i] = Anew[j *m+ i];
            }
        }

        if(iter % 10 == 0) {
            printf(""%5d, %0.6f\n"", iter, err);
        }

        iter++;
    } // end while

    double runtime = omp_get_wtime() - starttime;


    printf("" total: %f s\n"", runtime );

    free(y0);
    free(Anew);
    free(A);

    return 0;
}","Function Name: main
Parameters: int argc, char** argv
Description: This function returns a int and uses OpenMP for managing threads and parallel sections; displays output to the console; performs mathematical computations using standard math functions; estimates the value of Pi using numerical methods; serves as the main entry point for program execution."
"static void initGPU();
int main(int argc, char** argv)
{
    int i,j;
    int n = 16384;
    int m = 16384;
    int iter_max = 100;

    const double pi = 2.0 * asin(1.0);
    const double tol = 1.0e-5;
    double err = 1.0;

    double* restrict const A	= malloc( n*m * sizeof(double) );
    double* restrict const Anew	= malloc( n*m * sizeof(double) );
    double* restrict const y0	= malloc( n   * sizeof(double) );

   initGPU();

    for( j = 0; j < n; j++)
    {
        for( i = 0; i < m; i++ )
        {
            Anew[j *m+ i] = 0.0;
            A[j *m+ i]    = 0.0;
        }
    }

    // set boundary conditions
    for (i = 0; i < m; i++)
    {
        A[0	    *m+ i] = 0.0;
        A[(n-1) *m+ i] = 0.0;
    }

    for (j = 0; j < n; j++)
    {
        y0[j] = sin(pi * j / (n-1));
        A[j *m+ 0] = y0[j];
        A[j *m+ (m-1)] = y0[j]*exp(-pi);
        Anew[j *m+ 0] = A[j *m+ 0];
        Anew[j *m+ (m-1)] = A[j *m+ (m-1)];
    }

    printf(""Jacobi relaxation Calculation: %d x %d mesh with %d threads. %d rows out of %d on CPU.\n"", n, m,1,0,n);

    double starttime = omp_get_wtime();
    int iter = 0;


    //TODO: optimize the data movement
#pragma omp target data map(to:A[0:n*m]) map(alloc:Anew[0:n*m])
    while ( err > tol && iter < iter_max ) {

        err = 0.0;

#pragma omp target teams distribute parallel for reduction(max:err) schedule(nonmonotonic:static,1)
        for( j = 1; j < n-1; j++) {
            for( i = 1; i < m-1; i++ ) {
                Anew[j *m+ i] = 0.25 * ( A[j     *m+ (i+1)] + A[j     *m+ (i-1)]
                                     +   A[(j-1) *m+ i]     + A[(j+1) *m+ i]);
                err = fmax(err,fabs(Anew[j*m+i]-A[j*m+i]));
            }
        }

        //TODO: use OpenACC to accelerate this loop on a GPU and keep data resident in GPU memory
#pragma omp target teams distribute parallel for schedule(nonmonotonic:static,1)
        for( j = 1; j < n-1; j++) {
            for( i = 1; i < m-1; i++ ) {
                A[j *m+ i] = Anew[j *m+ i];
            }
        }

        if(iter % 10 == 0) {
            printf(""%5d, %0.6f\n"", iter, err);
        }

        iter++;
    } // end while

    double runtime = omp_get_wtime() - starttime;


    printf("" total: %f s\n"", runtime );

    free(y0);
    free(Anew);
    free(A);

    return 0;
}","Function Name: main
Parameters: int argc, char** argv
Description: This function returns a int and uses OpenMP for managing threads and parallel sections; displays output to the console; performs mathematical computations using standard math functions; estimates the value of Pi using numerical methods; serves as the main entry point for program execution."
"static void initGPU();
int main(int argc, char** argv)
{
    int i,j;
    int n = 16384;
    int m = 16384;
    int iter_max = 100;

    const double pi = 2.0 * asin(1.0);
    const double tol = 1.0e-5;
    double err = 1.0;

    double* restrict const A	= malloc( n*m * sizeof(double) );
    double* restrict const Anew	= malloc( n*m * sizeof(double) );
    double* restrict const y0	= malloc( n   * sizeof(double) );

    initGPU();

    for( j = 0; j < n; j++)
    {
        for( i = 0; i < m; i++ )
        {
            Anew[j *m+ i]	= 0.0;
            A[j *m+ i]		= 0.0;
        }
    }

    // set boundary conditions
    for (i = 0; i < m; i++)
    {
        A[0	    *m+ i] = 0.0;
        A[(n-1) *m+ i] = 0.0;
    }

    for (j = 0; j < n; j++)
    {
        y0[j] = sin(pi * j / (n-1));
        A[j *m+ 0] = y0[j];
        A[j *m+ (m-1)] = y0[j]*exp(-pi);
        Anew[j *m+ 0] = A[j *m+ 0];
        Anew[j *m+ (m-1)] = A[j *m+ (m-1)];
    }

    printf(""Jacobi relaxation Calculation: %d x %d mesh with %d threads. %d rows out of %d on CPU.\n"", n, m,1,0,n);

    double starttime = omp_get_wtime();
    int iter = 0;


#pragma omp target data map(to:A[0:n*m]) map(alloc:Anew[0:n*m])
    while ( err > tol && iter < iter_max ) {

        err = 0.0;

	// TODO: give the compiler more options to restructure the loop
#pragma omp target teams distribute parallel for reduction(max:err) schedule(nonmonotonic:static,1)
        for( j = 1; j < n-1; j++) {
            for( i = 1; i < m-1; i++ ) {
                Anew[j *m+ i] = 0.25 * ( A[j     *m+ (i+1)] + A[j     *m+ (i-1)]
                                     +   A[(j-1) *m+ i]     + A[(j+1) *m+ i]);
                err = fmax(err,fabs(Anew[j*m+i]-A[j*m+i]));
            }
        }

	// TODO: the same here
#pragma omp target teams distribute parallel for schedule(nonmonotonic:static,1)
        for( j = 1; j < n-1; j++) {
            for( i = 1; i < m-1; i++ ) {
                A[j *m+ i] = Anew[j *m+ i];
            }
        }

        if(iter % 10 == 0) {
            printf(""%5d, %0.6f\n"", iter, err);
        }

        iter++;
    } // end while

    double runtime = omp_get_wtime() - starttime;


    printf("" total: %f s\n"", runtime );

    free(y0);
    free(Anew);
    free(A);

    return 0;
}","Function Name: main
Parameters: int argc, char** argv
Description: This function returns a int and uses OpenMP for managing threads and parallel sections; displays output to the console; performs mathematical computations using standard math functions; estimates the value of Pi using numerical methods; serves as the main entry point for program execution."
"static void initGPU();
int main(int argc, char** argv)
{
    int i,j;
    int n = 16384;
    int m = 16384;
    int iter_max = 100;

    const double pi = 2.0 * asin(1.0);
    const double tol = 1.0e-5;
    double err = 1.0;

    double* restrict const A	= malloc( n*m * sizeof(double) );
    double* restrict const Anew	= malloc( n*m * sizeof(double) );
    double* restrict const y0	= malloc( n   * sizeof(double) );

    initGPU();

    for( j = 0; j < n; j++)
    {
        for( i = 0; i < m; i++ )
        {
            Anew[j *m+ i]	= 0.0;
            A[j *m+ i]		= 0.0;
        }
    }

    // set boundary conditions
    for (i = 0; i < m; i++)
    {
        A[0	    *m+ i] = 0.0;
        A[(n-1) *m+ i] = 0.0;
    }

    for (j = 0; j < n; j++)
    {
        y0[j] = sin(pi * j / (n-1));
        A[j *m+ 0] = y0[j];
        A[j *m+ (m-1)] = y0[j]*exp(-pi);
        Anew[j *m+ 0] = A[j *m+ 0];
        Anew[j *m+ (m-1)] = A[j *m+ (m-1)];
    }

    printf(""Jacobi relaxation Calculation: %d x %d mesh with %d threads. %d rows out of %d on CPU.\n"", n, m,1,0,n);

    double starttime = omp_get_wtime();
    int iter = 0;


#pragma omp target data map(to:A[0:n*m]) map(alloc:Anew[0:n*m])
    while ( err > tol && iter < iter_max ) {

        err = 0.0;

	// TODO: give the compiler more options to restructure the loop
#pragma omp target teams distribute parallel for collapse(2) reduction(max:err) schedule(nonmonotonic:static,1)
        for( j = 1; j < n-1; j++) {
            for( i = 1; i < m-1; i++ ) {
                Anew[j *m+ i] = 0.25 * ( A[j     *m+ (i+1)] + A[j     *m+ (i-1)]
                                     +   A[(j-1) *m+ i]     + A[(j+1) *m+ i]);
                err = fmax(err,fabs(Anew[j*m+i]-A[j*m+i]));
            }
        }

	// TODO: the same here
#pragma omp target teams distribute parallel for collapse(2) schedule(nonmonotonic:static,1)
        for( j = 1; j < n-1; j++) {
            for( i = 1; i < m-1; i++ ) {
                A[j *m+ i] = Anew[j *m+ i];
            }
        }

        if(iter % 10 == 0) {
            printf(""%5d, %0.6f\n"", iter, err);
        }

        iter++;
    } // end while

    double runtime = omp_get_wtime() - starttime;


    printf("" total: %f s\n"", runtime );

    free(y0);
    free(Anew);
    free(A);

    return 0;
}","Function Name: main
Parameters: int argc, char** argv
Description: This function returns a int and uses OpenMP for managing threads and parallel sections; displays output to the console; performs mathematical computations using standard math functions; estimates the value of Pi using numerical methods; serves as the main entry point for program execution."
"static void initGPU();
int main(int argc, char** argv)
{
    int i,j;
    int n = 16384;
    int m = 16384;
    int iter_max = 100;

    const double pi = 2.0 * asin(1.0);
    const double tol = 1.0e-5;
    double err = 1.0;

    double* restrict const A	= malloc( n*m * sizeof(double) );
    double* restrict const Anew	= malloc( n*m * sizeof(double) );
    double* restrict const y0	= malloc( n   * sizeof(double) );

   initGPU();

    for( j = 0; j < n; j++)
    {
        for( i = 0; i < m; i++ )
        {
            Anew[j *m+ i] = 0.0;
            A[j *m+ i]    = 0.0;
        }
    }

    // set boundary conditions
    for (i = 0; i < m; i++)
    {
        A[0	    *m+ i] = 0.0;
        A[(n-1) *m+ i] = 0.0;
    }

    for (j = 0; j < n; j++)
    {
        y0[j] = sin(pi * j / (n-1));
        A[j *m+ 0] = y0[j];
        A[j *m+ (m-1)] = y0[j]*exp(-pi);
        Anew[j *m+ 0] = A[j *m+ 0];
        Anew[j *m+ (m-1)] = A[j *m+ (m-1)];
    }

    printf(""Jacobi relaxation Calculation: %d x %d mesh with %d threads and at most %d iterations.""
           "" %d rows out of %d on CPU.\n"", n, m, 1, iter_max, 0, n);

    double starttime = omp_get_wtime();
    int iter = 0;


    //TODO: use OpenMP to accelerate the most time consuming loop on a GPU
    //TODO: denote all needed clauses
    while ( err > tol && iter < iter_max ) {

	err = 0.0;

        for( j = 1; j < n-1; j++) {
            for( i = 1; i < m-1; i++ ) {
                Anew[j *m+ i] = 0.25 * ( A[j     *m+ (i+1)] + A[j     *m+ (i-1)]
                                     +   A[(j-1) *m+ i]     + A[(j+1) *m+ i]);
                err = fmax(err,fabs(Anew[j*m+i]-A[j*m+i]));
            }
        }

        for( j = 1; j < n-1; j++) {
            for( i = 1; i < m-1; i++ ) {
                A[j *m+ i] = Anew[j *m+ i];
            }
        }

        if(iter % 10 == 0) {
            printf(""%5d, %0.6f\n"", iter, err);
        }

        iter++;
    } // end while
    double runtime = omp_get_wtime() - starttime;


    printf("" total: %f s\n"", runtime );

    free(y0);
    free(Anew);
    free(A);

    return 0;
}","Function Name: main
Parameters: int argc, char** argv
Description: This function returns a int and uses OpenMP for managing threads and parallel sections; displays output to the console; performs mathematical computations using standard math functions; estimates the value of Pi using numerical methods; serves as the main entry point for program execution."
"static void initGPU();
int main(int argc, char** argv)
{
    int i,j;
    int n = 16384;
    int m = 16384;
    int iter_max = 100;

    const double pi = 2.0 * asin(1.0);
    const double tol = 1.0e-5;
    double err = 1.0;

    double* restrict const A	= malloc( n*m * sizeof(double) );
    double* restrict const Anew	= malloc( n*m * sizeof(double) );
    double* restrict const y0	= malloc( n   * sizeof(double) );

   initGPU();

    for( j = 0; j < n; j++)
    {
        for( i = 0; i < m; i++ )
        {
            Anew[j *m+ i] = 0.0;
            A[j *m+ i]    = 0.0;
        }
    }

    // set boundary conditions
    for (i = 0; i < m; i++)
    {
        A[0	    *m+ i] = 0.0;
        A[(n-1) *m+ i] = 0.0;
    }

    for (j = 0; j < n; j++)
    {
        y0[j] = sin(pi * j / (n-1));
        A[j *m+ 0] = y0[j];
        A[j *m+ (m-1)] = y0[j]*exp(-pi);
        Anew[j *m+ 0] = A[j *m+ 0];
        Anew[j *m+ (m-1)] = A[j *m+ (m-1)];
    }

    printf(""Jacobi relaxation Calculation: %d x %d mesh with %d threads and at most %d iterations.""
           "" %d rows out of %d on CPU.\n"", n, m, 1, iter_max, 0, n);

    double starttime = omp_get_wtime();
    int iter = 0;


    //TODO: use OpenMP to accelerate the most time consuming loop on a GPU
    //TODO: denote all needed clauses
    while ( err > tol && iter < iter_max ) {

	err = 0.0;

#pragma omp target teams distribute parallel for reduction(max:err) schedule(nonmonotonic:static,1) \
            map(to:A[0:n*m]) map(from:Anew[0:n*m], err)
        for( j = 1; j < n-1; j++) {
            for( i = 1; i < m-1; i++ ) {
                Anew[j *m+ i] = 0.25 * ( A[j     *m+ (i+1)] + A[j     *m+ (i-1)]
                                     +   A[(j-1) *m+ i]     + A[(j+1) *m+ i]);
                err = fmax(err,fabs(Anew[j*m+i]-A[j*m+i]));
            }
        }

        for( j = 1; j < n-1; j++) {
            for( i = 1; i < m-1; i++ ) {
                A[j *m+ i] = Anew[j *m+ i];
            }
        }

        if(iter % 10 == 0) {
            printf(""%5d, %0.6f\n"", iter, err);
        }

        iter++;
    } // end while
    double runtime = omp_get_wtime() - starttime;


    printf("" total: %f s\n"", runtime );

    free(y0);
    free(Anew);
    free(A);

    return 0;
}","Function Name: main
Parameters: int argc, char** argv
Description: This function returns a int and uses OpenMP for managing threads and parallel sections; displays output to the console; performs mathematical computations using standard math functions; estimates the value of Pi using numerical methods; serves as the main entry point for program execution."
"static void initGPU();
int main(int argc, char** argv)
{
    int i,j;
    int n = 16384;
    int m = 16384;
    int iter_max = 100;

    const double pi = 2.0 * asin(1.0);
    const double tol = 1.0e-5;
    double err = 1.0;

    double* restrict const A	= malloc( n*m * sizeof(double) );
    double* restrict const Anew	= malloc( n*m * sizeof(double) );
    double* restrict const y0	= malloc( n   * sizeof(double) );

   initGPU(argc, argv);

    for( j = 0; j < n; j++)
    {
        for( i = 0; i < m; i++ )
        {
            Anew[j *m+ i]	= 0.0;
            A[j *m+ i]		= 0.0;
        }
    }

    // set boundary conditions
    for (i = 0; i < m; i++)
    {
        A[0	    *m+ i] = 0.0;
        A[(n-1) *m+ i] = 0.0;
    }

    for (j = 0; j < n; j++)
    {
        y0[j] = sin(pi * j / (n-1));
        A[j *m+ 0] = y0[j];
        A[j *m+ (m-1)] = y0[j]*exp(-pi);
        Anew[j *m+ 0] = A[j *m+ 0];
        Anew[j *m+ (m-1)] = A[j *m+ (m-1)];
    }

    printf(""Jacobi relaxation Calculation: %d x %d mesh with %d threads. %d rows out of %d on CPU.\n"", n, m,1,0,n);

    double starttime = omp_get_wtime();
    int iter = 0;


    //TODO: optimize the data movement

    while ( err > tol && iter < iter_max ) {

        err = 0.0;

        for( j = 1; j < n-1; j++) {
            for( i = 1; i < m-1; i++ ) {
                Anew[j *m+ i] = 0.25 * ( A[j     *m+ (i+1)] + A[j     *m+ (i-1)]
                                     +   A[(j-1) *m+ i]     + A[(j+1) *m+ i]);
                err = fmax(err,fabs(Anew[j*m+i]-A[j*m+i]));
            }
        }

        //TODO: use OpenACC to accelerate this loop on a GPU and keep data resident in GPU memory

        for( j = 1; j < n-1; j++) {
            for( i = 1; i < m-1; i++ ) {
                A[j *m+ i] = Anew[j *m+ i];
            }
        }

        if(iter % 10 == 0) {
            printf(""%5d, %0.6f\n"", iter, err);
        }

        iter++;
    } // end while

    double runtime = omp_get_wtime() - starttime;


    printf("" total: %f s\n"", runtime );

    free(y0);
    free(Anew);
    free(A);

    return 0;
}","Function Name: main
Parameters: int argc, char** argv
Description: This function returns a int and uses OpenMP for managing threads and parallel sections; displays output to the console; performs mathematical computations using standard math functions; estimates the value of Pi using numerical methods; serves as the main entry point for program execution."
"static void initGPU();
int main(int argc, char** argv)
{
    int i,j;
    int n = 16384;
    int m = 16384;
    int iter_max = 100;

    const double pi = 2.0 * asin(1.0);
    const double tol = 1.0e-5;
    double err = 1.0;

    double* restrict const A	= malloc( n*m * sizeof(double) );
    double* restrict const Anew	= malloc( n*m * sizeof(double) );
    double* restrict const y0	= malloc( n   * sizeof(double) );

   initGPU();

    for( j = 0; j < n; j++)
    {
        for( i = 0; i < m; i++ )
        {
            Anew[j *m+ i] = 0.0;
            A[j *m+ i]    = 0.0;
        }
    }

    // set boundary conditions
    for (i = 0; i < m; i++)
    {
        A[0	    *m+ i] = 0.0;
        A[(n-1) *m+ i] = 0.0;
    }

    for (j = 0; j < n; j++)
    {
        y0[j] = sin(pi * j / (n-1));
        A[j *m+ 0] = y0[j];
        A[j *m+ (m-1)] = y0[j]*exp(-pi);
        Anew[j *m+ 0] = A[j *m+ 0];
        Anew[j *m+ (m-1)] = A[j *m+ (m-1)];
    }

    printf(""Jacobi relaxation Calculation: %d x %d mesh with %d threads. %d rows out of %d on CPU.\n"", n, m,1,0,n);

    double starttime = omp_get_wtime();
    int iter = 0;


    //TODO: optimize the data movement
#pragma omp target data map(to:A[0:n*m]) map(alloc:Anew[0:n*m])
    while ( err > tol && iter < iter_max ) {

        err = 0.0;

#pragma omp target teams distribute parallel for reduction(max:err) schedule(nonmonotonic:static,1)
        for( j = 1; j < n-1; j++) {
            for( i = 1; i < m-1; i++ ) {
                Anew[j *m+ i] = 0.25 * ( A[j     *m+ (i+1)] + A[j     *m+ (i-1)]
                                     +   A[(j-1) *m+ i]     + A[(j+1) *m+ i]);
                err = fmax(err,fabs(Anew[j*m+i]-A[j*m+i]));
            }
        }

        //TODO: use OpenACC to accelerate this loop on a GPU and keep data resident in GPU memory
#pragma omp target teams distribute parallel for schedule(nonmonotonic:static,1)
        for( j = 1; j < n-1; j++) {
            for( i = 1; i < m-1; i++ ) {
                A[j *m+ i] = Anew[j *m+ i];
            }
        }

        if(iter % 10 == 0) {
            printf(""%5d, %0.6f\n"", iter, err);
        }

        iter++;
    } // end while

    double runtime = omp_get_wtime() - starttime;


    printf("" total: %f s\n"", runtime );

    free(y0);
    free(Anew);
    free(A);

    return 0;
}","Function Name: main
Parameters: int argc, char** argv
Description: This function returns a int and uses OpenMP for managing threads and parallel sections; displays output to the console; performs mathematical computations using standard math functions; estimates the value of Pi using numerical methods; serves as the main entry point for program execution."
"static void initGPU();
int main(int argc, char** argv)
{
    int i,j;
    int n = 16384;
    int m = 16384;
    int iter_max = 100;

    const double pi = 2.0 * asin(1.0);
    const double tol = 1.0e-5;
    double err = 1.0;

    double* restrict const A	= malloc( n*m * sizeof(double) );
    double* restrict const Anew	= malloc( n*m * sizeof(double) );
    double* restrict const y0	= malloc( n   * sizeof(double) );

    initGPU();

    for( j = 0; j < n; j++)
    {
        for( i = 0; i < m; i++ )
        {
            Anew[j *m+ i]	= 0.0;
            A[j *m+ i]		= 0.0;
        }
    }

    // set boundary conditions
    for (i = 0; i < m; i++)
    {
        A[0	    *m+ i] = 0.0;
        A[(n-1) *m+ i] = 0.0;
    }

    for (j = 0; j < n; j++)
    {
        y0[j] = sin(pi * j / (n-1));
        A[j *m+ 0] = y0[j];
        A[j *m+ (m-1)] = y0[j]*exp(-pi);
        Anew[j *m+ 0] = A[j *m+ 0];
        Anew[j *m+ (m-1)] = A[j *m+ (m-1)];
    }

    printf(""Jacobi relaxation Calculation: %d x %d mesh with %d threads. %d rows out of %d on CPU.\n"", n, m,1,0,n);

    double starttime = omp_get_wtime();
    int iter = 0;


#pragma omp target data map(to:A[0:n*m]) map(alloc:Anew[0:n*m])
    while ( err > tol && iter < iter_max ) {

        err = 0.0;

	// TODO: give the compiler more options to restructure the loop
#pragma omp target teams distribute parallel for reduction(max:err) schedule(nonmonotonic:static,1)
        for( j = 1; j < n-1; j++) {
            for( i = 1; i < m-1; i++ ) {
                Anew[j *m+ i] = 0.25 * ( A[j     *m+ (i+1)] + A[j     *m+ (i-1)]
                                     +   A[(j-1) *m+ i]     + A[(j+1) *m+ i]);
                err = fmax(err,fabs(Anew[j*m+i]-A[j*m+i]));
            }
        }

	// TODO: the same here
#pragma omp target teams distribute parallel for schedule(nonmonotonic:static,1)
        for( j = 1; j < n-1; j++) {
            for( i = 1; i < m-1; i++ ) {
                A[j *m+ i] = Anew[j *m+ i];
            }
        }

        if(iter % 10 == 0) {
            printf(""%5d, %0.6f\n"", iter, err);
        }

        iter++;
    } // end while

    double runtime = omp_get_wtime() - starttime;


    printf("" total: %f s\n"", runtime );

    free(y0);
    free(Anew);
    free(A);

    return 0;
}","Function Name: main
Parameters: int argc, char** argv
Description: This function returns a int and uses OpenMP for managing threads and parallel sections; displays output to the console; performs mathematical computations using standard math functions; estimates the value of Pi using numerical methods; serves as the main entry point for program execution."
"static void initGPU();
int main(int argc, char** argv)
{
    int i,j;
    int n = 16384;
    int m = 16384;
    int iter_max = 100;

    const double pi = 2.0 * asin(1.0);
    const double tol = 1.0e-5;
    double err = 1.0;

    double* restrict const A	= malloc( n*m * sizeof(double) );
    double* restrict const Anew	= malloc( n*m * sizeof(double) );
    double* restrict const y0	= malloc( n   * sizeof(double) );

    initGPU();

    for( j = 0; j < n; j++)
    {
        for( i = 0; i < m; i++ )
        {
            Anew[j *m+ i]	= 0.0;
            A[j *m+ i]		= 0.0;
        }
    }

    // set boundary conditions
    for (i = 0; i < m; i++)
    {
        A[0	    *m+ i] = 0.0;
        A[(n-1) *m+ i] = 0.0;
    }

    for (j = 0; j < n; j++)
    {
        y0[j] = sin(pi * j / (n-1));
        A[j *m+ 0] = y0[j];
        A[j *m+ (m-1)] = y0[j]*exp(-pi);
        Anew[j *m+ 0] = A[j *m+ 0];
        Anew[j *m+ (m-1)] = A[j *m+ (m-1)];
    }

    printf(""Jacobi relaxation Calculation: %d x %d mesh with %d threads. %d rows out of %d on CPU.\n"", n, m,1,0,n);

    double starttime = omp_get_wtime();
    int iter = 0;


#pragma omp target data map(to:A[0:n*m]) map(alloc:Anew[0:n*m])
    while ( err > tol && iter < iter_max ) {

        err = 0.0;

	// TODO: give the compiler more options to restructure the loop
#pragma omp target teams distribute parallel for collapse(2) reduction(max:err) schedule(nonmonotonic:static,1)
        for( j = 1; j < n-1; j++) {
            for( i = 1; i < m-1; i++ ) {
                Anew[j *m+ i] = 0.25 * ( A[j     *m+ (i+1)] + A[j     *m+ (i-1)]
                                     +   A[(j-1) *m+ i]     + A[(j+1) *m+ i]);
                err = fmax(err,fabs(Anew[j*m+i]-A[j*m+i]));
            }
        }

	// TODO: the same here
#pragma omp target teams distribute parallel for collapse(2) schedule(nonmonotonic:static,1)
        for( j = 1; j < n-1; j++) {
            for( i = 1; i < m-1; i++ ) {
                A[j *m+ i] = Anew[j *m+ i];
            }
        }

        if(iter % 10 == 0) {
            printf(""%5d, %0.6f\n"", iter, err);
        }

        iter++;
    } // end while

    double runtime = omp_get_wtime() - starttime;


    printf("" total: %f s\n"", runtime );

    free(y0);
    free(Anew);
    free(A);

    return 0;
}","Function Name: main
Parameters: int argc, char** argv
Description: This function returns a int and uses OpenMP for managing threads and parallel sections; displays output to the console; performs mathematical computations using standard math functions; estimates the value of Pi using numerical methods; serves as the main entry point for program execution."
"#include <string.h>
#include <stdio.h>
#include <stdlib.h>
#include <omp.h>
#include ""laplace2d.h""
int main(int argc, char** argv)
{

    int n, m, iter_max;

    if(argc > 1){
        n = atoi(argv[1]);
    } else {
        n = 4096;
    }

    if(argc > 2){
        m = atoi(argv[2]);
    } else {
        m = 4096;
    }

    if(argc > 3){
        iter_max = atoi(argv[3]);
    } else {
        iter_max = 1000;
    }

    const double tol = 1.0e-6;
    double error = 1.0;

    double *restrict A    = (double*)malloc(sizeof(double)*n*m);
    double *restrict Anew = (double*)malloc(sizeof(double)*n*m);
    
    initialize(A, Anew, m, n);
        
    printf(""Jacobi relaxation Calculation: %d x %d mesh\n"", n, m);
    
    double st = omp_get_wtime();
    int iter = 0;
   
    while ( error > tol && iter < iter_max )
    {
        error = calcNext(A, Anew, m, n);
        swap(A, Anew, m, n);

        if(iter % 100 == 0) printf(""%5d, %0.6f\n"", iter, error);
        
        iter++;

    }

    double runtime = omp_get_wtime() - st;
 
    printf("" total: %f s\n"", runtime);

    deallocate(A, Anew);

    return 0;
}","Function Name: main
Parameters: int argc, char** argv
Description: This function returns a int and uses OpenMP for managing threads and parallel sections; displays output to the console; serves as the main entry point for program execution."
"#define OFFSET(x, y, m) (((x)*(m)) + (y))
void initialize(double *restrict A, double *restrict Anew, int m, int n)
{
    memset(A, 0, n * m * sizeof(double));
    memset(Anew, 0, n * m * sizeof(double));

    for(int i = 0; i < m; i++){
        A[i] = 1.0;
        Anew[i] = 1.0;
    }
}","Function Name: initialize
Parameters: double *restrict A, double *restrict Anew, int m, int n
Description: This function returns a void and executes a general set of operations."
"double calcNext(double *restrict A, double *restrict Anew, int m, int n)
{
    double error = 0.0;
    #pragma omp target teams distribute parallel for simd collapse(2) map(to:A[:m*n]) map(from:Anew[:m*n]) map(tofrom:error) reduction(max:error)
    for( int j = 1; j < n-1; j++)
    {
        for( int i = 1; i < m-1; i++ )
        {
            Anew[OFFSET(j, i, m)] = 0.25 * ( A[OFFSET(j, i+1, m)] + A[OFFSET(j, i-1, m)]
                                           + A[OFFSET(j-1, i, m)] + A[OFFSET(j+1, i, m)]);
            error = fmax( error, fabs(Anew[OFFSET(j, i, m)] - A[OFFSET(j, i , m)]));
        }
    }
    return error;
}","Function Name: calcNext
Parameters: double *restrict A, double *restrict Anew, int m, int n
Description: This function returns a double and uses OpenMP for managing threads and parallel sections."
"void swap(double *restrict A, double *restrict Anew, int m, int n)
{
    #pragma omp target teams distribute parallel for simd collapse(2) map(to:A[:m*n]) map(from:Anew[:m*n])
    for( int j = 1; j < n-1; j++)
    {
        for( int i = 1; i < m-1; i++ )
        {
            A[OFFSET(j, i, m)] = Anew[OFFSET(j, i, m)];    
        }
    }
}","Function Name: swap
Parameters: double *restrict A, double *restrict Anew, int m, int n
Description: This function returns a void and uses OpenMP for managing threads and parallel sections."
"void deallocate(double *restrict A, double *restrict Anew)
{
    free(A);
    free(Anew);
}","Function Name: deallocate
Parameters: double *restrict A, double *restrict Anew
Description: This function returns a void and executes a general set of operations."
"#include <string.h>
#include <stdio.h>
#include <stdlib.h>
#include <omp.h>
#include ""laplace2d.h""
int main(int argc, char** argv)
{

    int n, m, iter_max;

    if(argc > 1){
        n = atoi(argv[1]);
    } else {
        n = 4096;
    }

    if(argc > 2){
        m = atoi(argv[2]);
    } else {
        m = 4096;
    }

    if(argc > 3){
        iter_max = atoi(argv[3]);
    } else {
        iter_max = 1000;
    }

    const double tol = 1.0e-6;
    double error = 1.0;

    double *restrict A    = (double*)malloc(sizeof(double)*n*m);
    double *restrict Anew = (double*)malloc(sizeof(double)*n*m);
    
    initialize(A, Anew, m, n);
        
    printf(""Jacobi relaxation Calculation: %d x %d mesh\n"", n, m);
    
    double st = omp_get_wtime();
    int iter = 0;
   
    while ( error > tol && iter < iter_max )
    {
        error = calcNext(A, Anew, m, n);
        swap(A, Anew, m, n);

        if(iter % 100 == 0) printf(""%5d, %0.6f\n"", iter, error);
        
        iter++;

    }

    double runtime = omp_get_wtime() - st;
 
    printf("" total: %f s\n"", runtime);

    deallocate(A, Anew);

    return 0;
}","Function Name: main
Parameters: int argc, char** argv
Description: This function returns a int and uses OpenMP for managing threads and parallel sections; displays output to the console; serves as the main entry point for program execution."
"#define OFFSET(x, y, m) (((x)*(m)) + (y))
void initialize(double *restrict A, double *restrict Anew, int m, int n)
{
    memset(A, 0, n * m * sizeof(double));
    memset(Anew, 0, n * m * sizeof(double));

    for(int i = 0; i < m; i++){
        A[i] = 1.0;
        Anew[i] = 1.0;
    }
}","Function Name: initialize
Parameters: double *restrict A, double *restrict Anew, int m, int n
Description: This function returns a void and executes a general set of operations."
"double calcNext(double *restrict A, double *restrict Anew, int m, int n)
{
    double error = 0.0;
    #pragma omp target teams distribute parallel for simd collapse(2) reduction(max:error)
    for( int j = 1; j < n-1; j++)
    {
        for( int i = 1; i < m-1; i++ )
        {
            Anew[OFFSET(j, i, m)] = 0.25 * ( A[OFFSET(j, i+1, m)] + A[OFFSET(j, i-1, m)]
                                           + A[OFFSET(j-1, i, m)] + A[OFFSET(j+1, i, m)]);
            error = fmax( error, fabs(Anew[OFFSET(j, i, m)] - A[OFFSET(j, i , m)]));
        }
    }
    return error;
}","Function Name: calcNext
Parameters: double *restrict A, double *restrict Anew, int m, int n
Description: This function returns a double and uses OpenMP for managing threads and parallel sections."
"void swap(double *restrict A, double *restrict Anew, int m, int n)
{
    #pragma omp target teams distribute parallel for simd collapse(2)
    for( int j = 1; j < n-1; j++)
    {
        for( int i = 1; i < m-1; i++ )
        {
            A[OFFSET(j, i, m)] = Anew[OFFSET(j, i, m)];    
        }
    }
}","Function Name: swap
Parameters: double *restrict A, double *restrict Anew, int m, int n
Description: This function returns a void and uses OpenMP for managing threads and parallel sections."
"void deallocate(double *restrict A, double *restrict Anew)
{
    free(A);
    free(Anew);
}","Function Name: deallocate
Parameters: double *restrict A, double *restrict Anew
Description: This function returns a void and executes a general set of operations."
"#include <string.h>
#include <stdio.h>
#include <stdlib.h>
#include <omp.h>
#include ""laplace2d.h""
int main(int argc, char** argv)
{

    int n, m, iter_max;

    if(argc > 1){
        n = atoi(argv[1]);
    } else {
        n = 4096;
    }

    if(argc > 2){
        m = atoi(argv[2]);
    } else {
        m = 4096;
    }

    if(argc > 3){
        iter_max = atoi(argv[3]);
    } else {
        iter_max = 1000;
    }

    const double tol = 1.0e-6;
    double error = 1.0;

    double *restrict A    = (double*)malloc(sizeof(double)*n*m);
    double *restrict Anew = (double*)malloc(sizeof(double)*n*m);
    
    initialize(A, Anew, m, n);
        
    printf(""Jacobi relaxation Calculation: %d x %d mesh\n"", n, m);
    
    double st = omp_get_wtime();
    int iter = 0;

    #pragma omp target data map(to:A[:m*n]) map(alloc:Anew[:m*n])
    {
        while ( error > tol && iter < iter_max )
        {
            error = calcNext(A, Anew, m, n);
            swap(A, Anew, m, n);

            if(iter % 100 == 0) printf(""%5d, %0.6f\n"", iter, error);
        
            iter++;

        }
    }

    double runtime = omp_get_wtime() - st;
 
    printf("" total: %f s\n"", runtime);

    deallocate(A, Anew);

    return 0;
}","Function Name: main
Parameters: int argc, char** argv
Description: This function returns a int and uses OpenMP for managing threads and parallel sections; displays output to the console; serves as the main entry point for program execution."
"#define OFFSET(x, y, m) (((x)*(m)) + (y))
void initialize(double *restrict A, double *restrict Anew, int m, int n)
{
    memset(A, 0, n * m * sizeof(double));
    memset(Anew, 0, n * m * sizeof(double));

    for(int i = 0; i < m; i++){
        A[i] = 1.0;
        Anew[i] = 1.0;
    }
}","Function Name: initialize
Parameters: double *restrict A, double *restrict Anew, int m, int n
Description: This function returns a void and executes a general set of operations."
"double calcNext(double *restrict A, double *restrict Anew, int m, int n)
{
    double error = 0.0;
    #pragma omp target teams distribute parallel for simd collapse(2) map(to:A[:m*n]) map(from:Anew[:m*n]) map(tofrom:error) reduction(max:error)
    for( int j = 1; j < n-1; j++)
    {
        for( int i = 1; i < m-1; i++ )
        {
            Anew[OFFSET(j, i, m)] = 0.25 * ( A[OFFSET(j, i+1, m)] + A[OFFSET(j, i-1, m)]
                                           + A[OFFSET(j-1, i, m)] + A[OFFSET(j+1, i, m)]);
            error = fmax( error, fabs(Anew[OFFSET(j, i, m)] - A[OFFSET(j, i , m)]));
        }
    }
    return error;
}","Function Name: calcNext
Parameters: double *restrict A, double *restrict Anew, int m, int n
Description: This function returns a double and uses OpenMP for managing threads and parallel sections."
"void swap(double *restrict A, double *restrict Anew, int m, int n)
{
    #pragma omp target teams distribute parallel for simd collapse(2) map(to:A[:m*n]) map(from:Anew[:m*n])
    for( int j = 1; j < n-1; j++)
    {
        for( int i = 1; i < m-1; i++ )
        {
            A[OFFSET(j, i, m)] = Anew[OFFSET(j, i, m)];    
        }
    }
}","Function Name: swap
Parameters: double *restrict A, double *restrict Anew, int m, int n
Description: This function returns a void and uses OpenMP for managing threads and parallel sections."
"void deallocate(double *restrict A, double *restrict Anew)
{
    free(A);
    free(Anew);
}","Function Name: deallocate
Parameters: double *restrict A, double *restrict Anew
Description: This function returns a void and executes a general set of operations."
"#include <string.h>
#include <stdio.h>
#include <stdlib.h>
#include <omp.h>
#include ""laplace2d.h""
int main(int argc, char** argv)
{

    int n, m, iter_max;

    if(argc > 1){
        n = atoi(argv[1]);
    } else {
        n = 4096;
    }

    if(argc > 2){
        m = atoi(argv[2]);
    } else {
        m = 4096;
    }

    if(argc > 3){
        iter_max = atoi(argv[3]);
    } else {
        iter_max = 1000;
    }

    const double tol = 1.0e-6;
    double error = 1.0;

    double *restrict A    = (double*)malloc(sizeof(double)*n*m);
    double *restrict Anew = (double*)malloc(sizeof(double)*n*m);
    
    initialize(A, Anew, m, n);
        
    printf(""Jacobi relaxation Calculation: %d x %d mesh\n"", n, m);
    
    double st = omp_get_wtime();
    int iter = 0;
   
    while ( error > tol && iter < iter_max )
    {
        error = calcNext(A, Anew, m, n);
        swap(A, Anew, m, n);

        if(iter % 100 == 0) printf(""%5d, %0.6f\n"", iter, error);
        
        iter++;

    }

    double runtime = omp_get_wtime() - st;
 
    printf("" total: %f s\n"", runtime);

    deallocate(A, Anew, m, n);

    return 0;
}","Function Name: main
Parameters: int argc, char** argv
Description: This function returns a int and uses OpenMP for managing threads and parallel sections; displays output to the console; serves as the main entry point for program execution."
"#define OFFSET(x, y, m) (((x)*(m)) + (y))
void initialize(double *restrict A, double *restrict Anew, int m, int n)
{
    memset(A, 0, n * m * sizeof(double));
    memset(Anew, 0, n * m * sizeof(double));

    for(int i = 0; i < m; i++){
        A[i] = 1.0;
        Anew[i] = 1.0;
    }

    #pragma omp target enter data map(to:A[:m*n],Anew[:m*n])
}","Function Name: initialize
Parameters: double *restrict A, double *restrict Anew, int m, int n
Description: This function returns a void and uses OpenMP for managing threads and parallel sections."
"double calcNext(double *restrict A, double *restrict Anew, int m, int n)
{
    double error = 0.0;
    #pragma omp target teams distribute parallel for simd collapse(2) map(to:A[:m*n]) map(from:Anew[:m*n]) map(tofrom:error) reduction(max:error)
    for( int j = 1; j < n-1; j++)
    {
        for( int i = 1; i < m-1; i++ )
        {
            Anew[OFFSET(j, i, m)] = 0.25 * ( A[OFFSET(j, i+1, m)] + A[OFFSET(j, i-1, m)]
                                           + A[OFFSET(j-1, i, m)] + A[OFFSET(j+1, i, m)]);
            error = fmax( error, fabs(Anew[OFFSET(j, i, m)] - A[OFFSET(j, i , m)]));
        }
    }
    return error;
}","Function Name: calcNext
Parameters: double *restrict A, double *restrict Anew, int m, int n
Description: This function returns a double and uses OpenMP for managing threads and parallel sections."
"void swap(double *restrict A, double *restrict Anew, int m, int n)
{
    #pragma omp target teams distribute parallel for simd collapse(2) map(to:A[:m*n]) map(from:Anew[:m*n])
    for( int j = 1; j < n-1; j++)
    {
        for( int i = 1; i < m-1; i++ )
        {
            A[OFFSET(j, i, m)] = Anew[OFFSET(j, i, m)];    
        }
    }
}","Function Name: swap
Parameters: double *restrict A, double *restrict Anew, int m, int n
Description: This function returns a void and uses OpenMP for managing threads and parallel sections."
"void deallocate(double *restrict A, double *restrict Anew, int m, int n)
{
    #pragma omp target exit data map(from:A[:m*n],Anew[:m*n])
    free(A);
    free(Anew);
}","Function Name: deallocate
Parameters: double *restrict A, double *restrict Anew, int m, int n
Description: This function returns a void and uses OpenMP for managing threads and parallel sections."
"int main() {
  int i;
  double x, pi, sum = 0.0;
  double start_time, run_time;

  step = 1.0 / (double)num_steps;

  start_time = omp_get_wtime();

#pragma omp target map(sum)
{
  #pragma omp parallel reduction(+:sum)
  #pragma omp for private(x)
  for (int i = 1; i <= num_steps; i++) {
    x = (i - 0.5) * step;
    sum = sum + 4.0 / (1.0 + x * x);
  }
}

  pi = step * sum;
  run_time = omp_get_wtime() - start_time;
  printf(""\n pi with %ld steps is %lf in %lf seconds\n "", num_steps, pi,
         run_time);
}","Function Name: main
Parameters: None
Description: This function returns a int and performs parallel execution using OpenMP directives; displays output to the console; estimates the value of Pi using numerical methods; serves as the main entry point for program execution."
"int main() {
  int i;
  double x, pi, sum = 0.0;
  double start_time, run_time;

  step = 1.0 / (double)num_steps;

  start_time = omp_get_wtime();

#pragma omp target map(sum)
{
  #pragma omp teams reduction(+:sum)
  #pragma omp distribute private(x)
  for (int i = 1; i <= num_steps; i++) {
    x = (i - 0.5) * step;
    sum = sum + 4.0 / (1.0 + x * x);
  }
}

  pi = step * sum;
  run_time = omp_get_wtime() - start_time;
  printf(""\n pi with %ld steps is %lf in %lf seconds\n "", num_steps, pi,
         run_time);
}","Function Name: main
Parameters: None
Description: This function returns a int and uses OpenMP for managing threads and parallel sections; displays output to the console; estimates the value of Pi using numerical methods; serves as the main entry point for program execution."
"int main() {
  int i;
  double x, pi, sum = 0.0;
  double start_time, run_time;

  step = 1.0 / (double)num_steps;

  start_time = omp_get_wtime();

#pragma omp target map(sum)
#pragma omp teams reduction(+:sum)
{
  int block_size = num_steps/omp_get_num_teams();
#pragma omp distribute dist_schedule(static, 1) 
  for (int ii=0; ii<num_steps; ii+=block_size)
  {
#pragma omp parallel for private(x) reduction(+:sum)
  for (int i = ii+1; i <= MIN(ii+block_size, num_steps); i++) {
    x = (i - 0.5) * step;
    sum = sum + 4.0 / (1.0 + x * x);
  }
  }
}

  pi = step * sum;
  run_time = omp_get_wtime() - start_time;
  printf(""\n pi with %ld steps is %lf in %lf seconds\n "", num_steps, pi,
         run_time);
}","Function Name: main
Parameters: None
Description: This function returns a int and performs parallel execution using OpenMP directives; displays output to the console; estimates the value of Pi using numerical methods; serves as the main entry point for program execution."
"int main() {
  int i;
  double x, pi, sum = 0.0;
  double start_time, run_time;

  step = 1.0 / (double)num_steps;

  start_time = omp_get_wtime();

#pragma omp target map(sum)
#pragma omp teams distribute parallel for simd private(x) reduction(+:sum)
  for (i = 1; i <= num_steps; i++) {
    x = (i - 0.5) * step;
    sum = sum + 4.0 / (1.0 + x * x);
  }

  pi = step * sum;
  run_time = omp_get_wtime() - start_time;
  printf(""\n pi with %ld steps is %lf in %lf seconds\n "", num_steps, pi,
         run_time);
}","Function Name: main
Parameters: None
Description: This function returns a int and uses OpenMP for managing threads and parallel sections; displays output to the console; estimates the value of Pi using numerical methods; serves as the main entry point for program execution."
"int main() {
  int i;
  double x, pi, sum = 0.0;
  double start_time, run_time;

  step = 1.0 / (double)num_steps;

  start_time = omp_get_wtime();

#pragma omp target teams distribute parallel for simd private(x) reduction(+:sum) map(sum)
  for (i = 1; i <= num_steps; i++) {
    x = (i - 0.5) * step;
    sum = sum + 4.0 / (1.0 + x * x);
  }

  pi = step * sum;
  run_time = omp_get_wtime() - start_time;
  printf(""\n pi with %ld steps is %lf in %lf seconds\n "", num_steps, pi,
         run_time);
}","Function Name: main
Parameters: None
Description: This function returns a int and uses OpenMP for managing threads and parallel sections; displays output to the console; estimates the value of Pi using numerical methods; serves as the main entry point for program execution."
"int main(int argc, char ** argv)
{
    factorize();
    return 0;
}","Function Name: main
Parameters: int argc, char ** argv
Description: This function returns a int and serves as the main entry point for program execution."
"void factorize() {
    std::vector< std::vector<int> > ratings = load_csv(""../data.txt"");

    int maxUserId = 7;
    int maxUMovieId= 9;
    int cols = maxUMovieId, rows = maxUserId;

    for (int i = 4; i < 5; ++i) {
        cout << ""Thread number: "" << i << endl;
        als(ratings, maxUserId, maxUMovieId, 4, 1);
    }
}","Function Name: factorize
Parameters: None
Description: This function returns a void and executes a general set of operations."
"void als(std::vector<std::vector<int>> ratings, int maxUserId, int maxMovieId, int rank, int threadNumber) {

    MatrixXd U = MatrixXd::Random(maxUserId, rank);
    MatrixXd M = MatrixXd::Random(rank, maxMovieId);

    MatrixXd A = MatrixXd::Zero(maxUserId, maxMovieId);
    MatrixXd W = MatrixXd::Zero(maxUserId, maxMovieId);
    for (int i = 0; i < ratings.size(); ++i) {
        int ui = ratings.at(i).at(0) - 1; // userId index
        int mi = ratings.at(i).at(1) - 1; // movieId index
        int ri = ratings.at(i).at(2); // rating
        A(ui, mi) = ri;
        W(ui, mi) = 1;
    }

    cout << A << endl << endl;
    double Eta = 0.03;
    double eta = Eta;
    int maxIteration = 2000;
    cout << U * M << endl << endl;

    int ui, mi, ri;
    double error;
    Eigen::VectorXd tempU;
    std::vector<double> errorHistory;

    double start = omp_get_wtime();
    for (int iteration = 0; iteration < maxIteration; ++iteration) {

        #pragma omp parallel for num_threads(threadNumber) schedule(static) private(ui, mi, ri, error, tempU)
        for (int i = 0; i < ratings.size(); ++i) {
            ui = ratings.at(i).at(0) - 1; // userId index
            mi = ratings.at(i).at(1) - 1; // movieId index
            ri = ratings.at(i).at(2); // rating
            error = ri - U.row(ui) * M.col(mi);

            tempU = U.row(ui) + eta * error * M.col(mi).transpose();
            M.col(mi) = M.col(mi) + eta * error * U.row(ui).transpose();
            U.row(ui) = tempU;
        }

        if (iteration % ((int) maxIteration / 15) == 0) {
            eta *= 0.8;
            errorHistory.push_back(W.cwiseProduct(A - U * M).array().square().sum());
        }
    }
    double elapsed = omp_get_wtime() - start;
    cout << ""elapsed: "" << elapsed << endl;
    cout << ""error:"" << endl;
    for (int j = 0; j < errorHistory.size(); ++j) {
        cout << ""error: "" << errorHistory.at(j) << endl;
    }
    cout << U * M << endl << endl;
//    mat2csv(A);
    mat2csv(U*M);
}","Function Name: als
Parameters: std::vector<std::vector<int>> ratings, int maxUserId, int maxMovieId, int rank, int threadNumber
Description: This function returns a void and performs parallel execution using OpenMP directives."
"void mat2csv(MatrixXd mat) {
    std::stringstream buf;
    for (int i = 0; i < mat.rows(); ++i) {

        for (int j = 0; j < mat.cols(); ++j) {
            buf << mat(i, j) << "", "";
        }
        buf << ""\n"";
    }
    cout << endl << buf.str() << endl;
}","Function Name: mat2csv
Parameters: MatrixXd mat
Description: This function returns a void and executes a general set of operations."
"void avg();
void avg_reduction();
int main() {
//    avg();
    avg_reduction();
    return 0;
}","Function Name: main
Parameters: None
Description: This function returns a int and serves as the main entry point for program execution."
"void avg_round_robin() {
    int N = 600000000;
    double tavg = 0;

    double timer_start = omp_get_wtime();
    omp_set_num_threads(16);
    #pragma omp parallel
    {
        double avg;
        int id = omp_get_thread_num();
        int nthreads = omp_get_num_threads();

        for (int i = id; i < N; i+=nthreads) {
            avg += i;
        }
        #pragma omp atomic
        tavg += avg;
    }
    double timer_elapsed = omp_get_wtime() - timer_start;
    tavg = tavg / N;

    std::cout << tavg << "" took "" << timer_elapsed << std::endl;
    //     1 threads took 2.1
    //     4 threads took 0.7
    //    48 threads took 0.65
}","Function Name: avg_round_robin
Parameters: None
Description: This function returns a void and performs parallel execution using OpenMP directives."
"void  avg_reduction() {
    int N = 600000000;
    int j = 0;
    double tavg = 0;

    double timer_start = omp_get_wtime();
    omp_set_num_threads(48);

    #pragma omp parallel for reduction(+:tavg)
    for (j = 0; j < N; ++j) {
        tavg += j;
    }

    double timer_elapsed = omp_get_wtime() - timer_start;
    tavg = tavg / N;

    std::cout << tavg << "" took "" << timer_elapsed << std::endl;
    //     1 threads took 2.1
    //     4 threads took 0.69
    //    48 threads took 0.65
}","Function Name: avg_reduction
Parameters: None
Description: This function returns a void and performs parallel execution using OpenMP directives."
"int main() {
    compare_cases();
    return 0;
}","Function Name: main
Parameters: None
Description: This function returns a int and uses OpenMP for managing threads and parallel sections; serves as the main entry point for program execution."
"void compare_cases() {
    int a=1, b=2, c=3, t=4;
    omp_set_num_threads(3);
    #pragma omp parallel private(a), firstprivate(b)
    {
        // a will be private and, but not be initialized
        // b will be private and initialized
        // c will be shared;
        // t will be local; that is it is private.
        int t = 5;

        static int s = 8; // will be shared.
        if (omp_get_thread_num() == 0)
            s = 2;

        printf(""thread id: %d, a: %d, b: %d, c: %d, t: %d, s: %d, G: %f, \n"", omp_get_thread_num(), a, b, c, t, s, G);
        a = 21;
        b = 22;
        c = 23;
        t = 24;
    }

    printf(""\nout of the parallel region\n"");
    printf(""thread id: %d, a: %d, b: %d, c: %d, t: %d, G: %f, \n"", omp_get_thread_num(), a, b, c, t, G);

//    OUTPUT:
//    thread id: 0, a: 0, b: 2, c: 3, t: 5, s: 2, G: 2.100000,
//    thread id: 2, a: 32752, b: 2, c: 3, t: 5, s: 2, G: 2.100000,
//    thread id: 1, a: 32767, b: 2, c: 3, t: 5, s: 2, G: 2.100000,
//
//    out of the parallel region
//    thread id: 0, a: 1, b: 2, c: 23, t: 4, G: 2.100000,
}","Function Name: compare_cases
Parameters: None
Description: This function returns a void and performs parallel execution using OpenMP directives; displays output to the console."
"#include <iostream>
#include <omp.h>
int main() {
    
    int heap_sum = 0;
    omp_set_num_threads(3);
    #pragma omp parallel
    {
        int stack_sum=0;
        stack_sum++;
        heap_sum++;
        printf(""stack sum is %d\n"", stack_sum);
        printf(""heap sum is %d\n"", heap_sum);
    }
    std::cout << ""final heap sum is "" << heap_sum << std::endl;

//    output:
//    stack sum is 1
//    stack sum is 1
//    stack sum is 1
//    heap sum is 3
//    heap sum is 3
//    heap sum is 3
//    final heap sum is 3
    return 0;
}","Function Name: main
Parameters: None
Description: This function returns a int and performs parallel execution using OpenMP directives; displays output to the console; serves as the main entry point for program execution."
"int main() {
    #pragma omp parallel
    {
        int ID = omp_get_thread_num();
        printf(""hello  %d\n"", ID);
        printf(""hello again %d\n"", ID);
    }
//    output:
//    hello  1
//    hello  0
//    hello  3
//    hello  2
//    hello again 1
//    hello again 0
//    hello again 3
//    hello again 2
    return 0;
}","Function Name: main
Parameters: None
Description: This function returns a int and performs parallel execution using OpenMP directives; displays output to the console; serves as the main entry point for program execution."
"void integral_reduction();
void integral_better_reduction();
int main() {
//    integral_roundrobin();
    integral_reduction();
}","Function Name: main
Parameters: None
Description: This function returns a int and serves as the main entry point for program execution."
"void integral_roundrobin() {
    int NTHREADS = 48, nthreads;
    long num_steps = 100000000;
    double step = 0;
    double pi = 0.0;
    double sum[NTHREADS];

    step = 1.0 / (double) num_steps;
    double timer_start = omp_get_wtime();
    omp_set_num_threads(NTHREADS);

    #pragma omp parallel
    {
        int i, id, lnthreads;
        double x;

        lnthreads = omp_get_num_threads();
        id = omp_get_thread_num();
        if (id == 0)
            nthreads = lnthreads;

        for (i = id, sum[id]=0; i < num_steps; i+=lnthreads) {
            x = (i+0.5) * step;
            sum[id] += 4.0 / (1.0 + x*x);
        }

    }
    for (int i = 0; i < nthreads; ++i) {
        pi += sum[i] * step;
    }

    double timer_took = omp_get_wtime() - timer_start;
    std::cout << pi << "" took "" << timer_took;

    // 1 threads  --> 0.57 seconds.
    // 4 threads  --> 1.34 seconds.
    // 24 threads --> 0.59 seconds.
    // 48 threads --> 0.46 seconds.
}","Function Name: integral_roundrobin
Parameters: None
Description: This function returns a void and performs parallel execution using OpenMP directives; estimates the value of Pi using numerical methods."
"void integral_atomic() {
    int NTHREADS = 4;
    long num_steps = 100000000;
    double step = 0;
    double pi = 0.0;

    step = 1.0 / (double) num_steps;
    double timer_start = omp_get_wtime();
    omp_set_num_threads(NTHREADS);

    #pragma omp parallel
    {
        int i, id, lnthreads;
        double x, sum = 0;

        lnthreads = omp_get_num_threads();
        id = omp_get_thread_num();

        for (i = id; i < num_steps; i+=lnthreads) {
            x = (i+0.5) * step;
            sum += 4.0 / (1.0 + x*x);
        }

        #pragma omp atomic
        pi += sum * step;

    }

    double timer_took = omp_get_wtime() - timer_start;
    std::cout << pi << "" took "" << timer_took;
    // 1 threads  --> 0.53 seconds.
    // 4 threads  --> 0.25 seconds.
    // 24 threads --> 0.24 seconds.
    // 48 threads --> 0.21 seconds.
}","Function Name: integral_atomic
Parameters: None
Description: This function returns a void and performs parallel execution using OpenMP directives; estimates the value of Pi using numerical methods."
"void integral_reduction() {
    int NTHREADS = 48;
    long num_steps = 100000000;
    double step = 0;
    double pi = 0.0;
    double sum = 0;
    int i = 0;

    step = 1.0 / (double) num_steps;

    omp_set_num_threads(NTHREADS);
    double timer_start = omp_get_wtime();

    #pragma omp parallel for reduction(+:sum)
    for (i = 0; i < num_steps; ++i) {
        int x = (i+0.5) * step;
        sum += 4.0 / (1.0 + x*x);
    }

    pi = sum * step;

    double timer_took = omp_get_wtime() - timer_start;
    std::cout << pi << "" took "" << timer_took;
    // 1 threads  --> 0.55 seconds.
    // 4 threads  --> 0.24 seconds.
    // 24 threads --> 0.24 seconds.
    // 48 threads --> 0.23 seconds.
}","Function Name: integral_reduction
Parameters: None
Description: This function returns a void and performs parallel execution using OpenMP directives; estimates the value of Pi using numerical methods."
"void integral_better_reduction() {
    // this version is better because it can work in the case of non-threaded environments.
    int NTHREADS = 48;
    long num_steps = 100000000;
    double step = 0;
    double pi = 0.0;
    double sum = 0;
    int i = 0, x;

    step = 1.0 / (double) num_steps;

    omp_set_num_threads(NTHREADS);
    double timer_start = omp_get_wtime();

    #pragma omp parallel for private(x) reduction(+:sum)
    for (i = 0; i < num_steps; ++i) {
        x = (i+0.5) * step;
        sum += 4.0 / (1.0 + x*x);
    }

    pi = sum * step;

    double timer_took = omp_get_wtime() - timer_start;
    std::cout << pi << "" took "" << timer_took;
    // 1 threads  --> 0.55 seconds.
    // 4 threads  --> 0.24 seconds.
    // 24 threads --> 0.24 seconds.
    // 48 threads --> 0.23 seconds.
}","Function Name: integral_better_reduction
Parameters: None
Description: This function returns a void and performs parallel execution using OpenMP directives; estimates the value of Pi using numerical methods."
"int main() {
    srand(12);
    Queue queue;

    #pragma omp parallel for
    for (int i = 0; i < 500; ++i) {
        queue.add(i);
    }

    size_t totalProcessedCounter = 0;
    double timer_started = omp_get_wtime();
    omp_set_num_threads(5);
    #pragma omp parallel
    {
        Node *n;
        size_t processedCounter = 0;
        double started = omp_get_wtime();

        while ((n = queue.remove()) != NULL) {
            processNode(n);
            processedCounter++;
        }

        double elapsed = omp_get_wtime() - started;
        printf(""Thread id: %d,  processed: %d nodes, took: %f seconds \n"",
               omp_get_thread_num(), processedCounter, elapsed);
        #pragma omp atomic
        totalProcessedCounter += processedCounter;
    }

    double elapsed = omp_get_wtime() - timer_started;
    std::cout << ""end. processed "" << totalProcessedCounter <<"" nodes. took "" << elapsed << "" in total "" << std::endl;
//    Thread id: 4,  processed: 100 nodes, took: 5.114557 seconds
//    Thread id: 0,  processed: 111 nodes, took: 5.118820 seconds
//    Thread id: 2,  processed: 102 nodes, took: 5.125992 seconds
//    Thread id: 3,  processed: 95 nodes, took: 5.158186 seconds
//    Thread id: 1,  processed: 92 nodes, took: 5.173112 seconds
//    end. processed 500 nodes. took 5.17337 in total

    return 0;
}","Function Name: main
Parameters: None
Description: This function returns a int and performs parallel execution using OpenMP directives; displays output to the console; serves as the main entry point for program execution."
"void processNode(Node *node) {
    int r = rand() % 9 + 1; // between 1 and 9
    usleep(r * 10000); // sleeps 0.001 or 0.090 second
}","Function Name: processNode
Parameters: Node *node
Description: This function returns a void and executes a general set of operations."
"int main() {
    Matrix m1  = Matrix(2, 3);
    Matrix m2  = Matrix(2, 3);
    for (int i = 0; i < 6; ++i) {
        m1.set((int)i / 3, i % 3, i);
        m2.set((int)i / 3, i % 3, i);
    }

    m1.set(0, 1, 6);
    std::cout << m1.toString();
    std::cout << m2.toString();
    std::cout << (m1 + m2).toString();
    std::cout << m2.T().T().T().toString();
    return 0;
}","Function Name: main
Parameters: None
Description: This function returns a int and serves as the main entry point for program execution."
"int main() {
    cout << ""the begin of loop"" << endl;

    #pragma omp parallel for
    for (int i = 0; i < 10; ++i) {
        cout << i;
    }
    cout << endl << ""the end of loop"" << endl;

//    Expected output will be similar to this:
//    the begin of loop
//    6378049152
//    the end of loop
    return 0;
}","Function Name: main
Parameters: None
Description: This function returns a int and performs parallel execution using OpenMP directives; serves as the main entry point for program execution."
"void schedule_static();
void schedule_dynamic();
void schedule_auto();
int main() {
//    schedule_static();
//    schedule_dynamic();
//    schedule_auto();

    int i, N = 10;

    #pragma omp parallel for num_threads(2) schedule(static)
    for (i = 0; i < N; i++) {
        if (omp_get_thread_num() == 0)
        printf(""Thread %d is doing iteration %d.\n"", omp_get_thread_num( ), i);
    }
//    Thread 0 is doing iteration 0.
//    Thread 0 is doing iteration 1.
//    Thread 0 is doing iteration 2.
//    Thread 0 is doing iteration 3.
//    Thread 0 is doing iteration 4.

    #pragma omp parallel for num_threads(2) schedule(static)
    for (i = 0; i < N; i++) {
        if (omp_get_thread_num() == 1)
            printf(""Thread %d is doing iteration %d.\n"", omp_get_thread_num( ), i);
    }
//    Thread 1 is doing iteration 5.
//    Thread 1 is doing iteration 6.
//    Thread 1 is doing iteration 7.
//    Thread 1 is doing iteration 8.
//    Thread 1 is doing iteration 9.

    #pragma omp parallel for num_threads(2) schedule(static, 4)
    for (i = 0; i < N; i++) {
        if (omp_get_thread_num() == 0)
            printf(""Thread %d is doing iteration %d.\n"", omp_get_thread_num( ), i);
    }
//    Thread 0 is doing iteration 0.
//    Thread 0 is doing iteration 1.
//    Thread 0 is doing iteration 2.
//    Thread 0 is doing iteration 3.
//    Thread 0 is doing iteration 8.
//    Thread 0 is doing iteration 9.

    #pragma omp parallel for num_threads(2) schedule(dynamic, 3)
    for (i = 0; i < N; i++) {
        if (omp_get_thread_num() == 1)
            printf(""Thread %d is doing iteration %d.\n"", omp_get_thread_num( ), i);
    }
//    Thread 1 is doing iteration 3.
//    Thread 1 is doing iteration 4.
//    Thread 1 is doing iteration 5.
//    or
//    Thread 1 is doing iteration 0.
//    Thread 1 is doing iteration 1.
//    Thread 1 is doing iteration 2.

    return 0;
}","Function Name: main
Parameters: None
Description: This function returns a int and performs parallel execution using OpenMP directives; displays output to the console; serves as the main entry point for program execution."
"void schedule_static() {
    int N = 1000000000;
    int i;
    double avg = 0;

    omp_set_num_threads(16);

    double timer_started = omp_get_wtime();

#pragma omp parallel for reduction(+:avg) schedule(static)
    for (i = 0; i < N; ++i) {
        avg += i;
    }

    avg /= N;

    double elapsed = omp_get_wtime() - timer_started;

    std::cout << avg << "" took "" << elapsed << std::endl;
    // 5e+08 took 1.41788
}","Function Name: schedule_static
Parameters: None
Description: This function returns a void and performs parallel execution using OpenMP directives."
"void schedule_dynamic() {
    int N = 1000000000;
    int i;
    double avg = 0;

    omp_set_num_threads(16);

    double timer_started = omp_get_wtime();
    #pragma omp parallel for reduction(+:avg) schedule(dynamic, 1000)
    for (i = 0; i < N; ++i) {
        avg += i;
    }

    avg /= N;

    double elapsed = omp_get_wtime() - timer_started;

    std::cout << avg << "" took "" << elapsed << std::endl;
    // 5e+08 took 1.34788
}","Function Name: schedule_dynamic
Parameters: None
Description: This function returns a void and performs parallel execution using OpenMP directives."
"void schedule_auto() {
    int N = 1000000000;
    int i;
    double avg = 0;

    omp_set_num_threads(16);

    double timer_started = omp_get_wtime();

#pragma omp parallel for reduction(+:avg) schedule(auto)
    for (i = 0; i < N; ++i) {
        avg += i;
    }

    avg /= N;

    double elapsed = omp_get_wtime() - timer_started;

    std::cout << avg << "" took "" << elapsed << std::endl;
    // 5e+08 took 1.39788
}","Function Name: schedule_auto
Parameters: None
Description: This function returns a void and performs parallel execution using OpenMP directives."
"#include ""omp.h""
#include ""libompvv.h""

int offload_test() {
  int a = 0;

#pragma omp target map(tofrom: a)
  {
    a = 1;
  }

  return a;
}","Function Name: offload_test
Parameters: None
Description: Static lib file for OMP Validation and verification test suite."
"void addEdge(struct Edge* graph[], int src, int dest, int weight) {
    struct Edge* newEdge = createEdge(dest, weight);
    newEdge->next = graph[src];
    graph[src] = newEdge;
    graph[src]->edgeCount++;  // Increment edgeCount for the source node
}","Function Name: addEdge
Parameters: struct Edge* graph[], int src, int dest, int weight
Description: This function returns a void and adds an edge to a graph data structure."
"void printPath(int parent[], int v) {
    FILE* file = fopen(""Path.txt"", ""a"");  // Use ""a"" for append mode instead of ""w"" for write mode
    if (!file) {
        printf(""Error opening file.\n"");
        return;
    }

    if (parent[v] == -1) {
        printf(""%d "", v);
        fprintf(file, ""%d "", v);
    } else {
        printPath(parent, parent[v]);
        printf(""%d "", v);
        fprintf(file, ""%d "", v);
    }

    fclose(file);  // Close the file after writing
}","Function Name: printPath
Parameters: int parent[], int v
Description: This function returns a void and outputs data to the console; computes or processes paths in a graph."
"void lookupCharacters(const char* pathFile, const char* mappingFile, int rank) {
    // printf(""Entered\n"");
    // Only execute this block of code in the master process (rank 0)
    if (rank >= 0) {
        // printf(""Entered if\n"");

        // Open the mapping file for reading
        FILE* mapping = fopen(mappingFile, ""r"");
        if (!mapping) {
            printf(""Error opening mapping file.\n"");
            return;
        }

        // Read the header line
        char header[MAX_LINE_LENGTH];
        if (!fgets(header, MAX_LINE_LENGTH, mapping)) {
            printf(""Error reading mapping file.\n"");
            fclose(mapping);
            return;
        }

        // Open the path file for reading
        FILE* path = fopen(pathFile, ""r"");
        if (!path) {
            printf(""Error opening path file.\n"");
            fclose(mapping);
            return;
        }

        // Check if the mapping file is empty
        fseek(path, 0, SEEK_END);
        if (ftell(path) == 0) {
            printf(""Path file is empty.\n"");
            fclose(path);
            return;
        }
        fseek(path, 0, SEEK_SET);

        // Read each line from the path file
        char line[MAX_LINE_LENGTH];
        while (fgets(line, MAX_LINE_LENGTH, path)) {
            // printf(""Entered while\n"");
            char* token = strtok(line, "" "");
            int integers[MAX_INTS_PER_LINE];
            int count = 0;
            while (token != NULL && count < MAX_INTS_PER_LINE) {
                // Convert the token to an integer
                integers[count++] = atoi(token);
                token = strtok(NULL, "" "");
            }
            // printf(""g"");
            // Search for each integer in the mapping file
            for (int i = 0; i < count; i++) {
                fseek(mapping, 0, SEEK_SET); // Reset file pointer to beginning
                while (fgets(line, MAX_LINE_LENGTH, mapping)) {
                    // Parse the line to get the character name and integer
                    char* characterName = strtok(line, "","");
                    if (characterName == NULL) {
                        printf(""Error parsing mapping file.\n"");
                        continue;
                    }

                    // Get the integer
                    token = strtok(NULL, "","");
                    if (token == NULL) {
                        printf(""Error parsing mapping file.\n"");
                        continue;
                    }
                    int characterInteger = atoi(token);
                    // printf(""d"");
                    // Check if the integers match
                    if (characterInteger == integers[i]) {
                        printf(""%s "", characterName);
                        printf("" -> "");
                        break; // Found the character, move to the next integer
                    }

                }
            }
            printf(""END \n"");
        }
        // printf("" END "");
        // Close the files
        fclose(path);
        fclose(mapping);
    }
}","Function Name: lookupCharacters
Parameters: const char* pathFile, const char* mappingFile, int rank
Description: This function returns a void and performs a file or character lookup operation."
"void kthShortestPath(struct Edge* graph[], int k, int rank, int size) {
    // Priority queue to store nodes
    struct Node* pq = (struct Node*)malloc(MAX_NODES * sizeof(struct Node));
    int pqSize = 0;

    // Initialize distance array and parent array
    int distance[MAX_NODES + 1];
    int parent[MAX_NODES + 1];
    for (int i = 0; i <= MAX_NODES; i++) {
        distance[i] = INF;
        parent[i] = -1;
    }

    // Initialize the source node (node 1)
    distance[1] = 0;
    pq[pqSize].vertex = 1;
    pq[pqSize].distance = 0;
    pqSize++;

    #pragma omp parallel
    {
        while (pqSize > 0) {
            // Get the node with the minimum distance from the priority queue
            int u = pq[0].vertex;
            int d = pq[0].distance;

            // Remove the minimum node from the priority queue
            #pragma omp critical
            {
                pqSize--;
                pq[0] = pq[pqSize];
            }

            // Fix the heap property
            int i = 0;
            while (true) {
                int leftChild = 2 * i + 1;
                int rightChild = 2 * i + 2;
                int smallest = i;

                if (leftChild < pqSize && pq[leftChild].distance < pq[smallest].distance) {
                    smallest = leftChild;
                }

                if (rightChild < pqSize && pq[rightChild].distance < pq[smallest].distance) {
                    smallest = rightChild;
                }

                if (smallest != i) {
                    struct Node temp = pq[i];
                    pq[i] = pq[smallest];
                    pq[smallest] = temp;
                    i = smallest;
                } else {
                    break;
                }
            }

            // Relax edges from u
            struct Edge* cur = graph[u];
            while (cur != NULL) {
                int v = cur->dest;
                int w = cur->weight;
                if (distance[u] + w < distance[v]) {
                    distance[v] = distance[u] + w;
                    parent[v] = u;

                    #pragma omp critical
                    {
                        pq[pqSize].vertex = v;
                        pq[pqSize].distance = distance[v];
                        pqSize++;
                    }

                    // Fix the heap property ... (similar to the above code)
                }
                cur = cur->next;
            }
        }
    }

    // Print the k-th shortest path (only in the master process)
    if (rank == 0) {
        for (int i = 1; i <= MAX_NODES; i++) {
        printf(""Parent of node %d: %d\n"", i, parent[i]);
        }
        printf(""Kth shortest path: "");
        printPath(parent, MAX_NODES);
        printf(""\n"");
    }

    free(pq);
}","Function Name: kthShortestPath
Parameters: struct Edge* graph[], int k, int rank, int size
Description: This function returns a void and computes or processes paths in a graph."
"void initializeGraph(struct Edge * graph[]) {
    for (int i = 0; i <= MAX_NODES; i++) {
        graph[i] = NULL;
        //printf(""NULL"");
    }
}","Function Name: initializeGraph
Parameters: struct Edge * graph[]
Description: This function returns a void and initializes data structures or variables."
"int main(int argc, char* argv[]) {

    // Initialize MPI
    MPI_Init(&argc, &argv);
    int rank, size;
    MPI_Comm_rank(MPI_COMM_WORLD, &rank);
    MPI_Comm_size(MPI_COMM_WORLD, &size);

    // Read the graph from the file
    struct Edge* graph[MAX_NODES + 1];
    initializeGraph(graph); // Initialize the graph
    FILE* file = fopen(""mapped.txt"", ""r"");
    if (file == NULL) {
        printf(""Error opening the file.\n"");
        MPI_Finalize();
        return 1;
    }
    int u, v;
    while (fscanf(file, ""%d %d"", &u, &v) != EOF) {
        addEdge(graph, u, v, 1);
    }
    fclose(file);

    FILE* file1 = fopen(""Path.txt"", ""w"");
    fclose(file1);

    // Find the kth shortest path
    int k = 1; // Assuming k is 1 for simplicity
    
    kthShortestPath(graph, k, rank, size);
    
    const char* pathFile = ""Path.txt"";
    const char* mappingFile = ""character_integer_mapping.csv"";

    if (rank == 0) {
        printf(""\n\n Kth PATH : "");
        lookupCharacters(pathFile, mappingFile, rank);
        printf(""\n\n"");
    }

    // Finalize MPI
    MPI_Finalize();

    return 0;
}","Function Name: main
Parameters: int argc, char* argv[]
Description: This function returns a int and performs general computation."
"void min_heapify(int **arr, int n, int i) {
    int smallest = i;
    int left = 2 * i + 1;
    int right = 2 * i + 2;

    if (left < n && arr[left][0] < arr[smallest][0])
        smallest = left;

    if (right < n && arr[right][0] < arr[smallest][0])
        smallest = right;

    if (smallest != i) {
        // Swap elements
        int temp0 = arr[i][0];
        int temp1 = arr[i][1];
        arr[i][0] = arr[smallest][0];
        arr[i][1] = arr[smallest][1];
        arr[smallest][0] = temp0;
        arr[smallest][1] = temp1;

        // Recursively heapify the affected sub-tree
        min_heapify(arr, n, smallest);
    }
}","Function Name: min_heapify
Parameters: int **arr, int n, int i
Description: This function returns a void and performs general computation."
"void build_min_heap(int **arr, int n) {
    for (int i = n / 2 - 1; i >= 0; i--) {
        min_heapify(arr, n, i);
    }
}","Function Name: build_min_heap
Parameters: int **arr, int n
Description: This function returns a void and performs general computation."
"void findKShortest(struct Edge **g, int n, int k, int rank, int size) {
    // Array to store distances
    int **dis = (int **)malloc((n + 1) * sizeof(int *));
    for (int i = 0; i <= n; i++) {
        dis[i] = (int *)malloc(k * sizeof(int));
        for (int j = 0; j < k; j++) {
            dis[i][j] = INT_MAX;
        }
    }

    // Initialization of priority queue (local to each MPI process)
    int **pq = (int **)malloc(2 * n * sizeof(int *));
    for (int i = 0; i < 2 * n; i++) {
        pq[i] = (int *)malloc(2 * sizeof(int));
    }
    pq[0][0] = 0;
    pq[0][1] = 1;
    dis[1][0] = 0;
    int pq_size = 1;

    // Parallelize computation of K shortest paths using OpenMP
    #pragma omp parallel
    {
        while (pq_size > 0) {
            // Storing the node value
            int u, d;
            #pragma omp critical
            {
                u = pq[0][1];
                d = pq[0][0];
                #pragma omp atomic
                pq_size--;
                pq[0][0] = pq[pq_size][0];
                pq[0][1] = pq[pq_size][1];
                min_heapify(pq, pq_size, 0);
            }

            if (dis[u][k - 1] < d)
                continue;

            // Traverse the adjacency list
            struct Edge *cur = g[u];
            #pragma omp parallel 
            {
            while (cur != NULL) {
                int dest = cur->dest;
                int cost = cur->cost;

                // Checking for the cost
                if (d + cost < dis[dest][k - 1]) {
                    #pragma omp critical(push_pq)
                    {
                        dis[dest][k - 1] = d + cost;

                        // Sorting the distances

                        #pragma omp parallel
                        for (int i = k - 1; i > 0 && dis[dest][i] < dis[dest][i - 1]; i--) {
                            int temp = dis[dest][i];
                            dis[dest][i] = dis[dest][i - 1];
                            dis[dest][i - 1] = temp;
                        }

                        // Pushing elements to priority queue
                        if (pq_size < 2 * n) {
                            pq[pq_size][0] = d + cost;
                            pq[pq_size][1] = dest;
                            #pragma omp atomic
                            pq_size++;
                            if (pq_size == 2) {
                                build_min_heap(pq, pq_size);
                            }
                        } else {
                            #pragma omp critical(update_pq)
                            {
                                pq[0][0] = d + cost;
                                pq[0][1] = dest;
                                min_heapify(pq, pq_size, 0);
                            }
                        }
                    }
                }
                cur = cur->next;
            }
            }
        }
    }

    // Printing K shortest paths (only by rank 0 process)
    if (rank == 0) {
        for (int i = 0; i < k; i++) {
            printf(""%d "", dis[n][i]);
        }
        printf(""\n"");
    }

    // Free memory (not freeing for synchronization)
}","Function Name: findKShortest
Parameters: struct Edge **g, int n, int k, int rank, int size
Description: This function returns a void and performs general computation."
"int main(int argc, char *argv[]) {
    // Initialize MPI
    MPI_Init(&argc, &argv);
    int rank, size;
    MPI_Comm_rank(MPI_COMM_WORLD, &rank);
    MPI_Comm_size(MPI_COMM_WORLD, &size);

    // Given Input
    int N = 0; // Number of nodes, will be determined from edges
    int K = 3;
    int edge_count = 0;
    int (*edges)[2] = NULL; // Pointer to 2D array for edges

    FILE *file;
    if (rank == 0) {
        file = fopen(""mapped.txt"", ""r"");
        if (file == NULL) {
            printf(""Error opening the file.\n"");
            MPI_Finalize();
            return 1;
        }

        // Count the number of edges in the file
        int src, dest;
        while (fscanf(file, ""%d %d"", &src, &dest) == 2) {
            edge_count++;
        }

        // Reset the file pointer to the beginning of the file
        fseek(file, 0, SEEK_SET);

        // Allocate memory for the edges
        edges = malloc(edge_count * sizeof(*edges));

        // Read edges from the file
        int i = 0;
        while (fscanf(file, ""%d %d"", &src, &dest) == 2) {
            edges[i][0] = src;
            edges[i][1] = dest;
            i++;
        }

        fclose(file);

        // Assuming N as the maximum node number in the edges
        int max_node = 0;
        for (int j = 0; j < edge_count; j++) {
            if (edges[j][0] > max_node) {
                max_node = edges[j][0];
            }
            if (edges[j][1] > max_node) {
                max_node = edges[j][1];
            }
        }
        N = max_node;
    }

    // Broadcast the edge count to all MPI processes
    MPI_Bcast(&edge_count, 1, MPI_INT, 0, MPI_COMM_WORLD);
    MPI_Bcast(&N, 1, MPI_INT, 0, MPI_COMM_WORLD);

    // Broadcast the edges array to all MPI processes
    if (rank != 0) {
        edges = malloc(edge_count * sizeof(*edges));
    }
    MPI_Bcast(edges, edge_count * 2, MPI_INT, 0, MPI_COMM_WORLD);

    // Create and populate the graph
    struct Edge **graph = (struct Edge **)malloc((N + 1) * sizeof(struct Edge *));
    for (int i = 0; i <= N; i++) {
        graph[i] = NULL;
    }

    // Populate the graph with edges
    for (int i = 0; i < edge_count; i++) {
        int src = edges[i][0];
        int dest = edges[i][1];
        int cost = 1; // Assuming edge weight of 1
        struct Edge *new_edge = (struct Edge *)malloc(sizeof(struct Edge));
        new_edge->src = src;
        new_edge->dest = dest;
        new_edge->cost = cost;
        new_edge->next = graph[src];
        graph[src] = new_edge;
    }

    // Function Call
    findKShortest(graph, N, K, rank, size);

    // Free memory
    for (int i = 0; i <= N; i++) {
        struct Edge *temp = graph[i];
        while (temp != NULL) {
            struct Edge *to_free = temp;
            temp = temp->next;
            free(to_free);
        }
    }
    free(graph);
    free(edges);

    // Finalize MPI
    MPI_Finalize();
    return 0;
}","Function Name: main
Parameters: int argc, char *argv[]
Description: This function returns a int and performs general computation."
"#endif
static double generate_range_random_double(double min, double max)
{
	return ((((double)rand_r(&global_seed) / (double)RAND_MAX) * (max - min)) + min);
}","Function Name: generate_range_random_double
Parameters: double min, double max
Description: This function returns a double and performs general computation."
"static double get_wtime()
{
	struct timespec mtime;

	clock_gettime(CLOCK_MONOTONIC, &mtime);

	return ((double)mtime.tv_sec + ((double)mtime.tv_nsec / 1000000000.0));
}","Function Name: get_wtime
Parameters: None
Description: This function returns a double and performs general computation."
"static void dump_to_file(const char *path, FISH *fish, long long int size)
{
	FILE *F;
	long long int i;

	if ((path != NULL) && (fish != NULL))
	{
		F = fopen(path, ""w+t"");

		if (F != NULL)
		{
			for (i = 0LL; i < size; i++)
			{
				fprintf(F, ""%f %f\n"", fish[i].x, fish[i].y);
			}
			fclose(F);
		}
	}
}","Function Name: dump_to_file
Parameters: const char *path, FISH *fish, long long int size
Description: This function returns a void and performs general computation."
"int main(int argc, char **argv)
{
	FISH *fish;		  // Fish coordinate array pointer
	FISHEXT *fishext; // Fish extend array pointer
	int num_threads, rank, size, is_openmp, is_mpi;
	long long int num_fishes, num_iterate_steps, i, t, m, m1, mx, b;
	double sum_f;
	double sum_f_i;
	double max_delt_f;
	double tmp_d;
	double bari;
	double t1, t2; // Time for recording
	FILE *F;
	char str[64];
#if defined(USE_MPI)
	FISH *g_fish;	// All Fish coordinate array pointer
	FISH *tempfish; // Only self for exchange
	int j, max_items, curr_items;
	long long int offset, curr_offset;
	double mpi_reduction_sum_f, mpi_reduction_sum_f_i, mpi_reduction_max_delt_f, *p_mpi_scatter_max_delt_f;
#endif

#if defined(USE_MPI)
	MPI_Init(&argc, &argv);

	MPI_Comm_rank(MPI_COMM_WORLD, &rank);
	MPI_Comm_size(MPI_COMM_WORLD, &size);

	if (size < 2)
	{
		printf(""Need at least two MPI tasks. Quitting...\n"");
		exit(1);
	}
	is_mpi = 1;
#else
	rank = 0;
	size = 1;
	is_mpi = 0;
#endif

#if !defined(_OPENMP)
	is_openmp = 0;
#else
	is_openmp = 1;
#endif

	num_iterate_steps = DEFAULT_ITERATE_STEP;
	num_fishes = DEFAULT_NUM_FISH;
	if (argc > 1)
	{
		num_iterate_steps = atoll(argv[1]); // get steps from argument 1
		if (num_iterate_steps < 0LL)
		{
			num_iterate_steps = DEFAULT_ITERATE_STEP;
		}
		if (argc > 2)
		{
			num_fishes = atoll(argv[2]); // get fish from argument 2
			if (num_fishes <= 0LL)
			{
				num_fishes = DEFAULT_NUM_FISH;
			}
#if defined(_OPENMP) // openmp model
			if (argc > 3)
			{
				if (atoi(argv[3]) > 0LL)
				{
					omp_set_num_threads(atoi(argv[3]));
				}
			}
#endif
		}
	}

	m = num_fishes / size;
	b = num_fishes % size;
	if (b != 0)
	{
		m1 = m + 1;
	}
	else
	{
		m1 = m;
	}
	mx = rank < b ? m1 : m;

	fish = NULL;
	fishext = NULL;
#if defined(USE_MPI)
	g_fish = NULL;
	tempfish = NULL;
	p_mpi_scatter_max_delt_f = NULL;
#endif

	fish = (FISH *)malloc(sizeof(FISH) * (size_t)mx); // heap alloc loacl fish array
	if (fish == NULL)
	{
		printf(""Error: failed to allocate buffer\n"");
		exit(1);
	}

#if defined(USE_MPI)
	if (rank == 0)
	{
		g_fish = (FISH *)malloc(sizeof(FISH) * (size_t)num_fishes); // heap alloc globel fish array
		if (g_fish == NULL)
		{
			printf(""Error: failed to allocate buffer\n"");
			exit(1);
		}
#if defined(_OPENMP) // openmp model
#pragma omp parallel
		{
			global_seed = time(NULL) + rank + omp_get_thread_num();
#pragma omp for schedule(static)
#else
		global_seed = time(NULL) + rank;
#endif
			for (i = 0; i < num_fishes; i++)
			{
				g_fish[i].x = generate_range_random_double(MIN_XY, MAX_XY);
				g_fish[i].y = generate_range_random_double(MIN_XY, MAX_XY);
			}
#if defined(_OPENMP) // openmp model
		}
#endif
		printf(""Dumping first file...\n"");
		dump_to_file(argc > 4 ? argv[4] : ""fish1.txt"", g_fish, num_fishes);
	}

	MPI_Barrier(MPI_COMM_WORLD);

	max_items = INT_MAX / sizeof(FISH);
	if ((m == m1) && (num_fishes <= max_items))
	{
		if (rank == 0)
		{
			printf(""Exchange Data By Scatter/Gather Model...\n"");
		}
		MPI_Scatter(g_fish, m * 2, MPI_DOUBLE, fish, m * 2, MPI_DOUBLE, 0, MPI_COMM_WORLD);
		MPI_Gather(fish, m * 2, MPI_DOUBLE, g_fish, m * 2, MPI_DOUBLE, 0, MPI_COMM_WORLD);
	}
	else
	{
		if (rank == 0)
		{
			printf(""Exchange Data By MPI_Send/MPI_Recv Model...\n"");
		}
		max_items = INT_MAX / 2;
		offset = 0LL;
		do
		{ // This loop is for large amounts of data
			if (rank == 0)
			{ // rank 0, using rank 1 for self exchange
				curr_items = ((m1 - offset) > max_items ? max_items : (m1 - offset));
				MPI_Send(g_fish + offset, curr_items * 2, MPI_DOUBLE, 1, INIT_TAG_SELF_EXCHANGE, MPI_COMM_WORLD);				   // send global fish block to rank 1
				memset(g_fish + offset, 0, sizeof(FISH) * (size_t)curr_items);													   // clear sent global fish block
				MPI_Recv(fish + offset, curr_items * 2, MPI_DOUBLE, 1, INIT_TAG_SELF_EXCHANGE, MPI_COMM_WORLD, MPI_STATUS_IGNORE); // recv local fish block from rank 1
			}
			else if (rank == 1)
			{ // rank 1
				curr_items = ((m1 - offset) > max_items ? max_items : (m1 - offset));
				if (tempfish == NULL)
				{
					tempfish = (FISH *)malloc(sizeof(FISH) * curr_items);
					if (tempfish == NULL)
					{
						printf(""Error: failed to allocate buffer\n"");
						exit(1);
					}
				}
				MPI_Recv(tempfish, curr_items * 2, MPI_DOUBLE, 0, INIT_TAG_SELF_EXCHANGE, MPI_COMM_WORLD, MPI_STATUS_IGNORE); // recv global fish block from rank 0
				MPI_Send(tempfish, curr_items * 2, MPI_DOUBLE, 0, INIT_TAG_SELF_EXCHANGE, MPI_COMM_WORLD);					  // send global fish block to rank 0
			}
			if (rank == 0)
			{
				for (j = 1; j < size; j++)
				{
					if (j < b)
					{
						curr_items = (m1 - offset) > max_items ? max_items : (m1 - offset);
						curr_offset = (m1 * j) + offset;
					}
					else
					{
						curr_items = (m - offset) > max_items ? max_items : (m - offset);
						curr_offset = ((m1 * b) + (m * (j - b))) + offset;
					}
					MPI_Send(g_fish + curr_offset, curr_items * 2, MPI_DOUBLE, j, INIT_TAG, MPI_COMM_WORLD);					// send global fish block to rank j
					memset(g_fish + curr_offset, 0, sizeof(FISH) * (size_t)curr_items);											// clear sent global fish block
					MPI_Recv(g_fish + curr_offset, curr_items * 2, MPI_DOUBLE, j, INIT_TAG, MPI_COMM_WORLD, MPI_STATUS_IGNORE); // recv local fish block from rank j
				}
			}
			else
			{
				if (rank < b)
				{
					curr_items = (m1 - offset) > max_items ? max_items : (m1 - offset);
				}
				else
				{
					curr_items = (m - offset) > max_items ? max_items : (m - offset);
				}
				MPI_Recv(fish + offset, curr_items * 2, MPI_DOUBLE, 0, INIT_TAG, MPI_COMM_WORLD, MPI_STATUS_IGNORE); // recv global fish block from rank 0
				MPI_Send(fish + offset, curr_items * 2, MPI_DOUBLE, 0, INIT_TAG, MPI_COMM_WORLD);					 // send local fish block to rank 0
			}
			if (rank == 0)
			{ // rank 0, using rank 1 for self exchange
				curr_items = (m1 - offset) > max_items ? max_items : (m1 - offset);
				MPI_Send(fish + offset, curr_items * 2, MPI_DOUBLE, 1, INIT_TAG_SELF_EXCHANGE, MPI_COMM_WORLD);						 // send local fish block to rank 1
				MPI_Recv(g_fish + offset, curr_items * 2, MPI_DOUBLE, 1, INIT_TAG_SELF_EXCHANGE, MPI_COMM_WORLD, MPI_STATUS_IGNORE); // recv global fish block from rank 1
			}
			else if (rank == 1)
			{
				curr_items = (m1 - offset) > max_items ? max_items : (m1 - offset);
				MPI_Recv(tempfish, curr_items * 2, MPI_DOUBLE, 0, INIT_TAG_SELF_EXCHANGE, MPI_COMM_WORLD, MPI_STATUS_IGNORE); // recv local fish block from rank 0
				MPI_Send(tempfish, curr_items * 2, MPI_DOUBLE, 0, INIT_TAG_SELF_EXCHANGE, MPI_COMM_WORLD);					  // send local fish block to rank 0
			}
			offset += curr_items;
		} while (offset < mx);
	}

	if (tempfish != NULL)
	{
		free(tempfish);
		tempfish = NULL;
	}

	if (rank == 0)
	{
		printf(""Dumping second file...\n"");
		dump_to_file(argc > 5 ? argv[5] : ""fish2.txt"", g_fish, num_fishes);
		free(g_fish);
		g_fish = NULL;

		p_mpi_scatter_max_delt_f = (double *)malloc(sizeof(double) * size);
		if (p_mpi_scatter_max_delt_f == NULL)
		{
			printf(""Error: failed to allocate buffer\n"");
			exit(1);
		}
	}
#endif

	fishext = (FISHEXT *)malloc(sizeof(FISHEXT) * (size_t)mx); // heap alloc loacl fish array
	if (fishext == NULL)
	{
		printf(""Error: failed to allocate buffer\n"");
		exit(1);
	}

#if defined(_OPENMP) // openmp model
#pragma omp parallel
	{
		if (omp_get_thread_num() == 0)
		{
			num_threads = omp_get_num_threads();
		}
#pragma omp for schedule(static)
#else
	num_threads = 1;
#endif
		for (i = 0; i < mx; i++)
		{
#if !defined(USE_MPI)
			fish[i].x = generate_range_random_double(MIN_XY, MAX_XY);
			fish[i].y = generate_range_random_double(MIN_XY, MAX_XY);
#endif
			fishext[i].w = INIT_WEIGHT;
			fishext[i].d = sqrt((fish[i].x * fish[i].x) + (fish[i].y * fish[i].y));
		}
#if defined(_OPENMP) // openmp model
	}
#endif

#if defined(USE_MPI)
	MPI_Barrier(MPI_COMM_WORLD);

	mpi_reduction_sum_f_i = 1.0;
	mpi_reduction_sum_f = 1.0;
#endif
	bari = 0.0;
	t1 = get_wtime();
	for (t = 0; t < num_iterate_steps; t++)
	{ // Every fish's moving coordinate depend on previous coordinate, so this loop can't parallel.
		sum_f = 0.0;
		sum_f_i = 0.0;
		max_delt_f = -1.0;
		if (t == 0)
		{
#if defined(_OPENMP) // openmp model
#pragma omp parallel for schedule(runtime) reduction(+ : sum_f_i, sum_f)
#endif
			for (i = 0; i < mx; i++)
			{
				sum_f += fishext[i].d;
				fishext[i].w += generate_range_random_double(-0.0001, 0.0001); // first change weight
				sum_f_i += fishext[i].d * fishext[i].w;
			}
		}
		else
		{
#if defined(_OPENMP) // openmp model
#pragma omp parallel
			{
#pragma omp for schedule(runtime) private(tmp_d) reduction(max : max_delt_f)
#endif
				for (i = 0; i < mx; i++)
				{ // Move
					do
					{
						fish[i].x += generate_range_random_double(MIN_MOVING_XY, MAX_MOVING_XY);
						if (fish[i].x < MIN_XY)
						{ // check for left limit
							fish[i].x = MIN_XY;
						}
						else if (fish[i].x > MAX_XY)
						{ // check for right limit
							fish[i].x = MAX_XY;
						}
						fish[i].y += generate_range_random_double(MIN_MOVING_XY, MAX_MOVING_XY);
						if (fish[i].y < MIN_XY)
						{ // check for bottom limit
							fish[i].y = MIN_XY;
						}
						else if (fish[i].y > MAX_XY)
						{ // check for top limit
							fish[i].y = MAX_XY;
						}
						tmp_d = sqrt((fish[i].x * fish[i].x) + (fish[i].y * fish[i].y));
						fishext[i].deltaf = tmp_d - fishext[i].d;
					} while (fishext[i].deltaf == 0.0); // max_delt_f from fish[i].deltaf, prevents division by zero
					if (max_delt_f < fabs(fishext[i].deltaf))
					{
						max_delt_f = fabs(fishext[i].deltaf);
					}
					fishext[i].d = tmp_d;
				}
#if defined(_OPENMP) // openmp model
			}
#endif
#if defined(USE_MPI)
			MPI_Reduce(&max_delt_f, &mpi_reduction_max_delt_f, 1, MPI_DOUBLE, MPI_MAX, 0, MPI_COMM_WORLD);
			if (rank == 0)
			{
				for (j = 0; j < size; j++)
				{
					p_mpi_scatter_max_delt_f[j] = mpi_reduction_max_delt_f;
				}
			}
			MPI_Scatter(p_mpi_scatter_max_delt_f, 1, MPI_DOUBLE, &max_delt_f, 1, MPI_DOUBLE, 0, MPI_COMM_WORLD);
#endif
#if defined(_OPENMP) // openmp model
#pragma omp parallel
			{
#pragma omp for schedule(runtime) reduction(+ : sum_f_i, sum_f)
#endif
				for (i = 0; i < mx; i++)
				{ // Eat
					sum_f += fishext[i].d;
					fishext[i].w += (fishext[i].deltaf / max_delt_f);
					if (fishext[i].w < 0.0)
					{
						fishext[i].w = 0.0;
					}
					else if (fishext[i].w > MAX_WEIGHT)
					{ // check for over weight
						fishext[i].w = MAX_WEIGHT;
					}
					sum_f_i += fishext[i].d * fishext[i].w;
				}
#if defined(_OPENMP) // openmp model
			}
#endif
		}
#if defined(USE_MPI)
		MPI_Reduce(&sum_f, &mpi_reduction_sum_f, 1, MPI_DOUBLE, MPI_SUM, 0, MPI_COMM_WORLD);
		MPI_Reduce(&sum_f_i, &mpi_reduction_sum_f_i, 1, MPI_DOUBLE, MPI_SUM, 0, MPI_COMM_WORLD);
#endif
#if defined(USE_MPI)
		if (rank == 0)
#if defined(_OpenMP)
			if (omp_get_thread_num() == 0)
#endif
			{
				bari = mpi_reduction_sum_f_i / mpi_reduction_sum_f; // Get the result
			}
#else
#if defined(_OpenMP)
		if (omp_get_thread_num() == 0)
#endif
		{
			bari = sum_f_i / sum_f; // Get the result
		}
#endif
	}
	t2 = get_wtime();
#if defined(USE_MPI)
	if (rank == 0)
#elif defined(_OpenMP)
	if (omp_get_thread_num() == 0)
#endif
	{
		printf(""Barycenter: %f, Elapsed time(s): %f, Number of processes: %d, Number of threads: %d, Iterate times: %lld, Number of fishes: %lld\n"", bari, t2 - t1, size, num_threads, num_iterate_steps, num_fishes);
		F = fopen(RESULT_FILENAME, ""at"");
		if (F != NULL)
		{
			fprintf(F, ""%s, %s, %s, %f, %f, %d, %d, %lld, %lld\n"", is_mpi ? ""yes"" : ""no"", is_openmp ? ""yes"" : ""no"", get_schedule_state(str, sizeof(str)), bari, t2 - t1, size, num_threads, num_iterate_steps, num_fishes);
			fclose(F);
		}
	}

	if (fish != NULL)
	{
		free(fish);
		fish = NULL;
	}

	if (fishext != NULL)
	{
		free(fishext);
		fishext = NULL;
	}

#if defined(USE_MPI)
	if (p_mpi_scatter_max_delt_f != NULL)
	{
		free(p_mpi_scatter_max_delt_f);
		p_mpi_scatter_max_delt_f = NULL;
	}

	MPI_Finalize();
#endif

	return 0;
}","Function Name: main
Parameters: int argc, char **argv
Description: This function returns a int and performs general computation."
"double potential ( double a, double x )
{
  double value;
  value = 2.0 * pow ( x / a / a, 2 ) + 1.0 / a / a;
  return value;
}","Function Name: potential
Parameters: double a, double x
Description: This function returns a double and performs general computation."
"double r8_uniform_01(int *seed)
{
  int k;
  double r;

  k = *seed / 127773;
  *seed = 16807 * (*seed - k * 127773) - k * 2836;

  if (*seed < 0)
  {
    *seed = *seed + 2147483647;
  }
  r = (double)(*seed) * 4.656612875E-10;

  return r;
}","Function Name: r8_uniform_01
Parameters: int *seed
Description: This function returns a double and performs general computation."
"double feynman_1(const double a, const double h, const double stepsz, const int ni, const int N) 
{
  int seed = 123456789;
  double err = 0.0;
  int n_inside = 0;   // broj tacaka unutar elipsoida (unutar mreze)


#pragma omp parallel default(none) shared(a, h, stepsz, ni, N) \
                                   firstprivate(seed) \
                                   reduction(+ : err) \
                                   reduction(+ : n_inside)
{
  // seed is private variable, so numbers can generate uniformly
  seed += omp_get_thread_num();

#pragma omp for schedule(static, 1)
  for (int i = 1; i <= ni; i++)
  {
    // interpolacija koordinata kako bi se dobilo kada je i = 1 -> x = -a, kada je i = ni -> x = a
    double x = ((double)(ni - i) * (-a) + (double)(i - 1) * a) / (double)(ni - 1);
    
    double test = a * a - x * x;
    double chk;
    double w_exact = 0;
    double wt = 0;

    if (test < 0.0)
    {
      // tacka nije unutar 1-D elipsoida
// deo oznacen za DEBUG se kompajlira ako se prilikom prevodjenja navede opcija -DDEBUG
#ifdef DEBUG
      printf(""  %7.4f  %7.4f  %10.4e  %10.4e  %10.4e  %8d\n"",
              x, y, 1.0, 1.0, 0.0, 0);
#endif
      w_exact = 1.0;
      wt = 1.0;
      continue;
    }

    // tacka je unutar 1-D elipsoida
    n_inside++;

    // analitička vrednost funkcije gustine/potencijala u tački unutar elipsoida - referentna vrednost koju poredimo u odnosu na numericku - wt
    w_exact = exp(pow(x / a, 2) - 1.0);
    wt = 0.0;

#ifdef DEBUG
    int steps = 0;
#endif
    // pustamo N tacaka iz izabrane koordinate - visestruki pokusaji kako bi se dobila bolja aproksimacija
    for (int trial = 0; trial < N; trial++)
    {
      double x1 = x;

      double w = 1.0;
      chk = 0.0;

      // kretanje cestice - dok se nalazi unutar elipsoida
      while (chk < 1.0)
      {
        // da li se pomeramo za +stepsz ili -stepsz
        double us;
        double dx;

        us = r8_uniform_01(&seed) - 0.5;
        if (us < 0.0)
        {
          dx = -stepsz;
        }
        else
        {
          dx = stepsz;
        }
        
        // potential before moving
        double vs = potential(a, x1);

        // move
        x1 = x1 + dx;

#ifdef DEBUG
        ++steps;
#endif
        // potential after moving
        double vh = potential(a, x1);

        double we = (1.0 - h * vs) * w;           // Euler-ov korak
        w = w - 0.5 * h * (vh * we + vs * w);     // trapezna aproksimacija

        chk = pow(x1 / a, 2);
      }
      wt = wt + w;
    }
    // srednja vrenost tezine za N pokusaja
    wt = wt / (double)(N);

    // kvadrat razlike tacne i numericki dobijene vrednosti
    err += pow(w_exact - wt, 2);

#ifdef DEBUG
    printf(""  %7.4f  %7.4f  %7.4f  %10.4e  %10.4e  %10.4e  %8d\n"",
            x, y, z, wt, w_exact, fabs(w_exact - wt), steps / N);
#endif
  
  }
} // parallel
  // root-mean-square (RMS) error
  return sqrt(err / (double)(n_inside));
}","Function Name: feynman_1
Parameters: const double a, const double h, const double stepsz, const int ni, const int N
Description: This function returns a double and performs general computation."
"int main ( int argc, char **argv )
{
  const double a = 2.0;
  const double h = 0.0001;
  const int ni = 11;

  const double stepsz = sqrt(DIMENSIONS * h);

  if (argc < 3)
  {
    printf(""Invalid number of arguments passed.\n"");
    return 1;
  }

  // index of function
  const int func = atoi(argv[1]);
  
  // numer of walks per point
  const int N = atoi(argv[2]);

  printf(""TEST: func=%d, N=%d, num_threads=%ld\n"", func, N, get_num_threads());
  double wtime = omp_get_wtime();
  double err = FUNCS[func](a, h, stepsz, ni, N);
  wtime = omp_get_wtime() - wtime;
  printf(""%d    %lf    %lf\n"", N, err, wtime);
  printf(""TEST END\n"");

  return 0;
}","Function Name: main
Parameters: int argc, char **argv
Description: This function returns a int and performs general computation."
"#define DIMENSIONS 2
double potential ( double a, double b, double x, double y )
{
  double value;
  value = 2.0 * ( pow ( x / a / a, 2 ) + pow ( y / b / b, 2 ) ) + 1.0 / a / a + 1.0 / b / b;

  return value;
}","Function Name: potential
Parameters: double a, double b, double x, double y
Description: This function returns a double and performs general computation."
"double r8_uniform_01(int *seed)
{
  int k;
  double r;

  k = *seed / 127773;
  *seed = 16807 * (*seed - k * 127773) - k * 2836;

  if (*seed < 0)
  {
    *seed = *seed + 2147483647;
  }
  r = (double)(*seed) * 4.656612875E-10;

  return r;
}","Function Name: r8_uniform_01
Parameters: int *seed
Description: This function returns a double and performs general computation."
"double feynman_1(const double a, const double b, const double h, const double stepsz, const int ni, const int nj, const int N) 
{
  int seed = 123456789;
  double err = 0.0;
  int n_inside = 0;   // broj tacaka unutar elipsoida (unutar mreze)

#pragma omp parallel default(none) shared(a, b, h, stepsz, ni, nj, N) \
                                   firstprivate(seed) \
                                   reduction(+ : err) \
                                   reduction(+ : n_inside)
{
  // seed is private variable, so numbers can generate uniformly
  seed += omp_get_thread_num();

#pragma omp for schedule(static, 1)
  for (int i = 1; i <= ni; i++)
  {
    for (int j = 1; j <= nj; j++ )
    {
      // interpolacija koordinata kako bi se dobilo kada je i = 1 -> x = -a, kada je i = ni -> x = a
      double x = ((double)(ni - i) * (-a) + (double)(i - 1) * a) / (double)(ni - 1);
      double y = ((double)(nj - j) * (-b) + (double)(j - 1) * b) / (double)(nj - 1);
    
      double chk = pow(x / a, 2) + pow(y / b, 2);
      double w_exact = 0;
      double wt = 0;

      if ( 1.0 < chk )
      {
        // tacka nije unutar 1-D elipsoida
        // deo oznacen za DEBUG se kompajlira ako se prilikom prevodjenja navede opcija -DDEBUG
#ifdef DEBUG
        printf(""  %7.4f  %7.4f  %10.4e  %10.4e  %10.4e  %8d\n"",
                  x, y, 1.0, 1.0, 0.0, 0);
#endif
        w_exact = 1.0;
        wt = 1.0;
        continue;
      }

      // tacka je unutar 2-D elipsoida
      n_inside++;
 
      // analitička vrednost funkcije gustine/potencijala u tački unutar elipsoida - referentna vrednost koju poredimo u odnosu na numericku - wt
      w_exact = exp(pow(x / a, 2) + pow(y / b, 2) - 1.0);
      wt = 0.0;

#ifdef DEBUG
      int steps = 0;
#endif

      // pustamo N tacaka iz izabrane koordinate - visestruki pokusaji kako bi se dobila bolja aproksimacija
      for (int trial = 0; trial < N; trial++)
      {
        double x1 = x;
        double x2 = y;
  
        double w = 1.0;
        chk = 0.0;

        // kretanje cestice - dok se nalazi unutar elipsoida
        while (chk < 1.0)
        {
          double ut = r8_uniform_01 ( &seed );

          double us;
          double dx;
          double dy;

          if ( ut < 1.0 / 2.0 )
          {
            us = r8_uniform_01 ( &seed ) - 0.5;
            if ( us < 0.0)
            {
              dx = - stepsz;
            } 
            else
            {
              dx = stepsz;
            }
          } 
          else
          {
            dx = 0.0;
          }

          ut = r8_uniform_01(&seed);
          if ( ut < 1.0 / 2.0 )
          {
            us = r8_uniform_01(&seed) - 0.5;
            if (us < 0.0)
            { 
              dy = - stepsz;
            }
            else
            {
              dy = stepsz;
            }
          }
          else
          {
            dy = 0.0;
          }

          // potential before moving
          double vs = potential(a, b, x1, x2);

          // move
          x1 = x1 + dx;
          x2 = x2 + dy;
        
#ifdef DEBUG
          ++steps;
#endif
          // potential after moving
          double vh = potential(a, b, x1, x2);

          double we = (1.0 - h * vs) * w;           // Euler-ov korak
          w = w - 0.5 * h * (vh * we + vs * w);     // trapezna aproksimacija
  
          chk = pow(x1 / a, 2) + pow(x2 / b, 2);
        }
        wt = wt + w;
      }
      // srednja vrenost tezine za N pokusaja
      wt = wt / (double)(N);

      // kvadrat razlike tacne i numericki dobijene vrednosti
      err += pow(w_exact - wt, 2);

#ifdef DEBUG
      printf(""  %7.4f  %7.4f  %10.4e  %10.4e  %10.4e  %8d\n"",
            x, y, wt, w_exact, fabs(w_exact - wt), steps / N);
#endif

    }
  }
} // parallel
  // root-mean-square (RMS) error
  return sqrt(err / (double)(n_inside));
}","Function Name: feynman_1
Parameters: const double a, const double b, const double h, const double stepsz, const int ni, const int nj, const int N
Description: This function returns a double and performs general computation."
"int main ( int argc, char **argv )
{
  const double a = 2.0;
  const double b = 1.0;
  const double h = 0.001;
  const int ni = 16;
  const int nj = 11;

  const double stepsz = sqrt(DIMENSIONS * h);

  if (argc < 3)
  {
    printf(""Invalid number of arguments passed.\n"");
    return 1;
  }

  // index of function
  const int func = atoi(argv[1]);
  
  // numer of walks per point
  const int N = atoi(argv[2]);

  printf(""TEST: func=%d, N=%d, num_threads=%ld\n"", func, N, get_num_threads());
  double wtime = omp_get_wtime();
  double err = FUNCS[func](a, b, h, stepsz, ni, nj, N);
  wtime = omp_get_wtime() - wtime;
  printf(""%d    %lf    %lf\n"", N, err, wtime);
  printf(""TEST END\n"");

  return 0;
}","Function Name: main
Parameters: int argc, char **argv
Description: This function returns a int and performs general computation."
"double potential(double a, double b, double c, double x, double y, double z)
{
  return 2.0 * (pow(x / a / a, 2) + pow(y / b / b, 2) + pow(z / c / c, 2)) + 1.0 / a / a + 1.0 / b / b + 1.0 / c / c;
}","Function Name: potential
Parameters: double a, double b, double c, double x, double y, double z
Description: This function returns a double and performs general computation."
"double r8_uniform_01(int *seed)
{
  int k;
  double r;

  k = *seed / 127773;
  *seed = 16807 * (*seed - k * 127773) - k * 2836;

  if (*seed < 0)
  {
    *seed = *seed + 2147483647;
  }
  r = (double)(*seed) * 4.656612875E-10;

  return r;
}","Function Name: r8_uniform_01
Parameters: int *seed
Description: This function returns a double and performs general computation."
"double feynman_1(const double a, const double b, const double c, const double h, const double stepsz, const int ni, const int nj, const int nk, const int N) 
{
  int seed = 123456789;
  double err = 0.0;
  int n_inside = 0;   // broj tacaka unutar elipsoida (unutar mreze)

#pragma omp parallel default(none) shared(a, b, c, h, stepsz, ni, nj, nk, N) \
                                   firstprivate(seed) \
                                   reduction(+ : err) \
                                   reduction(+ : n_inside)
{
  // seed is private variable, so numbers can generate uniformly
  seed += omp_get_thread_num();

#pragma omp for collapse(3)
  for (int i = 1; i <= ni; i++)
  {
    for (int j = 1; j <= nj; j++)
    {
      for (int k = 1; k <= nk; k++)
      {
        // interpolacija koordinata kako bi se dobilo kada je i = 1 -> x = -a, kada je i = ni -> x = a
        double x = ((double)(ni - i) * (-a) + (double)(i - 1) * a) / (double)(ni - 1);
        double y = ((double)(nj - j) * (-b) + (double)(j - 1) * b) / (double)(nj - 1);
        double z = ((double)(nk - k) * (-c) + (double)(k - 1) * c) / (double)(nk - 1);

        // check if point is inside elipsoid [a, b, c]
        double chk = pow(x / a, 2) + pow(y / b, 2) + pow(z / c, 2);

        if (chk > 1.0)
        {
          // tacka nije unutar elipsoida
// deo oznacen za DEBUG se kompajlira ako se prilikom prevodjenja navede opcija -DDEBUG
#ifdef DEBUG
          printf(""  %7.4f  %7.4f  %7.4f  %10.4e  %10.4e  %10.4e  %8d\n"",
                 x, y, z, 1.0, 1.0, 0.0, 0);
#endif

          continue;
        }

        // tacka je unutar elipsoida
        n_inside++;

        // analitička vrednost funkcije gustine/potencijala u tački unutar elipsoida - referentna vrednost koju poredimo u odnosu na numericku - wt
        double w_exact = exp(pow(x / a, 2) + pow(y / b, 2) + pow(z / c, 2) - 1.0);
        double wt = 0.0;

#ifdef DEBUG
        int steps = 0;
#endif
        // pustamo N tacaka iz izabrane koordinate - visestruki pokusaji kako bi se dobila bolja aproksimacija
        for (int trial = 0; trial < N; trial++)
        {
          double x1 = x;
          double x2 = y;
          double x3 = z;
          double w = 1.0;
          chk = 0.0;
          // kretanje cestice - dok se nalazi unutar elipsoida
          while (chk < 1.0)
          {
            // da li se pomeramo ili ne (po sve tri ose) - sa verovatnocom 1/3 za svaku osu
            double ut = r8_uniform_01(&seed);

            // da li se pomeramo za +stepsz ili -stepsz
            double us;

            double dx;
            double dy;
            double dz;

            if (ut < 1.0 / 3.0)
            {
              us = r8_uniform_01(&seed) - 0.5;
              if (us < 0.0)
                dx = -stepsz;
              else
                dx = stepsz;
            }
            else
            {
              dx = 0.0;
            }
            
            ut = r8_uniform_01(&seed);

            if (ut < 1.0 / 3.0)
            {
              us = r8_uniform_01(&seed) - 0.5;
              if (us < 0.0)
                dy = -stepsz;
              else
                dy = stepsz;
            }
            else
            {
              dy = 0.0;
            }
           
            ut = r8_uniform_01(&seed);

            if (ut < 1.0 / 3.0)
            {
              us = r8_uniform_01(&seed) - 0.5;
              if (us < 0.0)
                dz = -stepsz;
              else
                dz = stepsz;
            }
            else
            {
              dz = 0.0;
            }
              
            // potential before moving
            double vs = potential(a, b, c, x1, x2, x3);

            // move
            x1 = x1 + dx;
            x2 = x2 + dy;
            x3 = x3 + dz;

#ifdef DEBUG
            ++steps;
#endif

            // potential after moving
            double vh = potential(a, b, c, x1, x2, x3);

            double we = (1.0 - h * vs) * w;           // Euler-ov korak
            w = w - 0.5 * h * (vh * we + vs * w);     // trapezna aproksimacija

            chk = pow(x1 / a, 2) + pow(x2 / b, 2) + pow(x3 / c, 2);
          }
          wt = wt + w;
        }
        // srednja vrenost tezine za N pokusaja
        wt = wt / (double)(N);

        // kvadrat razlike tacne i numericki dobijene vrednosti
        err += pow(w_exact - wt, 2);

#ifdef DEBUG
        printf(""  %7.4f  %7.4f  %7.4f  %10.4e  %10.4e  %10.4e  %8d\n"",
               x, y, z, wt, w_exact, fabs(w_exact - wt), steps / N);
#endif
      }
    }
  }
} // parallel
  // root-mean-square (RMS) error
  return sqrt(err / (double)(n_inside));
}","Function Name: feynman_1
Parameters: const double a, const double b, const double c, const double h, const double stepsz, const int ni, const int nj, const int nk, const int N
Description: This function returns a double and performs general computation."
"double feynman_2(const double a, const double b, const double c, const double h, const double stepsz, const int ni, const int nj, const int nk, const int N) 
{
  static int seed = 123456789;  // set to be static -> to be global (shared) by default
  int n_inside = 0;

  // for every point in grid - must be initialized (moguce je da se desi da neki taskovi krenu da pristupaju matrici pre postavljanja na 0 -> citaju neinicijalizovanu memoriju)
  double w_exact[17][12][7] = {{{0}}};
  double wt[17][12][7] = {{{0}}};

#pragma omp threadprivate(seed) // then, it is private for every thread (no race condition)
#pragma omp parallel default(none) shared(a, b, c, h, stepsz, ni, nj, nk, N, n_inside, w_exact, wt)
{
  seed += omp_get_thread_num();

#pragma omp single
{
  for (int i = 1; i <= ni; i++)
  {
    for (int j = 1; j <= nj; j++)
    {
      for (int k = 1; k <= nk; k++)
      {
        double x = ((double)(ni - i) * (-a) + (double)(i - 1) * a) / (double)(ni - 1);
        double y = ((double)(nj - j) * (-b) + (double)(j - 1) * b) / (double)(nj - 1);
        double z = ((double)(nk - k) * (-c) + (double)(k - 1) * c) / (double)(nk - 1);
        double chk = pow(x / a, 2) + pow(y / b, 2) + pow(z / c, 2);
        w_exact[i][j][k] = 0.0;
        wt[i][j][k] = 0.0;

        if (1.0 < chk)
        {
          continue;
        }

        n_inside++;

        w_exact[i][j][k] = exp(pow(x / a, 2) + pow(y / b, 2) + pow(z / c, 2) - 1.0);

        for (int trial = 0; trial < N; trial++)
        {
#pragma omp task shared(wt)
{
          double x1 = x;
          double x2 = y;
          double x3 = z;
          double w = 1.0;
          chk = 0.0;

          while (chk < 1.0)
          {
            double ut = r8_uniform_01(&seed);
            double us;

            double dx;
            double dy;
            double dz;
            if (ut < 1.0 / 3.0)
            {
              us = r8_uniform_01(&seed) - 0.5;
              if (us < 0.0)
                dx = -stepsz;
              else
                dx = stepsz;
            }
            else
            {
              dx = 0.0;
            }


              ut = r8_uniform_01(&seed);
            if (ut < 1.0 / 3.0)
            {
              us = r8_uniform_01(&seed) - 0.5;
              if (us < 0.0)
                dy = -stepsz;
              else
                dy = stepsz;
            }
            else
            {
              dy = 0.0;
            }
            
            ut = r8_uniform_01(&seed);
            if (ut < 1.0 / 3.0)
            {
              us = r8_uniform_01(&seed) - 0.5;
              if (us < 0.0)
                dz = -stepsz;
              else
                dz = stepsz;
            }
            else
            {
              dz = 0.0;
            }

            // potential before moving
            double vs = potential(a, b, c, x1, x2, x3);

            // move
            x1 = x1 + dx;
            x2 = x2 + dy;
            x3 = x3 + dz;

            // potential after moving
            double vh = potential(a, b, c, x1, x2, x3);

            double we = (1.0 - h * vs) * w;
            w = w - 0.5 * h * (vh * we + vs * w);

            chk = pow(x1 / a, 2) + pow(x2 / b, 2) + pow(x3 / c, 2);
          }
// jer se menja u kontekstu vise taskova
#pragma omp atomic
          wt[i][j][k] += w;
} // task
        }
      }
    }
  }
} // single
} // parallel
  // na kraju obracunati gresku po svim osama - u matrici wt
  double err = 0.0;
  for (int i = 0; i <= 16; ++i)
  {
      for (int j = 0; j <= 11; ++j)
      {
          for (int k = 0; k <= 6; ++k)
          {
              if (w_exact[i][j][k] == 0.0)
              {
                  // kada tacka nije unutar elipsoida
                  continue;
              }
              err += pow(w_exact[i][j][k] - (wt[i][j][k] / (double)(N)), 2);
          }
      }
  }
  return sqrt(err / (double)(n_inside));
}","Function Name: feynman_2
Parameters: const double a, const double b, const double c, const double h, const double stepsz, const int ni, const int nj, const int nk, const int N
Description: This function returns a double and performs general computation."
"double feynman_3(const double a, const double b, const double c, const double h, const double stepsz, const int ni, const int nj, const int nk, const int N) 
{
  static int seed = 123456789;  // set to be static -> to be global (shared) by default
  int n_inside = 0;

  // for every point in grid
  double w_exact[17][12][7] = {{{0}}};
  double wt[17][12][7] = {{{0}}};

  for (int i = 0; i < NUM_LOCKS; i++) 
  {
    omp_init_lock(&locks[i]);
  }

#pragma omp threadprivate(seed) // then, it is private for every thread (no race condition)
#pragma omp parallel default(none) shared(a, b, c, h, stepsz, ni, nj, nk, N, n_inside, w_exact, wt, locks)
{
  seed += omp_get_thread_num();

#pragma omp single
{
  for (int i = 1; i <= ni; i++)
  {
    for (int j = 1; j <= nj; j++)
    {
      for (int k = 1; k <= nk; k++)
      {
        double x = ((double)(ni - i) * (-a) + (double)(i - 1) * a) / (double)(ni - 1);
        double y = ((double)(nj - j) * (-b) + (double)(j - 1) * b) / (double)(nj - 1);
        double z = ((double)(nk - k) * (-c) + (double)(k - 1) * c) / (double)(nk - 1);
        double chk = pow(x / a, 2) + pow(y / b, 2) + pow(z / c, 2);
        w_exact[i][j][k] = 0.0;
        wt[i][j][k] = 0.0;

        if (1.0 < chk)
        {
          continue;
        }

        n_inside++;

        w_exact[i][j][k] = exp(pow(x / a, 2) + pow(y / b, 2) + pow(z / c, 2) - 1.0);

        for (int trial = 0; trial < N; trial++)
        {
#pragma omp task shared(wt)
{
          double x1 = x;
          double x2 = y;
          double x3 = z;
          double w = 1.0;
          chk = 0.0;

          while (chk < 1.0)
          {
            double ut = r8_uniform_01(&seed);
            double us;

            double dx;
            double dy;
            double dz;
            if (ut < 1.0 / 3.0)
            {
              us = r8_uniform_01(&seed) - 0.5;
              if (us < 0.0)
                dx = -stepsz;
              else
                dx = stepsz;
            }
            else
            {
              dx = 0.0;
            }

              ut = r8_uniform_01(&seed);
            if (ut < 1.0 / 3.0)
            {
              us = r8_uniform_01(&seed) - 0.5;
              if (us < 0.0)
                dy = -stepsz;
              else
                dy = stepsz;
            }
            else
            {
              dy = 0.0;
            }
            
            ut = r8_uniform_01(&seed);
            if (ut < 1.0 / 3.0)
            {
              us = r8_uniform_01(&seed) - 0.5;
              if (us < 0.0)
                dz = -stepsz;
              else
                dz = stepsz;
            }
            else
            {
              dz = 0.0;
            }

            // potential before moving
            double vs = potential(a, b, c, x1, x2, x3);

            // move
            x1 = x1 + dx;
            x2 = x2 + dy;
            x3 = x3 + dz;

            // potential after moving
            double vh = potential(a, b, c, x1, x2, x3);

            double we = (1.0 - h * vs) * w;
            w = w - 0.5 * h * (vh * we + vs * w);

            chk = pow(x1 / a, 2) + pow(x2 / b, 2) + pow(x3 / c, 2);
          }

          // koriscenje lock-a
          int lock_id = get_lock_index(i, j, k);    // izracunaj index lock-a koji je potreban
          omp_set_lock(&locks[lock_id]);
          wt[i][j][k] += w;
         omp_unset_lock(&locks[lock_id]);
} // task
        }
      }
    }
  }
} // single
} // parallel -> implicitna barijera za taskove -> obrada nad matricom je zavrsena
  // na kraju obracunati gresku po svim osama - u matrici wt
  double err = 0.0;
  for (int i = 0; i <= 16; ++i)
  {
      for (int j = 0; j <= 11; ++j)
      {
          for (int k = 0; k <= 6; ++k)
          {
              if (w_exact[i][j][k] == 0.0)
              {
                  // kada tacka nije unutar elipsoida
                  continue;
              }
              err += pow(w_exact[i][j][k] - (wt[i][j][k] / (double)(N)), 2);
          }
      }
  }

  // oslobađanje brava
  for (int i = 0; i < NUM_LOCKS; i++) {
    omp_destroy_lock(&locks[i]);
  }

  return sqrt(err / (double)(n_inside));
}","Function Name: feynman_3
Parameters: const double a, const double b, const double c, const double h, const double stepsz, const int ni, const int nj, const int nk, const int N
Description: This function returns a double and performs general computation."
"int main(int argc, char **argv)
{
  // velicina prostora po x, y i z
  const double a = 3.0;
  const double b = 2.0;
  const double c = 1.0;
  const double h = 0.001;       // vremenski interval između dva uzastopna stanja cestice tokom simulacije
  // broj tacaka po svakoj dimenziji
  const int ni = 16;
  const int nj = 11;
  const int nk = 6;

  const double stepsz = sqrt(DIMENSIONS * h);      // velicina koraka kojim se cestica pomera u svakom koraku

  if (argc < 3)
  {
    printf(""Invalid number of arguments passed.\n"");
    return 1;
  }

  // index of function
  const int func = atoi(argv[1]);
  
  // numer of walks per point
  const int N = atoi(argv[2]);

  printf(""TEST: func=%d, N=%d, num_threads=%ld\n"", func, N, get_num_threads());
  double wtime = omp_get_wtime();
  double err = FUNCS[func](a, b, c, h, stepsz, ni, nj, nk, N);
  wtime = omp_get_wtime() - wtime;
  printf(""%d    %lf    %lf\n"", N, err, wtime);
  printf(""TEST END\n"");

  return 0;
}","Function Name: main
Parameters: int argc, char **argv
Description: This function returns a int and performs general computation."
"double potential(double a, double b, double c, double x, double y, double z)
{
    return 2.0 * (pow(x / a / a, 2) + pow(y / b / b, 2) + pow(z / c / c, 2)) +
           1.0 / a / a + 1.0 / b / b + 1.0 / c / c;
}","Function Name: potential
Parameters: double a, double b, double c, double x, double y, double z
Description: This function returns a double and performs general computation."
"double r8_uniform_01(int *seed)
{
    int k = *seed / 127773;
    *seed = 16807 * (*seed - k * 127773) - k * 2836;
    if (*seed < 0)
        *seed += 2147483647;
    return (double)(*seed) * 4.656612875E-10;
}","Function Name: r8_uniform_01
Parameters: int *seed
Description: This function returns a double and performs general computation."
"double feynman_pthreads(double a, double b, double c, int ni, int nj, int nk, int N)
{
    int n_inside = 0;

    for (int i = 1; i <= ni; i++) 
    {
        for (int j = 1; j <= nj; j++) 
        {
            for (int k = 1; k <= nk; k++) 
            {
                double x = ((double)(ni - i) * (-a) + (double)(i - 1) * a) / (double)(ni - 1);
                double y = ((double)(nj - j) * (-b) + (double)(j - 1) * b) / (double)(nj - 1);
                double z = ((double)(nk - k) * (-c) + (double)(k - 1) * c) / (double)(nk - 1);
                double chk = pow(x / a, 2) + pow(y / b, 2) + pow(z / c, 2);
                w_exact[i][j][k] = 0.0;
                wt[i][j][k] = 0.0;

                if (1.0 < chk)
                    continue;

                n_inside++;
                w_exact[i][j][k] = exp(pow(x / a, 2) + pow(y / b, 2) + pow(z / c, 2) - 1.0);

                pthread_t threads[num_threads];
                trial_arg_t args[num_threads];
                int trials_per_thread = N / num_threads;
                int remainder = N % num_threads;
                int current = 0;

                for (int t = 0; t < num_threads; t++) 
                {
                    int start = current;
                    int count = trials_per_thread + (t < remainder ? 1 : 0);
                    int end = start + count;
                    current = end;

                    args[t].i = i;
                    args[t].j = j;
                    args[t].k = k;
                    args[t].x0 = x;
                    args[t].y0 = y;
                    args[t].z0 = z;
                    args[t].start_trial = start;
                    args[t].end_trial = end;

                    pthread_create(&threads[t], NULL, trial_worker, &args[t]);
                }

                for (int t = 0; t < num_threads; t++) 
                {
                    pthread_join(threads[t], NULL);
                }
            }
        }
    }

    double err = 0.0;
    for (int i = 0; i <= NI; ++i)
        for (int j = 0; j <= NJ; ++j)
            for (int k = 0; k <= NK; ++k)
                if (w_exact[i][j][k] != 0.0)
                    err += pow(w_exact[i][j][k] - (wt[i][j][k] / (double)(N)), 2);

    return sqrt(err / (double)(n_inside));
}","Function Name: feynman_pthreads
Parameters: double a, double b, double c, int ni, int nj, int nk, int N
Description: This function returns a double and performs general computation."
"int main(int argc, char **argv)
{
    if (argc < 2)
    {
        printf(""Invalid number of arguments passed.\n"");
        return 1;
    }

    const int N = atoi(argv[1]);
    num_threads = get_num_threads();

    stepsz = sqrt(3 * h);
    pthread_mutex_init(&wt_mutex, NULL);

    printf(""TEST: N=%d, num_threads=%d\n"", N, num_threads);
    double wtime = omp_get_wtime();
    double err = feynman_pthreads(a, b, c, ni, nj, nk, N);
    wtime = omp_get_wtime() - wtime;
    printf(""%d    %lf    %lf\n"", N, err, wtime);
    printf(""TEST END\n"");

    pthread_mutex_destroy(&wt_mutex);

    return 0;
}","Function Name: main
Parameters: int argc, char **argv
Description: This function returns a int and performs general computation."
"void dfill(int n, double val, double a[], int ia)
{
    for (int i = 0; i < (n - 1) * ia + 1; i += ia)
    {
        a[i] = val;
    }
}","Function Name: dfill
Parameters: int n, double val, double a[], int ia
Description: This function returns a void and performs general computation."
"void domove(int n3, double x[], double vh[], double f[], double side)
{
    for (int i = 0; i < n3; i++)
    {
        x[i] += vh[i] + f[i];
        // Periodic boundary conditions
        if (x[i] < 0.0)
            x[i] += side;
        if (x[i] > side)
            x[i] -= side;
        // Partial velocity updates
        vh[i] += f[i];
        // Initialise forces for the next iteration
        f[i] = 0.0;
    }
}","Function Name: domove
Parameters: int n3, double x[], double vh[], double f[], double side
Description: This function returns a void and performs general computation."
"void dscal(int n, double sa, double sx[], int incx)
{
    if (incx == 1)
    {
        for (int i = 0; i < n; i++)
            sx[i] *= sa;
    }
    else
    {
        int j = 0;
        for (int i = 0; i < n; i++)
        {
            sx[j] *= sa;
            j += incx;
        }
    }
}","Function Name: dscal
Parameters: int n, double sa, double sx[], int incx
Description: This function returns a void and performs general computation."
"void fcc(double x[], int mm, double a)
{
    int ijk = 0;

    for (int lg = 0; lg < 2; lg++)
        for (int i = 0; i < mm; i++)
            for (int j = 0; j < mm; j++)
                for (int k = 0; k < mm; k++)
                {
                    x[ijk] = i * a + lg * a * 0.5;
                    x[ijk + 1] = j * a + lg * a * 0.5;
                    x[ijk + 2] = k * a;
                    ijk += 3;
                }

    for (int lg = 1; lg < 3; lg++)
        for (int i = 0; i < mm; i++)
            for (int j = 0; j < mm; j++)
                for (int k = 0; k < mm; k++)
                {
                    x[ijk] = i * a + (2 - lg) * a * 0.5;
                    x[ijk + 1] = j * a + (lg - 1) * a * 0.5;
                    x[ijk + 2] = k * a + a * 0.5;
                    ijk += 3;
                }
}","Function Name: fcc
Parameters: double x[], int mm, double a
Description: This function returns a void and performs general computation."
"void forces(int npart, double x[], double f[], double side, double rcoff)
{
    vir = 0.0;
    epot = 0.0;
    double sideh = 0.5 * side;
    double rcoffs = rcoff * rcoff;

#pragma omp parallel for collapse(2) default(none) shared(npart, x, f, side, sideh, rcoffs) reduction(+                  \
                                                                                                      : vir) reduction(+ \
                                                                                                                       : epot)
    for (int i = 0; i < npart * 3; i += 3)
    {
        for (int j = i + 3; j < npart * 3; j += 3)
        {
            double xx = x[i] - x[j];
            double yy = x[i + 1] - x[j + 1];
            double zz = x[i + 2] - x[j + 2];
            if (xx < -sideh)
                xx += side;
            if (xx > sideh)
                xx -= side;
            if (yy < -sideh)
                yy += side;
            if (yy > sideh)
                yy -= side;
            if (zz < -sideh)
                zz += side;
            if (zz > sideh)
                zz -= side;
            double rd = xx * xx + yy * yy + zz * zz;

            if (rd <= rcoffs)
            {
                double rrd = 1.0 / rd;
                double rrd2 = rrd * rrd;
                double rrd3 = rrd2 * rrd;
                double rrd4 = rrd2 * rrd2;
                double rrd6 = rrd2 * rrd4;
                double rrd7 = rrd6 * rrd;
                epot += rrd6 - rrd3;
                double r148 = rrd7 - 0.5 * rrd4;
                vir -= rd * r148;
                double forcex = xx * r148;
                double forcey = yy * r148;
                double forcez = zz * r148;
#pragma omp atomic
                f[i] += forcex;
#pragma omp atomic
                f[j] -= forcex;
#pragma omp atomic
                f[i + 1] += forcey;
#pragma omp atomic
                f[j + 1] -= forcey;
#pragma omp atomic
                f[i + 2] += forcez;
#pragma omp atomic
                f[j + 2] -= forcez;
            }
        }
    }
}","Function Name: forces
Parameters: int npart, double x[], double f[], double side, double rcoff
Description: This function returns a void and performs general computation."
"double mkekin(int npart, double f[], double vh[], double hsq2, double hsq)
{
    double sum = 0.0;

    for (int i = 0; i < 3 * npart; i++)
    {
        f[i] *= hsq2;
        vh[i] += f[i];
        sum += vh[i] * vh[i];
    }

    return sum / hsq;
}","Function Name: mkekin
Parameters: int npart, double f[], double vh[], double hsq2, double hsq
Description: This function returns a double and performs general computation."
"void mxwell(double vh[], int n3, double h, double tref)
{
    int npart = n3 / 3;
    double ekin = 0.0;
    double sp = 0.0;

    srand48(4711);
    double tscale = 16.0 / ((double)npart - 1.0);

    for (int i = 0; i < n3; i += 2)
    {
        double v1;
        double v2;
        double s = 2.0;
        while (s >= 1.0)
        {
            v1 = 2.0 * drand48() - 1.0;
            v2 = 2.0 * drand48() - 1.0;
            s = v1 * v1 + v2 * v2;
        }
        double r = sqrt(-2.0 * log(s) / s);
        vh[i] = v1 * r;
        vh[i + 1] = v2 * r;
    }

    for (int i = 0; i < n3; i += 3)
        sp += vh[i];
    sp /= (double)npart;
    for (int i = 0; i < n3; i += 3)
    {
        vh[i] -= sp;
        ekin += vh[i] * vh[i];
    }

    sp = 0.0;
    for (int i = 1; i < n3; i += 3)
        sp += vh[i];
    sp /= (double)npart;
    for (int i = 1; i < n3; i += 3)
    {
        vh[i] -= sp;
        ekin += vh[i] * vh[i];
    }

    sp = 0.0;
    for (int i = 2; i < n3; i += 3)
        sp += vh[i];
    sp /= (double)npart;
    for (int i = 2; i < n3; i += 3)
    {
        vh[i] -= sp;
        ekin += vh[i] * vh[i];
    }

    double sc = h * sqrt(tref / (tscale * ekin));
    for (int i = 0; i < n3; i++)
        vh[i] *= sc;
}","Function Name: mxwell
Parameters: double vh[], int n3, double h, double tref
Description: This function returns a void and performs general computation."
"void prnout(int move, double ekin, double epot, double tscale, double vir, double vel, double count, int npart, double den)
{
    double ek = 24.0 * ekin;
    epot *= 4.0;
    double etot = ek + epot;
    double temp = tscale * ekin;
    double pres = den * 16.0 * (ekin - vir) / (double)npart;
    vel /= (double)npart;
    double rp = (count / (double)npart) * 100.0;
    printf("" %6d%12.4f%12.4f%12.4f%10.4f%10.4f%10.4f%6.1f\n"", move, ek, epot, etot, temp, pres, vel, rp);
}","Function Name: prnout
Parameters: int move, double ekin, double epot, double tscale, double vir, double vel, double count, int npart, double den
Description: This function returns a void and performs general computation."
"double velavg(int npart, double vh[], double vaver, double h)
{
    double vaverh = vaver * h;
    double vel = 0.0;

    count = 0.0;
    for (int i = 0; i < npart * 3; i += 3)
    {
        double sq = sqrt(vh[i] * vh[i] + vh[i + 1] * vh[i + 1] + vh[i + 2] * vh[i + 2]);
        if (sq > vaverh)
            count++;
        vel += sq;
    }
    vel /= h;

    return vel;
}","Function Name: velavg
Parameters: int npart, double vh[], double vaver, double h
Description: This function returns a double and performs general computation."
"int main(void)
{
    double x[NPART * 3];
    double vh[NPART * 3];
    double f[NPART * 3];

    double den = 0.83134;
    double side = pow((double)NPART / den, 0.3333333);
    double tref = 0.722;
    double rcoff = (double)MM / 4.0;
    double h = 0.064;
    int irep = 10;
    int istop = 20;
    int movemx = 20;

    double a = side / (double)MM;
    double hsq = h * h;
    double hsq2 = hsq * 0.5;
    double tscale = 16.0 / ((double)NPART - 1.0);
    double vaver = 1.13 * sqrt(tref / 24.0);

    printf(""TEST: num_threads=%ld\n"", get_num_threads());

    // Generate fcc lattice for atoms inside box
    fcc(x, MM, a);
    // Initialize velocities and forces (which are zero in fcc positions)
    mxwell(vh, 3 * NPART, h, tref);
    dfill(3 * NPART, 0.0, f, 1);

    double time = 0.0;

    for (int move = 1; move <= movemx; ++move)
    {
        double start = omp_get_wtime();
        // Move the particles and partially update velocities
        domove(3 * NPART, x, vh, f, side);
        // Compute forces in the new positions and accumulate the virial
        // and potential energy.
        forces(NPART, x, f, side, rcoff);
        // Scale forces, complete update of velocities and compute k.e.
        double ekin = mkekin(NPART, f, vh, hsq2, hsq);
        // Average the velocity and temperature scale if desired
        double vel = velavg(NPART, vh, vaver, h);
        if (move < istop && fmod(move, irep) == 0)
        {
            double sc = sqrt(tref / (tscale * ekin));
            dscal(3 * NPART, sc, vh, 1);
            ekin = tref / tscale;
        }
        time += omp_get_wtime() - start;
        prnout(move, ekin, epot, tscale, vir, vel, count, NPART, den);
    }

    printf(""%d    %lf\n"", movemx, time);

    return 0;
}","Function Name: main
Parameters: void
Description: This function returns a int and performs general computation."
"#include <stdlib.h>
#include <stdio.h>
#include <math.h>
#include <time.h>
#include <omp.h>
#include ""util.h""
double cpu_time(void)
{
  double value;
  // Calls the C standard function clock(), which returns the number of processor clock ticks since the start of the program’s execution.
  // That number is then divided by CLOCKS_PER_SEC (a constant that indicates how many clock ticks occur in one second).
  value = (double)clock() / (double)CLOCKS_PER_SEC;

  return value;
}","Function Name: cpu_time
Parameters: void
Description: This function returns a double and performs general computation."
"void timestamp(void)
{
#define TIME_SIZE 40

  static char time_buffer[TIME_SIZE];
  const struct tm *tm;
  time_t now;

  now = time(NULL);
  tm = localtime(&now);

  strftime(time_buffer, TIME_SIZE, ""%d %B %Y %I:%M:%S %p"", tm);

  printf(""%s\n"", time_buffer);

  return;
#undef TIME_SIZE    //  allows the size of the array to be determined within the function, while avoiding the global use of the macro afterward
}","Function Name: timestamp
Parameters: void
Description: This function returns a void and performs general computation."
"int prime_number_1(int n)
{
  int total = 0;

#pragma omp parallel default(none) shared(n) \
                                   reduction(+ : total)
{
  int num_threads = omp_get_num_threads();
  int thread_id = omp_get_thread_num();

  for (int i = 2 + thread_id; i <= n; i += num_threads)
  {
    int found = 1;
    for (int j = 2; j < i; j++)
    {
      if ((i % j) == 0)
      {
        found = 0;
        break;
      }
    }
    total = total + found;
  }
} // parallel
  return total;
}","Function Name: prime_number_1
Parameters: int n
Description: This function returns a int and performs general computation."
"int prime_number_2(int n)
{
  int total = 0;

#pragma omp parallel default(none) shared(n) \
                                   reduction(+ : total)
{

// schedule can be set to 2, because check for even numbers is much faster
#pragma omp for schedule(static, 1)
  for (int i = 2; i <= n; i++)
  {
    int found = 1;
    for (int j = 2; j < i; j++)
    {
      if ((i % j) == 0)
      {
        found = 0;
        break;
      }
    }
    total = total + found;
  }
} // parallel
  return total;
}","Function Name: prime_number_2
Parameters: int n
Description: This function returns a int and performs general computation."
void test(int (*func);,"Function Name: test
Parameters: int (*func
Description: This function returns a void and performs general computation."
"int main(int argc, char *argv[])
{
  // 'func' determines which prime number counting function to use for the test.
  // 'lo' is the starting value of N for the prime number test.
  // 'hi' is the maximum value up to which the prime number test will run.
  // 'factor' is the multiplier used to increase 'N' after each iteration of the test.
  int func = 0;
  int factor;
  int hi;
  int lo;

  // timestamp();
  // printf(""\n"");
  // printf(""PRIME TEST\n"");

  if (argc != 5)
  {
    func = 0;
    lo = 1;
    hi = 131072;
    factor = 2;
  }
  else
  {
    func = atoi(argv[1]);
    lo = atoi(argv[2]);
    hi = atoi(argv[3]);
    factor = atoi(argv[4]);
  }

  printf(""TEST: func=%d, lo=%d, hi=%d, factor=%d, num_threads=%ld\n"", func, lo, hi, factor, get_num_threads());
  test(FUNCS[func], lo, hi, factor);


  // printf(""\n"");
  // printf(""PRIME_TEST\n"");
  // printf(""  Normal end of execution.\n"");
  // timestamp();

  return 0;
}","Function Name: main
Parameters: int argc, char *argv[]
Description: This function returns a int and performs general computation."
"long get_num_threads(void)
{
    // Get the number of available logical CPU cores on the system
    long num_threads = sysconf(_SC_NPROCESSORS_ONLN);

    // Check if the environment variable 'OMP_NUM_THREADS' is set (exported)
    char* num_threads_str = getenv(""OMP_NUM_THREADS"");

    // If the environment variable is set, convert its value from string to long
    if (num_threads_str != NULL)
    {
        num_threads = atol(num_threads_str);
    }

    return num_threads;
}","Function Name: get_num_threads
Parameters: void
Description: This function returns a long and performs general computation."
"void star( double *a, double *b, double *c, int n, int *ioff )
{
   int i;
   #pragma omp simd
   for ( i = 0; i < n; i++ )
      a[i] *= b[i] * c[i+ *ioff];
}",
"double add1(double a, double b, double fact)
{
   double c;
   c = a + b + fact;
   return c;
}",
"double add2(double *a, double *b, int i, double fact)
{
   double c;
   c = a[i] + b[i] + fact;
   return c;
}",
"double add3(double *a, double *b, double fact)
{
   double c;
   c = *a + *b + fact;
   return c;
}",
"void work( double *a, double *b, int n )
{
   int i;
   double tmp;
   #pragma omp simd private(tmp)
   for ( i = 0; i < n; i++ ) {
      tmp  = add1( a[i],  b[i], 1.0);
      a[i] = add2( a,     b, i, 1.0) + tmp;
      a[i] = add3(&a[i], &b[i], 1.0);
   }
}",
"int main(){
   int i;
   const int N=32;
   double a[N], b[N];
 
   for ( i=0; i<N; i++ ) {
      a[i] = i; b[i] = N-i;
   }
 
   work(a, b, N );
 
   for ( i=0; i<N; i++ ) {
      printf(""%d %f\n"", i, a[i]);
   }

   return 0;
}",
"double work( double *a, double *b, int n )
{
   int i;
   double tmp, sum;
   sum = 0.0;
   #pragma omp simd private(tmp) reduction(+:sum)
   for (i = 0; i < n; i++) {
      tmp = a[i] + b[i];
      sum += tmp;
   }
   return sum;
}",
"void work( float *b, int n, int m )
{
   int i;
   #pragma omp simd safelen(16)
   for (i = m; i < n; i++)
      b[i] = b[i-m] - 1.0f;
}",
"void work( double **a, double **b, double **c, int n )
{
   int i, j;
   double tmp;
   #pragma omp for simd collapse(2) private(tmp)
   for (i = 0; i < n; i++) {
      for (j = 0; j < n; j++) {
         tmp = a[i][j] + b[i][j];
         c[i][j] = tmp;
      }
   }
}",
"int foo(int *p){
  *p = *p + 10;
  return *p;
}",
"int myaddint(int *a, int *b, int n)
{
#pragma omp simd
  for (int i=0; i<n; i++){
      a[i]  = foo(&b[i]);  /* foo is not called under a condition */
  }
  return a[n-1];
}",
"float goo(float *p){
  *p = *p + 18.5f;
  return *p;
}",
"int myaddfloat(float *x, float *y, int n)
{
#pragma omp simd
  for (int i=0; i<n; i++){
     x[i] = (x[i] > y[i]) ? goo(&y[i]) : y[i];
       /* goo is called under the condition (or within a branch) */
  }
  return x[n-1];
}",
"int fib( int n )
{
   if (n <= 1)
      return n;
   else {
      return fib(n-1) + fib(n-2);
   }
}",
"int main(void)
{
   int i;

   #pragma omp simd
   for (i=0; i < N; i++) b[i] = i;

   #pragma omp simd
   for (i=0; i < N; i++) {
      a[i] = fib(b[i]);
   }
   printf(""Done a[%d] = %d\n"", N-1, a[N-1]); //Done a[44] = 701408733
   return 0;
}",
"float do_work(float *arr)
{
  float pri;
  int i;
#pragma omp simd lastprivate(pri)
  for (i = 0; i < 999; ++i) {
    int j = P[i];
 
    pri = 0.5f;
    if (j % 2 == 0) {
      pri = A[j+1] + arr[i];
    }
    A[j] = pri * 1.5f;
    pri = pri + A[j];
  }
  return pri;
}",
"int main(void)
{
  float pri, arr[1000];
  int i;
 
  for (i = 0; i < 1000; ++i) {
     P[i]   = i;
     A[i]   = i * 1.5f;
     arr[i] = i * 1.8f;
  }
  pri = do_work(&arr[0]);
  if (pri == 8237.25) {
    printf(""passed: result pri = %7.2f (8237.25) \n"", pri);
  }
  else {
    printf(""failed: result pri = %7.2f (8237.25) \n"", pri);
  }
  return 0;
}",
"void add_one2(int& p)
{
   p += 1;
}",
"int main(void)
{
   int i;
   int* p = a;

   for (i = 0; i < NN; i++) {
      a[i] = i;
   }

#pragma omp simd linear(p) simdlen(8)
   for (i = 0; i < NN; i++) {
      int& k = *p;
      add_one2(k);
      add_one2(a[i]);
      p++;
   }

   for (i = 0; i < NN; i++) {
      if (a[i] != i+2) {
         printf(""failed\n"");
         return 1;
      }
   }
   printf(""passed\n"");
   return 0;
}",
"void add_one2(int& p, const int& i)
{
   p += i;
}",
"int main(void)
{
   int i;
   int* p = a;

   for (i = 0; i < NN; i++) {
      a[i] = i;
   }

   #pragma omp simd linear(p)
   for (i = 0; i < NN; i++) {
      int& k = *p;
      add_one2(k, i);
      p++;
   }

   for (i = 0; i < NN; i++) {
      if (a[i] != i*2) {
         printf(""failed\n"");
         return 1;
      }
   }
   printf(""passed\n"");
   return 0;
}",
"double func(double x[], double y[], int i)
{
   return (x[i] + y[i]);
}",
"int main(void)
{
   double x[N], y[N], z1[N], z2;
   int i, k;

   for (i = 0; i < N; i++) {
      x[i] = (double)i;
      y[i] = (double)i*2;
   }

   k = 0;
#pragma omp simd linear(k)
   for (i = 0; i < N; i++) {
      z1[i] = func(x, y, k);
      k++;
   }
 
   for (i = 0; i < N; i++) {
      z2 = (double)(i + i*2);
      if (z1[i] != z2) {
         printf(""failed\n"");
         return 1;
      }
   }
   printf(""passed\n"");
   return 0;
}",
"int main() 
{

#pragma omp parallel proc_bind(spread) num_threads(4)
   {
      work();
   }

   return 0;

}",
"void foo()
{
  #pragma omp parallel num_threads(16) proc_bind(spread)
  {
    work();
  }
}",
"int main()
{
#pragma omp parallel proc_bind(close) num_threads(4)
   {
      work();
   }
   return 0;
}",
"void foo()
{
  #pragma omp parallel num_threads(16) proc_bind(close)
  {
    work();
  }
}",
"int main()
{
#pragma omp parallel proc_bind(primary) num_threads(4)
   {
      work();
   }
   return 0;
}",
"void task_affinity(double *A, int N)
{
   double * B;
   #pragma omp task depend(out:B) shared(B) affinity(A[0:N])
   {
     B = alloc_init_B(A,N);
   }

   #pragma omp task depend( in:B) shared(B) affinity(A[0:N])
   {
     compute_on_B(B,N);
   }

   #pragma omp taskwait
}",
"int main(void){                  //MAX threads = 8, single socket system

   //API call-- Displays Affinity of Primary Thread
   omp_display_affinity(NULL);

   // API CALL OUTPUT (default format):
   // team_num= 0, nesting_level= 0, thread_num= 0,
   // thread_affinity= 0,1,2,3,4,5,6,7

   // OMP_DISPLAY_AFFINITY=TRUE, OMP_NUM_THREADS=8
   #pragma omp parallel num_threads(omp_get_num_procs())
   {
     if(omp_get_thread_num()==0)
        printf(""1st Parallel Region -- Affinity Reported \n"");

   // DISPLAY OUTPUT (default format) has been sorted:
   // team_num= 0, nesting_level= 1, thread_num= 0, thread_affinity= 0
   // team_num= 0, nesting_level= 1, thread_num= 1, thread_affinity= 1
   // ...
   // team_num= 0, nesting_level= 1, thread_num= 7, thread_affinity= 7

      // doing work here
   }

   #pragma omp parallel num_threads( omp_get_num_procs() )
   {
      if(omp_get_thread_num()==0)
         printf(""%s%s\n"",""Same Affinity as in Previous Parallel Region"",
                         "" -- no Affinity Reported\n"");

   // NO AFFINITY OUTPUT:
   //(output in 1st parallel region only for OMP_DISPLAY_AFFINITY=TRUE)

      // doing more work here
   }

   // Report Affinity for 1/2 number of threads
   #pragma omp parallel num_threads( omp_get_num_procs()/2 )
   {
     if(omp_get_thread_num()==0)
        printf(""Report Affinity for using 1/2 of max threads.\n"");

   // DISPLAY OUTPUT (default format) has been sorted:
   // team_num= 0, nesting_level= 1, thread_num= 0, thread_affinity= 0,1
   // team_num= 0, nesting_level= 1, thread_num= 1, thread_affinity= 2,3
   // team_num= 0, nesting_level= 1, thread_num= 2, thread_affinity= 4,5
   // team_num= 0, nesting_level= 1, thread_num= 3, thread_affinity= 6,7

     // do work
   }

   return 0;
}",
"int main(void)
{
   int n_sockets, socket_num, n_thrds_on_socket;

   omp_set_nested(1);            // or env var= OMP_NESTED=true
   omp_set_max_active_levels(2); // or env var= OMP_MAX_ACTIVE_LEVELS=2

   n_sockets         = omp_get_num_places();
   n_thrds_on_socket = omp_get_place_num_procs(0);

// OMP_NUM_THREADS=2,4
// OMP_PLACES=""{0,2,4,6},{1,3,5,7}""  #2 sockets; even/odd proc-ids
// OMP_AFFINITY_FORMAT=\
// ""nest_level= %L, parent_thrd_num= %a, thrd_num= %n, thrd_affinity= %A""

   #pragma omp parallel num_threads(n_sockets) private(socket_num)
   {
      socket_num = omp_get_place_num();

      if(socket_num==0)
         printf("" LEVEL 1 AFFINITIES 1 thread/socket, %d sockets:\n\n"",
                n_sockets);

      // not needed if OMP_DISPLAY_AFFINITY=TRUE
      omp_display_affinity(NULL);

// OUTPUT:
// LEVEL 1 AFFINITIES 1 thread/socket, 2 sockets:
// nest_level= 1, parent_thrd_num= 0, thrd_num= 0, thrd_affinity= 0,2,4,6
// nest_level= 1, parent_thrd_num= 0, thrd_num= 1, thrd_affinity= 1,3,5,7

      socket_work(socket_num, n_thrds_on_socket);
   }

 return 0;
}",
"void socket_work(int socket_num, int n_thrds)
{
   #pragma omp parallel num_threads(n_thrds)
   {
      if(omp_get_thread_num()==0)
         printf("" LEVEL 2 AFFINITIES, %d threads on socket %d\n"",
                n_thrds, socket_num);

      // not needed if OMP_DISPLAY_AFFINITY=TRUE
      omp_display_affinity(NULL);

 // OUTPUT:
 // LEVEL 2 AFFINITIES, 4 threads on socket 0
 // nest_level= 2, parent_thrd_num= 0, thrd_num= 0, thrd_affinity= 0
 // nest_level= 2, parent_thrd_num= 0, thrd_num= 1, thrd_affinity= 2
 // nest_level= 2, parent_thrd_num= 0, thrd_num= 2, thrd_affinity= 4
 // nest_level= 2, parent_thrd_num= 0, thrd_num= 3, thrd_affinity= 6

 // LEVEL 2 AFFINITIES, 4 threads on socket 1
 // nest_level= 2, parent_thrd_num= 1, thrd_num= 0, thrd_affinity= 1
 // nest_level= 2, parent_thrd_num= 1, thrd_num= 1, thrd_affinity= 3
 // nest_level= 2, parent_thrd_num= 1, thrd_num= 2, thrd_affinity= 5
 // nest_level= 2, parent_thrd_num= 1, thrd_num= 3, thrd_affinity= 7

    // ... Do Some work on Socket
   }
}",
"int main(void){

   int i, n, thrd_num, max_req_store;
   size_t nchars;

   char default_format[FORMAT_STORE];
   char my_format[]  = ""host=%20H thrd_num=%0.4n binds_to=%A"";
   char **buffer;


   // CODE SEGMENT 1         AFFINITY FORMAT

   // Get and Display Default Affinity Format

   nchars = omp_get_affinity_format(default_format,(size_t)FORMAT_STORE);
   printf(""Default Affinity Format is: %s\n"",default_format);

   if(nchars >= FORMAT_STORE){
      printf(""Caution: Reported Format is truncated.  Increase\n"");
      printf(""         FORMAT_STORE to %d.\n"", nchars+1);
   }

   // Set Affinity Format

   omp_set_affinity_format(my_format);
   printf(""Affinity Format set to: %s\n"",my_format);


   // CODE SEGMENT 2         CAPTURE AFFINITY

   // Set up buffer for affinity of n threads

   n = omp_get_num_procs();
   buffer = (char **)malloc( sizeof(char *) * n );
   for(i=0;i<n;i++){
      buffer[i]=(char *)malloc( sizeof(char) * BUFFER_STORE);
   }

   // Capture Affinity using Affinity Format set above.
   // Use max reduction to check size of buffer areas
   max_req_store = 0;
   #pragma omp parallel private(thrd_num,nchars) \
                        reduction(max:max_req_store)
   {
      //safety: don't exceed # of buffers
      if(omp_get_num_threads()>n) exit(1);

      thrd_num=omp_get_thread_num();
      nchars=omp_capture_affinity(buffer[thrd_num],
                                  (size_t)BUFFER_STORE,NULL);
      if(nchars > max_req_store) max_req_store=nchars;

      // ...
   }

   for(i=0;i<n;i++){
      printf(""thrd_num= %d, affinity: %s\n"", i,buffer[i]);
   }
      // For 4 threads with OMP_PLACES='{0,1},{2,3},{4,5},{6,7}'
      // Format    host=%20H thrd_num=%0.4n binds_to=%A

      // affinity: host=hpc.cn567            thrd_num=0000 binds_to=0,1
      // affinity: host=hpc.cn567            thrd_num=0001 binds_to=2,3
      // affinity: host=hpc.cn567            thrd_num=0002 binds_to=4,5
      // affinity: host=hpc.cn567            thrd_num=0003 binds_to=6,7


   if(max_req_store>=BUFFER_STORE){
      printf(""Caution: Affinity string truncated.  Increase\n"");
      printf(""         BUFFER_STORE to %d\n"",max_req_store+1);
   }

   for(i=0;i<n;i++) free(buffer[i]);
   free (buffer);

   return 0;
}",
"void socket_init(int socket_num)
{
   int n_procs;

   n_procs = omp_get_place_num_procs(socket_num);
   #pragma omp parallel num_threads(n_procs) proc_bind(close)
   {
      printf(""Reporting in from socket num, thread num:  %d %d\n"", 
                                socket_num,omp_get_thread_num() );
   }
}",
"int main()
{
   int n_sockets, socket_num;

   omp_set_nested(1);              // or export OMP_NESTED=true
   omp_set_max_active_levels(2);   // or export OMP_MAX_ACTIVE_LEVELS=2

   n_sockets = omp_get_num_places();
   #pragma omp parallel num_threads(n_sockets) private(socket_num) \
                        proc_bind(spread)
   {
      socket_num = omp_get_place_num();
      socket_init(socket_num);
   }

   return 0;
}",
"void f(int n, int B[n][n], int C[])
{
  int D[2][2] = {1, 2, 3, 4};
  int E[n][n];

  assert(n >= 2);
  E[1][1] = 4;

  #pragma omp parallel firstprivate(B, C, D, E)
  {
    assert(sizeof(B) == sizeof(int (*)[n]));
    assert(sizeof(C) == sizeof(int*));
    assert(sizeof(D) == 4 * sizeof(int));
    assert(sizeof(E) == n * n * sizeof(int));

    /* Private B and C have values of original B and C. */
    assert(&B[1][1] == &A[1][1]);
    assert(&C[3] == &A[1][1]);
    assert(D[1][1] == 4);
    assert(E[1][1] == 4);
  }
}",
"int main() {
  f(2, A, A[0]);
  return 0;
}",
"void build()
{
  int i;
  work = (float*)malloc( sizeof(float)*size );
  for( i = 0; i < size; ++i ) work[i] = tol;
}",
"void copyin_example( float t, int n )
{
  tol = t;
  size = n;
  #pragma omp parallel copyin(tol,size)
  {
    build();
  }
}",
"void init(float a, float b ) {
    #pragma omp single copyprivate(a,b,x,y)
    {
        scanf(""%f %f %f %f"", &a, &b, &x, &y);
    }
}",
"float read_next( ) {
  float * tmp;
  float return_val;

  #pragma omp single copyprivate(tmp)
  {
    tmp = (float *) malloc(sizeof(float));
  }  /* copies the pointer only */


  #pragma omp masked
  {
    scanf(""%f"", tmp);
  }

  #pragma omp barrier
  return_val = *tmp;
  #pragma omp barrier

  #pragma omp single nowait
  {
    free(tmp);
  }

  return return_val;
}",
"void gen_task (int &x) { // on orphaned task construct reference argument
  #pragma omp task // x is implicitly determined firstprivate(x)
  task_body (x);
}",
"void test (int &y, int &z) {
  #pragma omp parallel private(y)
  {
    y = z + 2;
    gen_task (y); // no matter if the argument is determined private
    gen_task (z); // or shared in the enclosing context.

    y++;          // each thread has its own int object y refers to
    gen_task (y);
  }
}",
"void default_none(int a) {
  const int c = 1;
  int i = 0;

  #pragma omp parallel default(none) private(a) shared(z, c)
  {
     int j = omp_get_num_threads();
          /* O.K.  - j is declared within parallel region */
     a = z[j];   /* O.K.  - a is listed in private clause */
                 /*       - z is listed in shared clause */
     x = c;      /* O.K.  - x is threadprivate */
                 /*       - c has const-qualified type and
                              is listed in shared clause */
     z[i] = y;   /* Error - cannot reference i or y here */

  #pragma omp for firstprivate(y)
         /* Error - Cannot reference y in the firstprivate clause */
     for (i=0; i<10 ; i++) {
        z[i] = i; /* O.K. - i is the loop iteration variable */
     }

     z[i] = y;   /* Error - cannot reference i or y here */
  }
}",
"void comp_poly(int N, double x, double c[]) {
   // x:    input: value of x for which to eval the polynomial
   // c[N]: input: the coefficients
   double x0 = 1.0;       // initial value x^0 == 1
   double xi;             // x^i
   double result;         // accumulator for the result

   // Case 1: induction clause
   xi = x0;
   result = 0.0;
   #pragma omp parallel for reduction(+: result) induction(step(x),*: xi)
   for (int i = 0; i < N; i++) {
      result += c[i] * xi;
      xi *= x;
   }
   printf(""C1: result = %f, xn = %f\n"", result, xi);

   // Case 2: inscan reduction
   xi = x0;
   result = 0.0;
   #pragma omp parallel for reduction(+: result) reduction(inscan,*: xi)
   for (int i = 0; i < N; i++) {
      result += c[i] * xi;
      #pragma omp scan exclusive(xi)
      xi *= x;
   }
   printf(""C2: result = %f, xn = %f\n"", result, xi);

   // Case 3: closed form
   result = 0.0;
   #pragma omp parallel for reduction(+: result) lastprivate(xi)
   for (int i = 0; i < N; i++) {
      xi = x0 * pow(x, i);     // induction operation in closed form
      result += c[i] * xi;
      xi *= x;
   }
   printf(""C3: result = %f, xn = %f\n"", result, xi);
}",
"void processPointsInLine(Point Start, int NumberOfPoints, 
                         float Separation) {
  Point P = Start;
  #pragma omp parallel for induction(step(Separation), next : P)
  for (int i = 0; i < NumberOfPoints; ++i) {
    process(P);
    P = P.nextPoint(Separation);
  }
}",
"int main() {
  Point Start(1.0f, -2.0f, 0.5f);
  processPointsInLine(Start, 100, 0.25f);
  return 0;
}",
"void lastpriv (int n, float *a, float *b)
{
  int i;

  #pragma omp parallel
  {
    #pragma omp for lastprivate(i)
    for (i=0; i<n-1; i++)
      a[i] = b[i] + b[i+1];
  }

  a[i]=b[i];      /* i == n-1 here */
}",
"float condlastprivate(float *a, int n)
{
   float x = 0.0f;

   #pragma omp parallel for simd lastprivate(conditional: x)
   for (int k = 0; k < n; k++) {
      if (a[k] < 108.5 || a[k] > 208.5) {
         x = sinf(a[k]);
      }
   }

   return x;
}",
"int do_red(int n, int *v)
{
  int sum_v = 0;     // sum_v is private

  #pragma omp for reduction(+: sum_v)
  for (int i = 0; i < n; i++) {
    sum_v += v[i];
  }
  return sum_v;
}",
"int main(void)
{
  int v[N];
  for (int i = 0; i < N; i++)
    v[i] = i;

  #pragma omp parallel
  {
    int s_v = do_red(N, v);
    printf(""myid %d: sum of v = %d\n"", omp_get_thread_num(), s_v);
  }
  return 0;
}",
"void do_red(int n, int *v, int &sum_v)
{
  sum_v = 0;     // sum_v is private
  #pragma omp for reduction(original(private),+: sum_v)
  for (int i = 0; i < n; i++) {
    sum_v += v[i];
  }
}",
"int main(void)
{
  int v[N];
  for (int i = 0; i < N; i++)
    v[i] = i;

  #pragma omp parallel
  {
    int s_v;     // s_v is private
    do_red(N, v, s_v);
    printf(""myid %d: sum of v = %d\n"", omp_get_thread_num(), s_v);
  }
  return 0;
}",
"int main(void)
{
  int x;

  x = 0;
  // parallel reduction on shared x
  #pragma omp parallel reduction(+: x) num_threads(strict: 4)
  {
    #pragma omp for reduction(+: x)   // reduction on private x
      for (int i = 0; i < 10; i++)
        x++;
  }
  printf(""x = %d\n"", x);    // should print 40, with 4 threads
  return 0;
}",
"int main()
{
  int i, j;
  int *ptr_i, *ptr_j;

  i = 1;
  j = 2;

  ptr_i = &i;
  ptr_j = &j;

  #pragma omp parallel private(i) firstprivate(j)
  {
    i = 3;
    j = j + 2;
    assert (*ptr_i == 1 && *ptr_j == 2);
  }

  assert(i == 1 && j == 2);

  return 0;
}",
"void g(int k) {
  a = k; /* Accessed in the region but outside of the construct;
          * therefore unspecified whether original or private list
          * item is modified. */
}",
"void f(int n) {
  int a = 0;

  #pragma omp parallel for private(a)
   for (int i=1; i<n; i++) {
       a = i;
       g(a*2);     /* Private copy of ""a"" */
    }
}",
"void priv_example3()
{
  int i, a;

  #pragma omp parallel private(a)
  {
     a = 1;
    #pragma omp parallel for private(a)
      for (i=0; i<10; i++)
     {
       a = 2;
     }
    assert(a == 1);
  }
}",
"void reduction1(float *x, int *y, int n)
{
  int i, b, c;
  float a, d;
  a = 0.0;
  b = 0;
  c = y[0];
  d = x[0];
  #pragma omp parallel for private(i) shared(x, y, n) \
                          reduction(+:a) reduction(^:b) \
                          reduction(min:c) reduction(max:d)
    for (i=0; i<n; i++) {
      a += x[i];
      b ^= y[i];
      if (c > y[i]) c = y[i];
      d = fmaxf(d,x[i]);
    }
}",
"void reduction2(float *x, int *y, int n)
{
  int i, b, b_p, c, c_p;
  float a, a_p, d, d_p;
  a = 0.0f;
  b = 0;
  c = y[0];
  d = x[0];
  #pragma omp parallel shared(a, b, c, d, x, y, n) \
                          private(a_p, b_p, c_p, d_p)
  {
    a_p = 0.0f;
    b_p = 0;
    c_p = INT_MAX;
    d_p = -HUGE_VALF;
    #pragma omp for private(i)
    for (i=0; i<n; i++) {
      a_p += x[i];
      b_p ^= y[i];
      if (c_p > y[i]) c_p = y[i];
      d_p = fmaxf(d_p,x[i]);
    }
    #pragma omp critical
    {
      a += a_p;
      b ^= b_p;
      if( c > c_p ) c = c_p;
      d = fmaxf(d,d_p);
    }
  }
}",
"int main (void)
{
  int a, i;

  #pragma omp parallel shared(a) private(i)
  {
    #pragma omp masked
    a = 0;

    // To avoid race conditions, add a barrier here.

    #pragma omp for reduction(+:a)
    for (i = 0; i < 10; i++) {
        a += i;
    }

    #pragma omp single
    printf (""Sum is %d\n"", a);
  }
  return 0;
}",
"int main(){

  int i,j;
  float a[N], b[N][N];

  init(N,b);

  for(i=0; i<N; i++) a[i]=0.0e0;

  #pragma omp parallel for reduction(+:a[0:N]) private(j)
  for(i=0; i<N; i++){
    for(j=0; j<N; j++){
       a[j] +=  b[i][j];
    }
  }
  printf("" a[0] a[N-1]: %f %f\n"", a[0], a[N-1]);

  return 0;
}",
"int main(void)
{
   int a[N], b[N];
   int x = 0;

   // initialization
   for (int k = 0; k < N; k++)
      a[k] = k + 1;

   // a[k] is included in the computation of producing results in b[k]
   #pragma omp parallel for simd reduction(inscan,+: x)
   for (int k = 0; k < N; k++) {
      x += a[k];
      #pragma omp scan inclusive(x)
      b[k] = x;
   }

   printf(""x = %d, b[0:3] = %d %d %d\n"", x, b[0], b[1], b[2]);
   //           5050,        1  3  6

   return 0;
}",
"int main(void)
{
   int a[N], b[N];
   int x = 0;

   // initialization
   for (int k = 0; k < N; k++)
      a[k] = k + 1;

   // a[k] is not included in the computation of producing
   // results in b[k]
   #pragma omp parallel for simd reduction(inscan,+: x)
   for (int k = 0; k < N; k++) {
      b[k] = x;
      #pragma omp scan exclusive(x)
      x += a[k];
   }

   printf(""x = %d, b[0:3] = %d %d %d\n"", x, b[0], b[1], b[2]);
   //           5050,        0  1  3

   return 0;
}",
"int main(void)
{
   int c[N], tmp;
   int x = 0;

   // initialization
   for (int k = 0; k < N; k++)
      c[k] = k + 1;

   // c[k] is used for both input and output of scan results
   #pragma omp parallel for simd reduction(inscan,+: x) private(tmp)
   for (int k = 0; k < N; k++) {
      // initialization phase
      tmp = c[k];
      #pragma omp scan init_complete

      // scan (output) phase - cannot use tmp here
      c[k] = x;

      #pragma omp scan exclusive(x)

      // input phase - can use tmp here
      x += tmp;
   }

   printf(""x = %d, c[0:3] = %d %d %d\n"", x, c[0], c[1], c[2]);
   //           5050,       0  1  3

   return 0;
}",
"void do_work(int n, float a[], float &s)
{
   float loc_s = 0.0f;        // local sum
   static int nthrs;
   #pragma omp for
      for (int i = 0; i < n; i++)
         loc_s += a[i];
   #pragma omp single
   {
      s = 0.0f;               // total sum
      nthrs = 0;
   }
   #pragma omp scope reduction(+:s,nthrs)
   {
      s += loc_s;
      nthrs++;
   }
   #pragma omp masked
      printf(""total sum = %f, nthrs = %d\n"", s, nthrs);
}",
"float work(int n, float a[])
{
   float s;
   #pragma omp parallel
   {
      do_work(n, a, s);
   }
   return s;
}",
"int main()
{
   int sum1=0, sum2=0;
   const int n = 100;

   #pragma omp target teams distribute reduction(+:sum1)
   for (int i = 0; i < n; i++) {
      sum1 += f(i);
   }

   #pragma omp target teams distribute reduction(+:sum2)
   for (int i = 0; i < n; i++) {
      sum2 += g(i) * sum1;
   }

   printf(  ""sum1 = %d, sum2 = %d\n"", sum1, sum2);
   //OUTPUT: sum1 = 9900, sum2 = 147015000
   return 0;
}",
int f(int res){ return res*2; },
int g(int res){ return res*3; },
"int main()
{
   int sum1=0, sum2=0;
   const int n = 100;

   #pragma omp target data map(sum1,sum2)
   {
      #pragma omp target teams distribute reduction(+:sum1)
      for (int i = 0; i < n; i++) {
         sum1 += f(i);
      }

      #pragma omp target teams distribute map(sum1) reduction(+:sum2)
      for (int i = 0; i < n; i++) {
         sum2 += g(i) * sum1;
      }
   }
   printf(  ""sum1 = %d, sum2 = %d\n"", sum1, sum2);
   //OUTPUT: sum1 = 9900, sum2 = 147015000
   return 0;
}",
int f(int res){ return res*2; },
int g(int res){ return res*3; },
"int main()
{
   int sum = 0;

   #pragma omp parallel masked
   #pragma omp taskgroup task_reduction(+:sum)
   {
      #pragma omp target in_reduction(+:sum) nowait
          device_compute(&sum);

      #pragma omp task in_reduction(+:sum)
          host_compute(&sum);
   }
   printf(  ""sum = %d\n"", sum);
   //OUTPUT: sum = 2
   return 0;
}",
void device_compute(int *sum){ *sum = 1; },
void   host_compute(int *sum){ *sum = 1; },
"int main()
{
   int sum = 0;

   #pragma omp parallel sections reduction(task, +:sum)
   {
      #pragma omp section
          {
             #pragma omp target in_reduction(+:sum)
             device_compute(&sum);
          }
      #pragma omp section
          {
             host_compute(&sum);
          }
   }
   printf(  ""sum = %d\n"", sum);
   //OUTPUT: sum = 2
   return 0;
}",
void device_compute(int *sum){ *sum = 1; },
void   host_compute(int *sum){ *sum = 1; },
"int main()
{
   int sum = 0;

   #pragma omp parallel masked reduction(task, +:sum)
   {
       #pragma omp target in_reduction(+:sum) nowait
       device_compute(&sum);

       host_compute(&sum);
   }
   printf(  ""sum = %d\n"", sum);
   //OUTPUT: sum = 2
   return 0;
}",
void device_compute(int *sum){ *sum = 1; },
void   host_compute(int *sum){ *sum = 1; },
"int linked_list_sum(node_t *p)
{
    int res = 0;

    #pragma omp taskgroup task_reduction(+: res)
    {
        node_t* aux = p;
        while(aux != 0)
        {
            #pragma omp task in_reduction(+: res)
            res += aux->val;

            aux = aux->next;
        }
    }
    return res;
}",
"int main() {
    int i;
//                           Create the root node.
    node_t* root = (node_t*) malloc(sizeof(node_t));
    root->val = 1;

    node_t* aux = root;

//                           Create N-1 more nodes.
    for(i=2;i<=N;++i){
        aux->next = (node_t*) malloc(sizeof(node_t));
        aux = aux->next;
        aux->val = i;
    }

    aux->next = 0;

    #pragma omp parallel
    #pragma omp single
    {
        int result = linked_list_sum(root);
        printf( ""Calculated: %d  Analytic:%d\n"", result, (N*(N+1)/2) );
    }

    return 0;
}",
"int main(void){
   int N=100, M=10;
   int i, x;

// USE CASE 1  explicit-task reduction + parallel reduction clause
   x=0;
   #pragma omp parallel num_threads(M) reduction(task,+:x) 
   { 

     x++;                // implicit task reduction statement

     #pragma omp single
     for(i=0;i<N;i++)
       #pragma omp task in_reduction(+:x)
       x++;
   
   }
   printf(""x=%d  =M+N\n"",x);  // x= 110  =M+N


// USE CASE 2  task reduction +  worksharing reduction clause
   x=0;
   #pragma omp parallel for num_threads(M) reduction(task,+:x)
   for(i=0; i< N; i++){   

      x++;

      if( i%2 == 0){
       #pragma omp task in_reduction(+:x)
       x--;
      }
   }
   printf(""x=%d  =N-N/2\n"",x);  // x= 50  =N-N/2

   return 0;
}",
"int array_sum(int n, int *v) {
    int i;
    int res = 0;

    #pragma omp taskloop reduction(+: res)
    for(i = 0; i < n; ++i)
        res += v[i];

    return res;
}",
"int main(int argc, char *argv[]) {
    int n = 10;
    int v[10] = {1,2,3,4,5,6,7,8,9,10};

    #pragma omp parallel
    #pragma omp single
    {
        int res = array_sum(n, v);
        printf(""The result is %d\n"", res);
    }
    return 0;
}",
"int array_sum(int n, int *v) {
    int i;
    int res = 0;

    #pragma omp taskgroup task_reduction(+: res)
    {
        if (n > 0) {
            #pragma omp task in_reduction(+: res)
            res = res + v[0];

            #pragma omp taskloop in_reduction(+: res) nogroup
            for(i = 1; i < n; ++i)
                res += v[i];
        }
    }

    return res;
}",
"int main() {
    int n = 10;
    int v[10] = {1,2,3,4,5,6,7,8,9,10};

    #pragma omp parallel
    #pragma omp single
    {
        int res = array_sum(n, v);
        printf(""The result is %d\n"", res);
    }
    return 0;
}",
"int main(){
   int i, a[N], asum=0;

   for(i=0;i<N;i++) a[i]=i;

   // taskloop reductions

   #pragma omp parallel masked
   #pragma omp taskloop reduction(+:asum) // taskloop 1
      for(i=0;i<N;i++){ asum += a[i]; }


   #pragma omp parallel reduction(task, +:asum) // parallel reduction a
   {
      #pragma omp masked
      #pragma omp task            in_reduction(+:asum) // task 2
         for(i=0;i<N;i++){ asum += a[i]; }

      #pragma omp masked taskloop in_reduction(+:asum) // taskloop 2
         for(i=0;i<N;i++){ asum += a[i]; }
   }

   // taskloop simd reductions

   #pragma omp parallel masked
   #pragma omp taskloop simd reduction(+:asum) // taskloop simd 3
     for(i=0;i<N;i++){ asum += a[i]; }


   #pragma omp parallel reduction(task, +:asum) // parallel reduction b
   {
      #pragma omp masked
      #pragma omp task                 in_reduction(+:asum) // task 4
         for(i=0;i<N;i++){ asum += a[i]; }

      #pragma omp masked taskloop simd in_reduction(+:asum) // taskloop
         for(i=0;i<N;i++){ asum += a[i]; }                  // simd 4

  }

  printf(""asum=%d \n"",asum); // output: asum=29700
}",
"int increment_counter()
{
  counter++;
  return(counter);
}",
"int increment_counter_2()
{
  static int counter = 0;
  #pragma omp threadprivate(counter)
  counter++;
  return(counter);
}",
"void g(T a, T b){
   a.val += b.val;
}",
"void f(int n) {
   x++;
   #pragma omp parallel for
   /* In each thread:
    * a is constructed from x (with value 1 or 2?)
    * b is copy-constructed from b_aux
    */

   for (int i=0; i<n; i++) {
       g(a, b); /* Value of a is unspecified. */
   }
}",
"void minproc ( struct point *out, struct point *in )
{
  if ( in->x < out->x ) out->x = in->x;
  if ( in->y < out->y ) out->y = in->y;
}",
"void maxproc ( struct point *out, struct point *in )
{
  if ( in->x > out->x ) out->x = in->x;
  if ( in->y > out->y ) out->y = in->y;
}",
"void find_enclosing_rectangle ( int n, struct point points[] )
{
  struct point minp = { INT_MAX, INT_MAX }, maxp = {0,0};
  int i;

#pragma omp parallel for reduction(min:minp) reduction(max:maxp)
  for ( i = 0; i < n; i++ ) {
     minproc(&minp, &points[i]);
     maxproc(&maxp, &points[i]);
  }
  printf(""min = (%d, %d)\n"", minp.x, minp.y);
  printf(""max = (%d, %d)\n"", maxp.x, maxp.y);
}",
"void find_enclosing_rectangle ( int n, struct point points[] )
{
  struct point minp = { INT_MAX, INT_MAX }, maxp = {0,0};
  int i;

#pragma omp parallel for reduction(min:minp) reduction(max:maxp)
  for ( i = 0; i < n; i++ ) {
    if ( points[i].x < minp.x ) minp.x = points[i].x;
    if ( points[i].y < minp.y ) minp.y = points[i].y;
    if ( points[i].x > maxp.x ) maxp.x = points[i].x;
    if ( points[i].y > maxp.y ) maxp.y = points[i].y;
  }
  printf(""min = (%d, %d)\n"", minp.x, minp.y);
  printf(""max = (%d, %d)\n"", maxp.x, maxp.y);
}",
"void mx_combine(struct mx_s *out, struct mx_s *in)
{
   if ( out->value < in->value ) {
      out->value = in->value;
      out->index = in->index;
   }
}",
"void mx_init(struct mx_s *priv, struct mx_s *orig)
{
   priv->value = orig->value;
   priv->index = orig->index;
}",
"int main(void)
{
   struct mx_s mx;
   float val[N], d;
   int i, count = N;

   for (i = 0; i < count; i++) {
      d = (N*0.8f - i);
      val[i] = N * N - d * d;
   }

   mx.value = val[0];
   mx.index = 0;
   #pragma omp parallel for reduction(maxloc: mx)
   for (i = 1; i < count; i++) {
      if (mx.value < val[i]) 
      {
         mx.value = val[i];
         mx.index = i;
      }
   }

   printf(""max value = %g, index = %d\n"", mx.value, mx.index);
   /* prints 10000, 80 */

   return 0;
}",
"void foo ()
{
   int A[30];
#pragma omp target data map( A[0:4] )
{
   /* Cannot map distinct parts of the same array */
   #pragma omp target map( A[7:20] )
   {
      A[2] = 0;
   }
}
}",
"void foo ()
{
   int A[30], *p;
#pragma omp target data map( A[0:4] )
{
   p = &A[0];
   /* invalid because p[3] and A[3] are the same
    * location on the host but the array section
    * specified via p[...] is not a subset of A[0:4] */
   #pragma omp target map( p[3:20] )
   {
      A[2] = 0;
      p[8] = 0;
   }
}
}",
"void foo ()
{
   int A[30], *p;
#pragma omp target data map( A[0:4] )
{
   p = &A[0];
   #pragma omp target map( p[7:20] )
   {
      A[2] = 0;
      p[8] = 0;
   }
}
}",
"void foo ()
{
   int A[30], *p;
#pragma omp target data map( A[0:10] )
{
   p = &A[0];
   #pragma omp target map( p[3:7] )
   {
      A[2] = 0;
      p[8] = 0;
      A[8] = 1;
   }
}
}",
"void array_shaping(double *a, int nx, int ny)
{
   // map data to device and do work
   #pragma omp target data map(a[0:nx*(ny+2)])
   {
      // do work on the device
      #pragma omp target  // map(a[0:nx*(ny+2)]) is optional here
      do_work(a, nx, ny);

      // update boundary points (two columns of 2D array) on the host
      // pointer is shaped to 2D array using the shape-operator
      #pragma omp target update from( (([nx][ny+2])a)[0:nx][1], \
                                      (([nx][ny+2])a)[0:nx][ny] )

      // exchange ghost points with neighbors
      exch_data(a, nx, ny);

      // update ghost points (two columns of 2D array) on the device
      // pointer is shaped to 2D array using the shape-operator
      #pragma omp target update to( (([nx][ny+2])a)[0:nx][0], \
                                    (([nx][ny+2])a)[0:nx][ny+1] )

      // perform other work on the device
      #pragma omp target  // map(a[0:nx*(ny+2)]) is optional here
      other_work(a, nx, ny);
   }
}",
"void pipedF(){
   int C, i;
   init(Z, N);
   for (C=0; C<N; C+=CHUNKSZ){
      #pragma omp task shared(Z)
      #pragma omp target map(Z[C:CHUNKSZ])
      #pragma omp parallel for
      for (i=0; i<CHUNKSZ; i++) Z[i] = F(Z[i]);
   }
   #pragma omp taskwait
}",
"void vec_mult(float *p, int N, int dev)
{
   float *v1, *v2;
   int i;
   #pragma omp task shared(v1, v2) depend(out: v1, v2)
   #pragma omp target device(dev) map(v1, v2)
   {
       // check whether on device dev
       if (omp_is_initial_device())
	  abort();
       v1 = (float *)malloc(N*sizeof(float));
       v2 = (float *)malloc(N*sizeof(float));
       init(v1, v2, N);
   }
   foo(); // execute other work asychronously
   #pragma omp task shared(v1, v2, p) depend(in: v1, v2)
   #pragma omp target device(dev) map(to: v1, v2) map(from: p[0:N])
   {
       // check whether on device dev
       if (omp_is_initial_device())
	  abort();
       #pragma omp parallel for
       for (i=0; i<N; i++)
	 p[i] = v1[i] * v2[i];
       free(v1);
       free(v2);
   }
   #pragma omp taskwait
   output(p, N);
}",
"int main(){
   int   i, n=N;
   int   chunk=1000;
   float v1[N],v2[N],vxv[N];

   init(n, v1,v2);

   #pragma omp parallel
   {

      #pragma omp masked
      #pragma omp target teams distribute parallel for nowait \
                                map(to: v1[0:n/2]) \
                                map(to: v2[0:n/2]) \
                                map(from: vxv[0:n/2]) 
      for(i=0; i<n/2; i++){ vxv[i] = v1[i]*v2[i]; }

      #pragma omp for schedule(dynamic,chunk)
      for(i=n/2; i<n; i++){ vxv[i] = v1[i]*v2[i]; }

   }
   printf("" vxv[0] vxv[n-1] %f %f\n"", vxv[0], vxv[n-1]);
   return 0;
}",
"void vec_mult(int N)
{
   int i;
   float p[N], v1[N], v2[N];
   
   #pragma omp parallel num_threads(2)
   {
      #pragma omp single
      {
         #pragma omp task depend(out:v1)
         init(v1, N);
      
         #pragma omp task depend(out:v2)
         init(v2, N);
   
         #pragma omp target nowait depend(in:v1,v2) depend(out:p) \
                                      map(to:v1,v2) map( from: p)
         #pragma omp parallel for private(i)
         for (i=0; i<N; i++)
            p[i] = v1[i] * v2[i];
   
         #pragma omp task depend(in:p)
         output(p, N);
      }
   }
}",
"void update(int* num) {
 
    *num = (*num) * 3;
}",
"int main(int argc, char*argv[]){
  int x = 2 ;
  int is_deferred = time(NULL) % 2;

  #pragma omp target nowait(is_deferred) map(tofrom: x)
  {
    update(&x); 
  }

  // Perform other tasks in parallel while the 
  // target region is executing  
 
  if(is_deferred){
    #pragma omp taskwait
  }

  if( x == 6){
    printf(""Passed\n"");
    return 0;
  } else {
    printf(""Failed\n"");
    return 1;
  }
}",
"void fib_wrapper(int n)
{
   #pragma omp target if(n > THRESHOLD)
   {
      fib(n);
   }
}",
"int main (){

    XOR1 my_XOR1(3);
    XOR2 my_XOR2(3);
    XOR3 my_XOR3(3);
    int res1, res2, res3;

    #pragma omp target map(tofrom:res1)
    res1=my_XOR1.foo();

    #pragma omp target map(tofrom:res2)
    res2=my_XOR2.foo();

    #pragma omp target map(tofrom:res3)
    res3=my_XOR3.foo();

    cout << res1 << endl;  // OUT1: 2
    cout << res2 << endl;  // OUT2: 2
    cout << res3 << endl;  // OUT3: 2
}",
"int main (){

   XOR1 my_XOR1(3);
   int res1;

   #pragma omp target map(from: res1)
   res1=my_XOR1.foo();

   cout << res1 << endl;  // OUT1: 2
}",
"void foo()
{
   #pragma omp target
   {
      varX.a = 100; // ok
      varY.foo(); // error foo() is not available on a target device
   }
}",
"void vec_mult()
{
   int i;
   init(v1, v2, N);
   #pragma omp target update to(v1, v2)
   #pragma omp target
   #pragma omp parallel for
   for (i=0; i<N; i++)
     p[i] = v1[i] * v2[i];
   #pragma omp target update from(p)
   output(p, N);
}",
"float accum(int k)
{
    float tmp = 0.0;
    #pragma omp target update to(Q)
    #pragma omp target map(tofrom: tmp)
    #pragma omp parallel for reduction(+:tmp)
    for(int i=0; i < N; i++)
        tmp += Pfun(i,k);
    return tmp;
}",
"float P(const int i, const int k)
{
  return Q[i][k] * Q[k][i];
}",
"float accum(void)
{
  float tmp = 0.0;
  int i, k;
#pragma omp target map(tofrom: tmp)
#pragma omp parallel for reduction(+:tmp)
  for (i=0; i < N; i++) {
    float tmp1 = 0.0;
#pragma omp simd reduction(+:tmp1)
    for (k=0; k < M; k++) {
      tmp1 += P(i,k);
    }
    tmp += tmp1;
  }
  return tmp;
}",
"void s_vec_mult_accum()
{
   int i;

   #pragma omp parallel for
   for (i=0; i<N; i++)
     sp[i] = sv1[i] * sv2[i];
}",
"void d_vec_mult_accum()
{
   int i;

   #pragma omp parallel for
   for (i=0; i<N; i++)
     dp[i] = dv1[i] * dv2[i];
}",
"int main()
{
   s_init(sv1, sv2, N);
   #pragma omp target map(to:sv1,sv2) map(from:sp)
      s_vec_mult_accum();
   s_output(sp, N);

   d_init(dv1, dv2, N);
   #pragma omp target map(to:dv1,dv2) map(from:dp)
      d_vec_mult_accum();
   d_output(dp, N);

  return 0;
}",
"void foo(){
  //device specific computation
}",
"void foo_onhost(){
  printf(""On host\n"");
}",
"int main(){
  #pragma omp target teams 
  {
    foo(); //calls foo() on target device or 
           //foo_onhost() in case of host fallback
  }
  return 0;

}",
int fun1() {return 1;},
int fun2() {return 2;},
"int main()
{
  int ret_val=0;
  const int choice = rand()%2 + 1;        // create runtime number 1 or 2
  
  funcptr fptr = (choice == 1) ? &fun1 : &fun2; //select fun1/fun2 for 1/2

  #pragma omp target map(from: ret_val)
    ret_val = fptr();                     // ret_val = 1/2 from fun1/fun2

  if (ret_val != choice) { printf(""FAILED\n""); exit(1); }

  return 0;
}",
"void foo()
{
   init_vars(v1, v2, N);
   #pragma omp target device(42) map(p[:N], v1[:N], v2[:N])
   {
      vec_mult(p, v1, v2, N);
   }
   output(p, N);
}",
"void vec_mult(float *p, float *v1, float *v2, int N)
{
   int i;
   int nthreads;
   if (!omp_is_initial_device())
   {
      printf(""1024 threads on target device\n"");
      nthreads = 1024;
   }
   else
   {
      printf(""8 threads on initial device\n"");
      nthreads = 8;
   }
   #pragma omp parallel for private(i) num_threads(nthreads)
   for (i=0; i<N; i++)
     p[i] = v1[i] * v2[i];
}",
"void vec_mult(float *p, float *v1, float *v2, int N)
{
   int i;
   init(v1, v2, N);
   int ndev = omp_get_num_devices();
   int do_offload = (ndev>0 && N>1000000);
   #pragma omp target if(do_offload) \
                      map(to: v1[0:N], v2[:N]) \
                      map(from: p[0:N])
   #pragma omp parallel for if(N>1000) private(i)
   for (i=0; i<N; i++)
     p[i] = v1[i] * v2[i];
   output(p, N);
}",
"void foo(void)
{
   int default_device = omp_get_default_device();
   printf(""Default device = %d\n"", default_device);
   omp_set_default_device(default_device+1);
   if (omp_get_default_device() != default_device+1)
      printf(""Default device is still = %d\n"", default_device);
}",
"void get_dev_cos(double *mem, int s)
{
   int h, t, i;
   double * mem_dev_cpy;
   h = omp_get_initial_device();
   t = omp_get_default_device();

   if (omp_get_num_devices() < 1 || t < 0){
      printf("" ERROR: No device found.\n"");
      exit(1);
   }

   mem_dev_cpy = (double *)omp_target_alloc( sizeof(double) * s, t);
   if(mem_dev_cpy == NULL){
      printf("" ERROR: No space left on device.\n"");
      exit(1);
   }

                          /* dst  src */
   omp_target_memcpy(mem_dev_cpy, mem, sizeof(double)*s,
                              0,    0,
                              t,   h);

   #pragma omp target is_device_ptr(mem_dev_cpy) device(t)
   #pragma omp teams distribute parallel for
     for(i=0;i<s;i++){ mem_dev_cpy[i] = cos((double)i); } /* init data */

                   /* dst  src */
    omp_target_memcpy(mem, mem_dev_cpy, sizeof(double)*s,
                      0,             0,
                      h,             t);

    omp_target_free(mem_dev_cpy, t);
}",
"void async_memcpy() {
  int h_dev = omp_get_initial_device();
  int d_dev = omp_get_default_device();
  size_t dsize;
  float h_buf[N];
  void *d_buf;
  int i;

  /* allocate device memory */
  dsize = N * sizeof(float);
  d_buf = omp_target_alloc(dsize, d_dev);
  if (!d_buf)
    abort();

  /* set up host data */
  for (i = 0; i < N; i++) {
    h_buf[i] = i*0.1f;
  }

  /* copy data from host to device asynchronously */
  if (omp_target_memcpy_async(d_buf, h_buf, dsize, 0, 0, 
                              d_dev, h_dev, 0, NULL))
    abort();

  /* do some work here at the same time */
  do_work();

  /* wait for task completion */
  #pragma omp taskwait

  omp_target_free(d_buf, d_dev);
}",
"void async_work(int N, float *d_buf, float *h_buf)
{
   omp_depend_t obj;
   int d_dev, h_dev;
   size_t dsize;

   h_dev = omp_get_initial_device();
   d_dev = omp_get_default_device();
   dsize = N * sizeof(float);

   // initialize a depend object 'obj'
   #pragma omp depobj(obj) depend(out: d_buf[0:N])

   // start the async memcpy of s_buf to d_buf on device
   if (omp_target_memcpy_async(d_buf, h_buf, dsize, 0, 0, 
                               d_dev, h_dev, 1, &obj))
      abort();

   // do some useful work at the same time on host
   do_work(N, h_buf);

   // wait until memcpy finishes before using d_buf in the target region
   #pragma omp target is_device_ptr(d_buf) depend(depobj: obj)
   do_more_work(N, d_buf);
}",
"int main()
{

// CASE 1 Lambda defined in target region

   S s = S {0,1};

   #pragma omp target
   {   
      auto lambda1 = [&s]() { s.a = s.b * 2; };  
      s.b += 2;
      lambda1(); // s.a = 3 * 2 
   }   
   cout << s.a << "" "" << s.b << endl; //OUT 6 3

// CASE 2 Host defined lambda, Capture pointer to s

   s = {0,1};
   S *sp = &s;
   auto lambda2 = [sp]() {sp->a = sp->b * 2; };

   // closure object's sp attaches to corresponding s on target
   // construct
   #pragma omp target data map(sp[0])
   #pragma omp target
   {
      sp->b += 2;
      lambda2();
   }
   cout << s.a << "" "" << s.b << endl; //OUT 6 3

// CASE 3 Host defined lambda, Capture s by reference

   s = {0,1};
   auto lambda3 = [&s]() {s.a = s.b * 2; };

   // closure object's s refers to corresponding s in target
   // construct
   #pragma omp target data map(s)
   #pragma omp target
   {
      s.b += 2;
      lambda3();
   }
   cout << s.a << "" "" << s.b << endl; //OUT 6 3

// CASE 4 Host defined lambda, references static variable

   static S ss = {0,1};
   #pragma omp declare target enter(ss)
   auto lambda4 = [&]() {ss.a = ss.b * 2; };

   #pragma omp target map(always,from:ss)
   {
      ss.b += 2;
      lambda4();
   }
   cout << ss.a << "" "" << ss.b << endl; //OUT 6 3

   return 0;
}",
"void vec_mult(int N)
{
   int i;
   float p[N], v1[N], v2[N];
   init(v1, v2, N);
   #pragma omp target
   #pragma omp parallel for private(i)
   for (i=0; i<N; i++)
     p[i] = v1[i] * v2[i];
   output(p, N);
}",
"void vec_mult(int N)
{
   int i;
   float p[N], v1[N], v2[N];
   init(v1, v2, N);
   #pragma omp target map(v1, v2, p)
   #pragma omp parallel for
   for (i=0; i<N; i++)
     p[i] = v1[i] * v2[i];
   output(p, N);
}",
"void vec_mult(int N)
{
   int i;
   float p[N], v1[N], v2[N];
   init(v1, v2, N);
   #pragma omp target map(to: v1, v2) map(from: p)
   #pragma omp parallel for
   for (i=0; i<N; i++)
     p[i] = v1[i] * v2[i];
   output(p, N);
}",
"void vec_mult(float *p, float *v1, float *v2, int N)
{
   int i;
   init(v1, v2, N);
   #pragma omp target map(to: v1[0:N], v2[:N]) map(from: p[0:N])
   #pragma omp parallel for
   for (i=0; i<N; i++)
     p[i] = v1[i] * v2[i];
   output(p, N);
}",
"void vec_mult(float *p, float *v1, float *v2, int N)
{
   int i;

   init(v1, v2, N);

   #pragma omp target if(N>THRESHOLD1) map(to: v1[0:N], v2[:N])\
	map(from: p[0:N])
   #pragma omp parallel for if(N>THRESHOLD2)
   for (i=0; i<N; i++)
     p[i] = v1[i] * v2[i];

   output(p, N);
}",
"void vec_mult(float *p, float *v1, float *v2, int N)
{
   int i;

   init(v1, v2, N);

   #pragma omp target parallel for \
        if(target: N>THRESHOLD1) if(parallel: N>THRESHOLD2) \
        map(to: v1[0:N], v2[:N]) map(from: p[0:N])
   for (i=0; i<N; i++)
     p[i] = v1[i] * v2[i];

   output(p, N);
}",
"int main() {
  int arr[N];
  int *dev_ptr;
  int dev;

  for (int i = 0; i < N; i++)
    arr[i] = i;

  dev = omp_get_default_device();

  // Allocate device memory
  dev_ptr = (int *)omp_target_alloc(sizeof(int) * CS, dev);

  // Loop over chunks
  for (int ioff = 0; ioff < N; ioff += CS) {

    // Associate device memory with one chunk of host memory
    omp_target_associate_ptr(&arr[ioff], dev_ptr,
                             sizeof(int) * CS, 0, dev);

    printf(""before: arr[%d]=%d\n"", ioff, arr[ioff]);

    // Update the device data
    #pragma omp target update to(arr[ioff:CS]) device(dev)

    // Explicit mapping of arr to make sure that we use the allocated 
    // and associated memory.  No host-device data update here.
    #pragma omp target map(tofrom : arr[ioff:CS]) device(dev)
      for (int i = 0; i < CS; i++) {
        arr[i+ioff]++;
      }

    // Update the host data
    #pragma omp target update from(arr[ioff:CS]) device(dev)

    printf(""after: arr[%d]=%d\n"", ioff, arr[ioff]);

    // Disassociate device pointer from the current chunk of host memory
    // before next use
    omp_target_disassociate_ptr(&arr[ioff], dev);
  }

  // Free device memory
  omp_target_free(dev_ptr, dev);

  return 0;
}",
"void vec_mult(float *p, float *v1, float *v2, int N)
{
   int i;
   init(v1, v2, N);
   #pragma omp target data map(to: v1[0:N], v2[:N]) map(from: p[0:N])
   {
      #pragma omp target
      #pragma omp parallel for
      for (i=0; i<N; i++)
	p[i] = v1[i] * v2[i];
   }
   output(p, N);
}",
"void vec_mult(float *p, float *v1, float *v2, int N)
{
   int i;
   init(v1, v2, N);
   #pragma omp target data map(from: p[0:N])
   {
      #pragma omp target map(to: v1[:N], v2[:N])
      #pragma omp parallel for
      for (i=0; i<N; i++)
	p[i] = v1[i] * v2[i];
      init_again(v1, v2, N);
      #pragma omp target map(to: v1[:N], v2[:N])
      #pragma omp parallel for
      for (i=0; i<N; i++)
	p[i] = p[i] + (v1[i] * v2[i]);
   }
   output(p, N);
}",
"void gramSchmidt(float Q[][COLS], const int rows)
{
    int cols = COLS;
    #pragma omp target data map(Q[0:rows][0:cols])
    for(int k=0; k < cols; k++)
    {
        double tmp = 0.0;

        #pragma omp target map(tofrom: tmp)
        #pragma omp parallel for reduction(+:tmp)
        for(int i=0; i < rows; i++)
            tmp += (Q[i][k] * Q[i][k]);

        tmp = 1/sqrt(tmp);

        #pragma omp target
        #pragma omp parallel for
        for(int i=0; i < rows; i++)
            Q[i][k] *= tmp;
    }
}",
"void foo(float *p0, float *v1, float *v2, int N)
{
   init(v1, v2, N);

   #pragma omp target data map(to: v1[0:N], v2[:N]) map(from: p0[0:N])
   {
      vec_mult(p0, v1, v2, N);
   }

   output(p0, N);
}",
"void vec_mult(float *p1, float *v3, float *v4, int N)
{
   int i;
   #pragma omp target map(to: v3[0:N], v4[:N]) map(from: p1[0:N])
   #pragma omp parallel for
   for (i=0; i<N; i++)
   {
     p1[i] = v3[i] * v4[i];
   }
}",
"void foo(float *p0, float *v1, float *v2, int N)
{
   init(v1, v2, N);
   #pragma omp target data map(to: v1[0:N], v2[:N]) map(from: p0[0:N])
   {
      vec_mult(p0, v1, v2, N);
   }
   output(p0, N);
}",
"void vec_mult(float* &p1, float* &v3, float* &v4, int &N)
{
   int i;
   #pragma omp target map(to: v3[0:N], v4[:N]) map(from: p1[0:N])
   #pragma omp parallel for
   for (i=0; i<N; i++)
     p1[i] = v3[i] * v4[i];
}",
"void vec_mult(float *p, float *v1, float *v2, int N)
{
   int i;
   init(v1, v2, N);
   #pragma omp target data if(N>THRESHOLD) map(from: p[0:N])
   {
      #pragma omp target if (N>THRESHOLD) map(to: v1[:N], v2[:N])
      #pragma omp parallel for
      for (i=0; i<N; i++)
        p[i] = v1[i] * v2[i];
      init_again(v1, v2, N);
      #pragma omp target if (N>THRESHOLD) map(to: v1[:N], v2[:N])
      #pragma omp parallel for
      for (i=0; i<N; i++)
        p[i] = p[i] + (v1[i] * v2[i]);
   }
   output(p, N);
}",
"void vec_mult(float *p, float *v1, float *v2, int N)
{
   int i;
   init(v1, v2, N);
   #pragma omp target data map(from: p[0:N])
   {
      #pragma omp target if (N>THRESHOLD) map(to: v1[:N], v2[:N])
      #pragma omp parallel for
      for (i=0; i<N; i++)
        p[i] = v1[i] * v2[i];
   } /* UNDEFINED behavior if N<=THRESHOLD */
   output(p, N);
}",
"int main(){
  typedef struct S_struct { int s; int A[N]; } S_struct_t;
  
  int         s;       //scalar int variable (scalar)
  int         A[N];    //aggregate variable  (array)
  S_struct_t  S;       //aggregate variable  (structure)
  int         *ptr;    //scalar, pointer variable (pointer)

  int         s1, s2, s3;

// Initialize everything to zero;
   s=2; s1=s2=s3=0; 
   A[0]=0; A[1]=0;
   S.s=0; S.A[0]=0; S.A[1]=0;
    
// Target Region 1
                   // Uses defaultmap to set scalars, aggregates & 
                   // pointers to normal defaults.  
    #pragma omp target \
            defaultmap(firstprivate: scalar)   /* may also be default */ \
            defaultmap(tofrom:       aggregate)/* may also be default */ \
            defaultmap(default:      pointer)  /* must be default */
    {
        s       = 3;            //SCALAR firstprivate, value not returned
 
        A[0]    = 3;  A[1] = 3; //AGGREGATE array, default map tofrom
 
                                //AGGREGATE structure, default tofrom
        S.s     = 2;
        S.A[0]  = 2;  S.A[1] = 2;

        ptr = &A[0];            //POINTER is private
        ptr[0] = 2;   ptr[1] = 2;
    }
   if(s==2 && A[0]==2 && S.s==2 && S.A[0]==2) 
      printf("" PASSED 1 of 5\n"");
  
    
// Target Region 2
                   // no implicit mapping allowed.
    #pragma omp target defaultmap(none) map(tofrom: s, A, S)
    {                   
        s     +=5;           // All variables must be explicitly mapped
        A[0]  +=5; A[1]+=5;
        S.s   +=5;
        S.A[0]+=5; S.A[1]+=5; 
    }
    if(s==7 && A[0]==7 && S.s==7 && S.A[0]==7)
        printf("" PASSED 2 of 5\n"");
   
  
// Target Region 3
            // defaultmap & explicit data-sharing clause
            // with variables in same category
    s1=s2=s3=1;
    #pragma omp target defaultmap(tofrom: scalar) firstprivate(s1,s2)
    {
        s1 += 5;         // firstprivate (s1 value not returned to host)
        s2 += 5;         // firstprivate (s2 value not returned to host)
        s3 += s1 + s2;   // mapped as tofrom
    }
    if(s1==1 && s2==1 && s3==13 ) printf("" PASSED 3 of 5\n"");
 
 
// Target Region 4        
    A[0]=0; A[1]=0;
    S.A[0]=0; S.A[1]=0;

    // arrays and structure are firstprivate, and scalars are from
    #pragma omp target defaultmap(firstprivate: aggregate) \
                       map(from: s1, s2)
    {
        A[0]+=1; S.A[0]+=1; //Aggregate changes not returned to host
        A[1]+=1; S.A[1]+=1; //Aggregate changes not returned to host
        s1 = A[0]+S.A[0]; //s1 value returned to host
        s2 = A[1]+S.A[1]; //s1 value returned to host
    }
    if( A[0]==0 && S.A[0]==0 && s1==2 ) printf("" PASSED 4 of 5\n"");

// Target Region 5
            // defaultmap using all variable category

    s1=s2=s3=1;

    #pragma omp target defaultmap(to: all) map(from: s3)
    {
        s1 += 5;        // mapped as to
        s2 += 5;        // mapped as to
        s3 = s1 + s2;   // mapped as from
    }
    if(s1==1 && s2==1 && s3==12 ) printf("" PASSED 5 of 5\n"");
 
}",
"int main(){
   myvec_t s;

   s.data = (double *)calloc(N,sizeof(double));
   s.len  = N;

   #pragma omp target
   init(&s);

   printf(""s.data[%d]=%lf\n"",N-1,s.data[N-1]);  //s.data[99]=99.000000
}",
"void init(myvec_t *s)
{ for(size_t i=0; i<s->len; i++) s->data[i]=i; }",
"int main()
{
  dzmat_t a,b,c;
  int     is,ie;

  is=0; ie=N/2-1;       //top N/2 rows on device 0
  #pragma omp target map(mapper(top_id), tofrom: a,b) device(0) \
                     firstprivate(is,ie) nowait
  {
    dzmat_init(&a,is,ie,N);
    dzmat_init(&b,is,ie,N);
  }

  is=N/2; ie=N-1;       //bottom N/2 rows on device 1
  #pragma omp target map(mapper(bottom_id), tofrom: a,b) device(1) \
                     firstprivate(is,ie) nowait
  {
    dzmat_init(&a,is,ie,N);
    dzmat_init(&b,is,ie,N);
  }

  #pragma omp taskwait

  host_add(&a,&b,&c,N);
}",
"int main(){

   mypoints_t P;

   init_mypts_array(&P, N);

   #pragma omp target map(P)
   eval_mypts_array(&P, N);

}",
"int main()
{
  int *ptr1;
  int *ptr2;
  int *ptr3;
  int aray[N];

  ptr1 = (int *)malloc(sizeof(int)*N);
  ptr2 = (int *)malloc(sizeof(int)*N);

  #pragma omp target map(ptr1, ptr1[:N]) map(ptr2[:N] )
  {
     for (int i=0; i<N; i++)
     {
         ptr1[i] = i;
         ptr2[i] = i;
         aray[i] = i;
     }

   //*(++ptr1) = 9;  //NOT ALLOWED since ptr1 is an attached pointer
     *(++ptr2) = 9;  //    allowed since ptr2 is firstprivate

     ptr3=(int *)malloc(sizeof(int)*N); // ptr3 is firstprivate
                                        // ptr3 value not returned
     for (int i=0; i<N; i++) ptr3[i] = 5;

     for (int i=0; i<N; i++) ptr1[i] += ptr3[i];

     free(ptr3);     // explicitly free allocated storage on device
   }

   printf("" %d %d\n"",ptr1[1],ptr2[1]);
   //        6  9

   free(ptr1);
   free(ptr2);
   return 0;
}",
"int main()
{
  int i;
  p = (int *)malloc(sizeof(int)*N);
 
  #pragma omp target map(p[:N])  // device p attached to array section
  {
    for (i=0; i<N; i++) p[i] = i;
    use_arg_p(p, N);
    use_global_p(N);
  }                              // value of host p is preserved

  printf("" %3.3d %3.3d\n"", p[1], p[N-1]); 
         // 003   297   <- output

  free(p);
  return 0;
}",
"void use_arg_p(int *q, int n)
{
  int i;
  for (i=0; i<n; i++)
    q[i] *= 2;
}",
"void use_global_p(int n)
{
  int i;
  for (i=0; i<n; i++)
    p[i] += i;   // valid since p is in declare target and called from
                 // inside target region where p was attached to
                 // valid memory
}",
"int foo()
{
  p1 = &x[0];
  p2 = &y[0];

  // Explicitly map array section x[:N]
  #pragma omp target enter data map(x[:N])

  #pragma omp target  // as if .. map(p1) map(p1[:0]) map(p2[:0]) map(y)
  {
    // Accessing the mapped arrays x,y is OK here.
    x[0] = 1;
    y[1] = 2;

    // Pointer attachment for p1 does not occur here
    //   because p1[:0] does not allocate a new array section and
    //   array x is present on the target construct as it was mapped
    //   before by the target enter data directive.
    p1[0] = 3;      // accessing p1 is undefined

    // The initial value of p2 in the target region is undefined
    //   because map(y) may occur after map(p2[:0]).
    p2[1] = 4;      // accessing p2 is undefined

  }
  return 0;
}",
"int foo()
{
  p1 = &x[0];
  p2 = &y[0];

  // Explicitly map array section y[:N]
  #pragma omp target enter data map(y[:N])

  #pragma omp target map(x[:N]) map(p1[:N]) map(p2[:0])
  {
    // Accessing the mapped arrays x,y is OK here.
    x[0] = 1;
    y[1] = 2;

    // Pointer attachment for p1 occurs here when array x is mapped
    //   on the target construct (as p1 = &x[0] on the device)
    p1[0] = 3;      // accessing p1 is OK

    // p2 in the target region is initialized to &y[0]
    p2[1] = 4;      // accessing p2 is OK
  }

  return 0;
}",
"int main() 
{
   const int n = 1000;
   const int buf_size = sizeof(int) * n;
   const int dev = omp_get_default_device();

   int *ptr = (int *) malloc(buf_size); // possibly compiled on 
                                        // Unified Shared Memory system
   const int accessible = omp_target_is_accessible(ptr, buf_size, dev);

   #pragma omp metadirective \
      when(user={condition(accessible)}: target firstprivate(ptr) ) \
      otherwise(                         target map(ptr[:n])      )
   {
      do_work(ptr, n);
   } 

   free(ptr);
   return 0;
}",
"int main() 
{
   const int n = 1000;
   const int buf_size = sizeof(int) * n;
   T s = { 0, buf_size };   
   const int dev = omp_get_default_device();
   s.ptr = (int *)malloc(buf_size);
   const int accessible =
      omp_target_is_accessible(s.ptr, s.buf_size, dev);

   #pragma omp metadirective \
      when(user={condition(accessible)}: target) \
      otherwise(target map(mapper(deep_copy),tofrom:s) )
   {
      do_work(s.ptr, n);
   } 

   free(s.ptr);
   return 0;
}",
"void error_handler(int wrong_value, int index)
{
   printf("" Error in offload: A[%d]=%d\n"", index,wrong_value);
   printf(""        Expecting: A[i ]=i\n"");
   exit(1);
// output:  Error in offload: A[99]=-1
//                 Expecting: A[i ]=i

}",
"int main()
{
   int A[N];
 
   for (int i=0; i<N; i++) A[i] = i;

   A[N-1]=-1;
 
   #pragma omp target map(A)
   {
      for (int i=0; i<N; i++)
      {
         if (A[i] != i) 
         {
            #pragma omp target device(ancestor: 1) map(always,to: A[i:1])
               error_handler(A[i], i);
         }
      }
   }
   return 0;
}",
"void saxpyfun(struct foo *S)
{
  int i;
  for(i=0; i<N; i++) 
    S->p[i] = S->p[i]*S->a + S->b;
}",
"int main()
{
  struct foo S;
  int i;

  S.a = 2.0;
  S.b = 4.0;
  S.p = (float *)malloc(sizeof(float)*N);
  for(i=0; i<N; i++) S.p[i] = i;

  #pragma omp target map(alloc:S.p) map(S.p[:N]) map(to:S.a, S.b)
  saxpyfun(&S);

  printf("" %4.0f %4.0f\n"", S.p[0], S.p[N-1]);
        //     4  202  <- output

  free(S.p);
  return 0;
}",
"int main()
{
  SAXPY my_saxpy(2.0,4.0);

  my_saxpy.driver();

  printf("" %4.0f %4.0f\n"", my_saxpy.buffer[0], my_saxpy.buffer[N-1]);
         //   4   202     <- output

  return 0;
}",
"void saxpyfun(struct foo *S)
{
  int i;
  for(i=0; i<N; i++)
    S->p[i] = S->p[i] * S->a + S->b; // S->p[i] invalid
}",
"int main()
{
  struct foo S1, S2;
  int i;

  // Case 1

  S1.a = 2.0;
  S1.b = 4.0;
  S1.p = (float *)malloc(sizeof(float)*N);
  for(i=0; i<N; i++) S1.p[i] = i;

  // No pointer attachment for S1.p here
  #pragma omp target data map(S1.p[:N])
  #pragma omp target // implicit map of S1
  saxpyfun(&S1);

  // Case 2

  S2.a = 2.0;
  S2.b = 4.0;
  S2.p = (float *)malloc(sizeof(float)*N);
  for(i=0; i<N; i++) S2.p[i] = i;

  // No pointer attachment for S2.p here either
  #pragma omp target data map(S2.p[:N])
  #pragma omp target map(S2.p, S2.a, S2.b) // implicit map of S2
  saxpyfun(&S2);

  // These print statement may not execute because the
  // above code is invalid
  printf("" %4.0f %4.0f\n"", S1.p[0], S1.p[N-1]);
  printf("" %4.0f %4.0f\n"", S2.p[0], S2.p[N-1]);

  free(S1.p);
  free(S2.p);
  return 0;
}",
"void saxpyfun(struct foo *S)
{
  int i;
  for(i=0; i<N; i++)
    S->p[i] = S->p[i]*S->a + S->b;
}",
"int main()
{
  struct foo S1, S2, S3;
  int i;

  // Case 1

  S1.a = 2.0;
  S1.b = 4.0;
  S1.p = (float *)malloc(sizeof(float)*N);
  for(i=0; i<N; i++) S1.p[i] = i;

  // The target data construct results in pointer attachment for S1.p.
  // Explicitly mapping S1.p, S1.a, and S1.b rather than S1 avoids
  // mapping the entire structure (including members buffera, bufferb,
  // and x).
  #pragma omp target data map(S1.p[:N],S1.p,S1.a,S1.b)
  #pragma omp target //implicit map of S1
  saxpyfun(&S1);

  // Case 2

  S2.a = 2.0;
  S2.b = 4.0;
  S2.p = (float *)malloc(sizeof(float)*N);
  for(i=0; i<N; i++) S2.p[i] = i;

  // The target construct results in pointer attachment for S2.p.
  #pragma omp target data map(S2.p[:N])
  #pragma omp target map(S2.p[:0], S2.a, S2.b) // implicit map of S2
  saxpyfun(&S2);

  // Case 3

  S3.a = 2.0;
  S3.b = 4.0;
  S3.p = (float *)malloc(sizeof(float)*N);
  for(i=0; i<N; i++) S3.p[i] = i;

  // The target construct results in pointer attachment for S3.p.
  // Note that S3.p is implicitly mapped due to the implicit map of S3
  // (but corresponding storage is NOT created for members buffera,
  // bufferb, and x).
  #pragma omp target map(S3.p[:N], S3.a, S3.b)  // implicit map of S3
  saxpyfun(&S3);

  printf("" %4.0f %4.0f\n"", S1.p[0], S1.p[N-1]);  //OUT1 4 202
  printf("" %4.0f %4.0f\n"", S2.p[0], S2.p[N-1]);  //OUT2 4 202
  printf("" %4.0f %4.0f\n"", S3.p[0], S3.p[N-1]);  //OUT3 4 202

  free(S1.p);
  free(S2.p);
  free(S3.p);
  return 0;
}",
"void init_matrix(Matrix *mat, int n)
{
  mat->A = (double *)malloc(n*sizeof(double));
  mat->N = n;
  #pragma omp target enter data map(alloc:mat->A[:n])
}",
"void free_matrix(Matrix *mat)
{
  #pragma omp target exit data map(delete:mat->A[:mat->N])
  mat->N = 0;
  free(mat->A);
  mat->A = NULL;
}",
"void vec_mult(float *p, float *v1, float *v2, int N)
{
   int i;
   init(v1, v2, N);
   #pragma omp target data map(to: v1[:N], v2[:N]) map(from: p[0:N])
   {
      #pragma omp target
      #pragma omp parallel for
      for (i=0; i<N; i++)
	p[i] = v1[i] * v2[i];
      init_again(v1, v2, N);
      #pragma omp target update to(v1[:N], v2[:N])
      #pragma omp target
      #pragma omp parallel for
      for (i=0; i<N; i++)
	p[i] = p[i] + (v1[i] * v2[i]);
   }
   output(p, N);
}",
"void vec_mult(float *p, float *v1, float *v2, int N)
{
   int i;
   init(v1, v2, N);
   #pragma omp target data map(to: v1[:N], v2[:N]) map(from: p[0:N])
   {
      int changed;
      #pragma omp target
      #pragma omp parallel for
      for (i=0; i<N; i++)
        p[i] = v1[i] * v2[i];
      changed = maybe_init_again(v1,  N);
      #pragma omp target update if (changed) to(v1[:N])
      changed = maybe_init_again(v2,  N);
      #pragma omp target update if (changed) to(v2[:N])
      #pragma omp target
      #pragma omp parallel for
      for (i=0; i<N; i++)
        p[i] = p[i] + (v1[i] * v2[i]);
   }
   output(p, N);
}",
"int main()
{
    T s;

    s.x = 5;
    s.y = 5;
    s.z = 5;
    #pragma omp target data map(mapper(custom),tofrom: s)
    {
        int a,b,c;
        s.x += 5;
        s.y += 5;
        s.z += 5;

        #pragma omp target update to(mapper(custom): s) 
        // becomes #pragma omp target update to(s.x)

        #pragma omp target map(from: a,b,c)
        {
            a = s.x;
            b = s.y;            //s.y is undefined here
            c = s.z;            //s.z is undefined here

            s.y = 5;

            printf(""s.x:%d, s.y:%d \n"", s.x, s.y);
                 // s.x:10, s.y:5 (value of s.z is undefined)
        }
        #pragma omp target update from(mapper(custom): s)
        // becomes #pragma omp target update from(s.y)

        printf(""s.y:%d \n"", s.y);
             // s.y:5
        printf(""a:%d \n"", a);
             // a:10 (values of b and c are undefined)
    }
    printf(""s.x:%d, s.y:%d, s.z:%d\n"", s.x, s.y, s.z);
         // s.x:10, s.y:5, s.z:10

    return 0;
}",
"float dotprod(float B[], float C[], int N)
{
   float sum0 = 0.0;
   float sum1 = 0.0;
   #pragma omp target map(to: B[:N], C[:N]) map(tofrom: sum0, sum1)
   #pragma omp teams num_teams(2)
   {
      int i;
      if (omp_get_num_teams() != 2)
         abort();
      if (omp_get_team_num() == 0)
      {
	 #pragma omp parallel for reduction(+:sum0)
	 for (i=0; i<N/2; i++)
	    sum0 += B[i] * C[i];
      }
      else if (omp_get_team_num() == 1)
      {
	 #pragma omp parallel for reduction(+:sum1)
	 for (i=N/2; i<N; i++)
	    sum1 += B[i] * C[i];
      }
   }
   return sum0 + sum1;
}",
"float dotprod(float B[], float C[], int N, int block_size,
  int num_teams, int block_threads)
{
    float sum = 0.0;
    int i, i0;
    #pragma omp target map(to: B[0:N], C[0:N]) map(tofrom: sum)
    #pragma omp teams num_teams(num_teams) thread_limit(block_threads) \
      reduction(+:sum)
    #pragma omp distribute
    for (i0=0; i0<N; i0 += block_size)
       #pragma omp parallel for reduction(+:sum)
       for (i=i0; i< min(i0+block_size,N); i++)
           sum += B[i] * C[i];
    return sum;
}",
"float dotprod(float B[], float C[], int N)
{
   float sum = 0;
   int i;
   #pragma omp target teams map(to: B[0:N], C[0:N]) \
                            defaultmap(tofrom:scalar) reduction(+:sum)
   #pragma omp distribute parallel for reduction(+:sum)
   for (i=0; i<N; i++)
      sum += B[i] * C[i];
   return sum;
}",
"float dotprod(float B[], float C[])
{
    float sum = 0.0;
    int i;
    #pragma omp target map(to: B[0:N], C[0:N]) map(tofrom: sum)
    #pragma omp teams num_teams(8) thread_limit(16) reduction(+:sum)
    #pragma omp distribute parallel for reduction(+:sum) \
                dist_schedule(static, 1024) schedule(static, 64)
    for (i=0; i<N; i++)
        sum += B[i] * C[i];
    return sum;
}",
"void vec_mult(float *p, float *v1, float *v2, int N)
{
   int i;
   init(v1, v2, N);
   #pragma omp target teams map(to: v1[0:N], v2[:N]) map(from: p[0:N])
   #pragma omp distribute simd
   for (i=0; i<N; i++)
     p[i] = v1[i] * v2[i];
   output(p, N);
}",
"void vec_mult(float *p, float *v1, float *v2, int N)
{
   int i;
   init(v1, v2, N);
   #pragma omp target teams map(to: v1[0:N], v2[:N]) map(from: p[0:N])
   #pragma omp distribute parallel for simd
   for (i=0; i<N; i++)
     p[i] = v1[i] * v2[i];
   output(p, N);
}",
"int main() {
  x = 128;
  #pragma omp target
  x = 256;

  #pragma omp target
  #pragma omp teams num_teams(x) // Undefined behavior due to value of ""x""
  if (omp_get_team_num() == 0){
    printf(""%d\n"", omp_get_num_teams()); 
  }

  return 0;
}",
"int main(){
  int x = 0;     // scalar
  int *ptr = &x; // pointer to a scalar 
  int &ref = x;  // reference to a scalar

  bool pass = true;

  // Case 1: x is firstprivate
  #pragma omp target 
  {
     x++;
  }
  if( x != 0 ) pass = false;

  x = 0;
  // Case 2: ptr is firstprivate
  //         (uses address assigned in host data environment)
  #pragma omp target
  {
     (*ptr)++;
  }
  if( x != 1 ) pass = false;

  x = 0;
  // Case 3: ref and its object are mapped
  #pragma omp target
  {
    ref++;
  }
  if( x != 1 ) pass = false;

  // Verification
  if( pass ) { printf(""PASSED\n""); return 0; }
  else       { printf(""FAILED\n""); return 1; }

}",
"int main(){

   D d;               // D derives from A, and vf() is virtual

 #pragma omp target data map(d)
 {
    // Case 1
    A *ap = &d;        // pointer to derived object d
    #pragma omp target // ap is firstprivate
    {
       ap->vf();       // calls D::vf()
    }

    // Case 2
    A &ar = d;         // reference to Derived object d
    #pragma omp target // ar is implicitly mapped
    {
       ar.vf();        // unspecified behavior
    }
 }

   return 0;
}",
"int main(){

   A *ap = nullptr;
   // Case 1
   #pragma omp target
   {
        ap = new D();
   }
   ap->vf();     // illegal
   #pragma omp target
   {
      delete ap;
   }

   // Case 2
   ap = new D();
   #pragma omp target  // No need for mapping with Unified Share Memory
   {
      ap->vf();  // ok
   }

   return 0;
}",
double P(int i){ return (double)i * (double)i; },
double Q(int i){ return (double)i * (double)i; },
"int main() {

    #pragma omp parallel for num_threads(NT)                 // PRAG 1
    for(int i=0; i<NT; i++) printf(""thrd no %d\n"",thrd_no());

    #pragma omp parallel num_threads(NT)                     // PRAG 2
    #pragma omp for                                          // PRAG 3
    for(int i=0; i<NT; i++) printf(""thrd no %d\n"",thrd_no());

                                                             // ATTR 1
    [[omp::directive( parallel for num_threads(NT))]]
    for(int i=0; i<NT; i++) printf(""thrd no %d\n"",thrd_no());

                                                             // ATTR 2
    [[using omp : directive( parallel for num_threads(NT))]]
    for(int i=0; i<NT; i++) printf(""thrd no %d\n"",thrd_no());

 // INVALID-- attribute and non-attribute on same statement
 // [[ omp :: directive( parallel num_threads(NT) ) ]]          ATTR 3
 // #pragma omp for                                             PRAG 4 
 // for(int i=0; i<NT; i++) printf(""thrd no %d\n"",thrd_no());


 // INVALID-- directive order not guaranteed 
 // [[ omp :: directive( parallel num_threads(NT) ) ]]          ATTR 4
 // [[ omp :: directive( for                      ) ]]          ATTR 5
 // for(int i=0; i<NT; i++) printf(""thrd no %d\n"",thrd_no());

                                                             // ATTR 6
    [[omp::sequence(directive(parallel num_threads(NT)),directive(for))]]
    for(int i=0; i<NT; i++) printf(""thrd no %d\n"",thrd_no());

    double tmp=0.0f;
    #pragma omp simd reduction(+:tmp) simdlen(4)
    for(int i=0;i<100;i++) tmp += P(i);                 // PRAG DECL 1
    #pragma omp simd reduction(+:tmp) simdlen(8)
    for(int i=0;i<100;i++) tmp += P(i);                 // PRAG DECL 2
    printf(""%f\n"",tmp);

    tmp=0.0f;
    #pragma omp simd reduction(+:tmp) simdlen(4)
    for(int i=0;i<100;i++) tmp += Q(i);                 // ATTR DECL 3
    #pragma omp simd reduction(+:tmp) simdlen(8)
    for(int i=0;i<100;i++) tmp += Q(i);                 // ATTR DECL 4
    printf(""%f\n"",tmp);

    tmp=0.0f;
    [[ omp :: directive(simd reduction(+:tmp) simdlen(4))]]
    for(int i=0;i<100;i++) tmp += Q(i);                 // ATTR DECL 5
    [[ omp :: directive(simd reduction(+:tmp) simdlen(8))]]
    for(int i=0;i<100;i++) tmp += Q(i);                 // ATTR DECL 6
    printf(""%f\n"",tmp);
}",
"int main(){
    #pragma omp parallel for num_threads(NT)                 // PRAG 1
    for(int i=0; i<NT; i++) printf(""thrd no %d\n"",thrd_no());

    #pragma omp parallel for \
                num_threads(NT)                              // PRAG 2
    for(int i=0; i<NT; i++) printf(""thrd no %d\n"",thrd_no());

    #pragma omp parallel num_threads(NT)                     // PRAG 3-4
    #pragma omp for
    for(int i=0; i<NT; i++) printf(""thrd no %d\n"",thrd_no());

    #pragma omp parallel num_threads(NT)                     // PRAG 5
    {
       int no = thrd_no();
       if (no%2) { printf(""thrd no %d is Odd \n"",no);}
       else      { printf(""thrd no %d is Even\n"",no);}

       #pragma omp for                                    
       for(int i=0; i<NT; i++) printf(""thrd no %d\n"",thrd_no());
    }
}",
"void nested_apply(double A[100])
{
    #pragma omp tile sizes(10) \
            apply(intratile: unroll partial(2) apply(reverse))
    for (int i = 0; i < 100; ++i)
        A[i] = A[i] + 1;
}",
"void step1(double A[100])
{
   for (int i1 = 0; i1 < 10; ++i1)
   #pragma omp unroll partial(2) apply(reverse)
   for (int i2 = 0; i2 < 10; ++i2) {
      int i = i1 * 10 + i2;
      A[i] = A[i] + 1;
   }
}",
"void step2(double A[100])
{
   for (int i1 = 0; i1 < 10; ++i1)
   #pragma omp reverse
   for (int i2 = 0; i2 < 5; ++i2) {
      int i = i1 * 10 + i2 * 2;
      A[i] = A[i] + 1;
      ++i;
      A[i] = A[i] + 1;
   }
}",
"void step3(double A[100])
{
   for (int i1 = 0; i1 < 10; ++i1)
   for (int i2 = 4; i2 >= 0; --i2) {
      int i = i1 * 10 + i2 * 2;
      A[i] = A[i] + 1;
      ++i;
      A[i] = A[i] + 1;
   }
}",
"void span_apply(double A[128][128])
{
   #pragma omp for collapse(2)
   #pragma omp tile sizes(16,16) \
               apply(grid: interchange,reverse)
   for (int i = 0; i < 128; ++i)
      for (int j = 0; j < 128; ++j)
         A[i][j] = A[i][j] + 1;
}",
"void step1(double A[128][128])
{
   #pragma omp for collapse(2)
   #pragma omp interchange
   for (int i1 = 0; i1 < 8; ++i1)
   #pragma omp reverse
   for (int j1 = 0; j1 < 8; ++j1)

      for (int i2 = 0; i2 < 16; ++i2)
      for (int j2 = 0; j2 < 16; ++j2) {
         int i = i1 * 16 + i2;
         int j = j1 * 16 + j2;
         A[i][j] = A[i][j] + 1;
      }
}",
"void step2(double A[128][128])
{
   #pragma omp for collapse(2)
   #pragma omp interchange
   for (int i1 =  0; i1 < 8; ++i1)
   for (int j1 = 7; j1 >= 0; --j1)

      for (int i2 = 0; i2 < 16; ++i2)
      for (int j2 = 0; j2 < 16; ++j2) {
         int i = i1 * 16 + i2;
         int j = j1 * 16 + j2;
         A[i][j] = A[i][j] + 1;
      }
}",
"void step3(double A[128][128])
{
   #pragma omp for collapse(2)
   for (int j1 = 7; j1 >= 0; --j1)
   for (int i1 =  0; i1 < 8; ++i1)

      for (int i2 = 0; i2 < 16; ++i2)
      for (int j2 = 0; j2 < 16; ++j2) {
         int i = i1 * 16 + i2;
         int j = j1 * 16 + j2;
         A[i][j] = A[i][j] + 1;
      }

}",
"void construct_unroll(double A[100])
{
   #pragma omp unroll
   #pragma omp tile sizes(4)
   for (int i = 0; i < 100; ++i)
      A[i] = A[i] + 1;
}",
"void apply_unroll(double A[100])
{
   #pragma omp tile sizes(4) apply(grid: unroll)
   for (int i = 0; i < 100; ++i)
      A[i] = A[i] + 1;
}",
"void apply_assoc(double A[100][100][3])
{
   #pragma omp tile sizes(4,4) \
               apply(     grid: interchange,nothing) \
               apply(intratile: nothing,interchange)
   for (int i = 0; i < 100; ++i)
   for (int j = 0; j < 100; ++j)

      // k loop not associated with tile, but with interchange
      for (int k = 0; k < 3; ++k)
         A[i][j][k] = A[i][j][k] + 1;
}",
"void apply_complexarg(double A[100*100])
{
   #pragma omp tile sizes(4,5) \
      apply(grid(1): reverse)  \
      apply(intratile(2): unroll)
   for (int i = 0; i < 100; ++i)
      for (int j = 0; j < 100; ++j)
         A[i*100+j] += 1;
}",
"void equivalent(double A[100])
{
   #pragma omp unroll
   for (int i1 = 0; i1 < 25; ++i1)
   for (int i2 = 0; i2 <  4; ++i2) {
      int i = i1 * 4 + i2;
      A[i] = A[i] + 1;
   }
}",
"void equivalent(double A[100][100][3])
{
  #pragma omp interchange
  for (int i1 = 0; i1 < 25; ++i1)
  #pragma omp nothing
  for (int j1 = 0; j1 < 25; ++j1)

     #pragma omp nothing
     for (int i2 = 0; i2 < 4; ++i2)
     #pragma omp interchange
     for (int j2 = 0; j2 < 4; ++j2)

        for (int k = 0; k < 3; ++k) {
           int i = i1 * 4 + i2;
           int j = j1 * 4 + j2;
           A[i][j][k] = A[i][j][k] + 1;
        }
}",
"void apply_complexarg_equivalent1(double A[100*100])
{
   #pragma omp tile sizes(4,5)     \
      apply(grid: reverse,nothing) \
      apply(intratile: nothing,unroll)
   for (int i = 0; i < 100; ++i)
      for (int j = 0; j < 100; ++j)
         A[i*100+j] += 1;
}",
"void apply_complexarg_equivalent2(double A[100*100])
{
   #pragma omp reverse
   for (int i1 = 0; i1 < 100; i1+=4)          // grid loop 1
      for (int j1 = 0; j1 < 100; j1+=5)       // grid loop 2
         for (int i = i1; i < i1+4; i+=1)     // tile loop 1
            #pragma omp unroll
            for (int j = j1; j < j1+5; j+=1)  // tile loop 2
               A[i*100+j] += 1;
}",
"int min(int a, int b){ return (a < b)? a : b; }",
"void func1(double A[100][100])
{
   #pragma omp tile sizes(4,16)
   for (int i = 0; i < 100; ++i)
       for (int j = 0; j < 100; ++j)
          A[i][j] = A[i][j] + 1;
}",
"void func2(double A[100][100])
{
   for (int i1 = 0; i1 < 100; i1+=4)
       for (int j1 = 0; j1 < 100; j1+=16)
           for (int i2 = i1; i2 < i1+4; ++i2)
               for (int j2 = j1; j2 < min(j1+16,100); ++j2)
                  A[i2][j2] = A[i2][j2] + 1;
}",
"void func3(double A[100][100])
{
   // complete tiles
   for (int i1 = 0; i1 < 100; i1+=4)
       for (int j1 = 0; j1 < 96; j1+=16)
           for (int i2 = i1; i2 < i1+4; ++i2)
               for (int j2 = j1; j2 < j1+16; ++j2)
                  A[i2][j2] = A[i2][j2] + 1;
   // partial tiles / remainder
   for (int i1 = 0; i1 < 100; i1+=4)
       for (int i2 = i1; i2 < i1+4; ++i2)
           for (int j = 96; j < 100; j+=1)
                  A[i2][j] = A[i2][j] + 1;
}",
"void func4(double A[100][100])
{
   for (int i1 = 0; i1 < 100; i1+=4) {
       // complete tiles
       for (int j1 = 0; j1 < 96; j1+=16)
           for (int i2 = i1; i2 < i1+4; ++i2)
               for (int j2 = j1; j2 < j1+16; ++j2)
                  A[i2][j2] = A[i2][j2] + 1;
       // partial tiles     
       for (int i2 = i1; i2 < i1+4; ++i2)
           for (int j = 96; j < 100; j+=1)
                  A[i2][j] = A[i2][j] + 1;
   }
}",
"void func5(double A[100][100])
{
   for (int i1 = 0; i1 < 100; i1+=4)
       for (int j1 = 0; j1 < 100; j1+=16)
           for (int i2 = i1; i2 < i1+4; ++i2)
               for (int j2 = j1; j2 <j1+16; ++j2)
                  if (j2 < 100)
                      A[i2][j2] = A[i2][j2] + 1;
}",
"void func6(double A[100][100])
{
   // complete tiles
   for (int i1 = 0; i1 < 100; i1+=4)
       for (int j1 = 0; j1 < 96; j1+=16)
           for (int i2 = i1; i2 < i1+4; ++i2)
               for (int j2 = j1; j2 < j1+16; ++j2)
                  A[i2][j2] = A[i2][j2] + 1;
   // partial tiles / remainder (not tiled)
   for (int i = 0; i < 100; ++i)
       for (int j = 96; j < 100; ++j)
                  A[i][j] = A[i][j] + 1;
}",
"int min(int a, int b){ return (a < b)? a : b; }",
"void func7(double A[100][100])
{
   #pragma omp parallel for schedule(static)
   #pragma omp tile sizes(4,16)
   for (int i = 0; i < 100; ++i)
       for (int j = 0; j < 100; ++j)
           A[i][j] = A[i][j] + 1;
}",
"void func8(double A[100][100])
{
   #pragma omp parallel for schedule(static)
   for (int i1 = 0; i1 < 100; i1+=4)
       for (int j1 = 0; j1 < 100; j1+=16)
           for (int i2 = i1; i2 < i1+4; ++i2)
               for (int j2 = j1; j2 < min(j1+16,100); ++j2)
                  A[i2][j2] = A[i2][j2] + 1;
}",
"void func9(double A[100][100])
{
   #pragma omp parallel
   {
       #pragma omp for schedule(static) nowait
       for (int i1 = 0; i1 < 100; i1+=4)
           for (int j1 = 0; j1 < 96; j1+=16)
               for (int i2 = i1; i2 < i1+4; ++i2)
                   for (int j2 = j1; j2 < j1+16; ++j2)
                      A[i2][j2] = A[i2][j2] + 1;
       #pragma omp for schedule(static)
       for (int i1 = 0; i1 < 100; i1+=4) 
           for (int i2 = i1; i2 < i1+4; ++i2) 
               for (int j = 96; j < 100; j+=1)
                   A[i2][j] = A[i2][j] + 1;
    }
}",
"void func1(int A[100][128])
{
   #pragma omp parallel for 
   #pragma omp tile sizes(5,16)
   for (int i = 0; i < 100; ++i)
       for (int j = 0; j < 128; ++j)
           A[i][j] = i*1000 + j;
}",
"void func2(int A[100][128])
{
   #pragma omp parallel for
   for (int i1 = 0; i1 < 100; i1+=5)
       for (int j1 = 0; j1 < 128; j1+=16)
           for (int i2 = i1; i2 < i1+5; ++i2)
               for (int j2 = j1; j2 < j1+16; ++j2)
                  A[i2][j2] = i2*1000 + j2;
}",
"void func1(int A[100][128])
{
   #pragma omp tile sizes(4, 4)
   #pragma omp tile sizes(5,16)
   for (int i = 0; i < 100; ++i)
       for (int j = 0; j < 128; ++j)
           A[i][j] = i*1000 + j;
}",
"void func2(int A[100][128])
{
   #pragma omp tile sizes(4,4)
   for (int i1 = 0; i1 < 100; i1+=5)
       for (int j1 = 0; j1 < 128; j1+=16)
           for (int i2 = i1; i2 < i1+5; ++i2)
               for (int j2 = j1; j2 < j1+16; ++j2)
                  A[i2][j2] = i2*1000 + j2;
}",
"void func3(int A[100][128])
{
   for (int i11 = 0; i11 < 100; i11+= 5*4)
   for (int j11 = 0; j11 < 128; j11+=16*4)

       for (int i12 = i11; i12 < i11+( 5*4); i12+= 5)
       for (int j12 = j11; j12 < j11+(16*4); j12+=16)

           for (int i2 = i12; i2 < i12+ 5; ++i2)
           for (int j2 = j12; j2 < j12+16; ++j2)
              A[i2][j2] = i2*1000 + j2;
}",
"void unroll(double A[], int n)
{
   #pragma omp unroll
   for (int i = 0; i < n; ++i)
      A[i] = 0;
}",
"void unroll_full(double A[])
{
   #pragma omp unroll full
   for (int i = 0; i < 4; ++i)
      A[i] = 0;
}",
"void unroll_full_equivalent(double A[])
{
   A[0] = 0;
   A[1] = 0;
   A[2] = 0;
   A[3] = 0;
}",
"void illegal_2a(double A[])
{
    #pragma omp for
    #pragma omp unroll full  // ERROR: No loop left after full unrolling.
    for (int i = 0; i < 12; ++i)
        A[i] = 0;
}",
"void illegal_2b(double A[])
{
    // Loop might be fully unrolled (or a partially unrolled loop
    // replacement). Hence, no canonical for-loop, resulting in
    // non-compliant code. Implementations may suggest adding a
    // ""partial"" clause.

    #pragma omp for          //        Requires a canonical loop
    #pragma omp unroll       // ERROR: may result in non-compliant code
    for (int i = 0; i < 12; ++i)
        A[i] = 0;
}",
"void illegal_2c(int n, double A[])
{
    #pragma omp unroll full  // ERROR: Constant iteration count required.
    for (int i = 0; i < n; ++i)
        A[i] = 0;
}",
"void unroll3_partial(double A[])
{
   #pragma omp unroll partial(4)
   for (int i = 0; i < 128; ++i)
       A[i] = 0;
}",
"void unroll3_partial_equivalent(double A[])
{
   for (int i_iv = 0; i_iv < 32; ++i_iv) {
       A[i_iv * 4 + 0] = 0;
       A[i_iv * 4 + 1] = 0;
       A[i_iv * 4 + 2] = 0;
       A[i_iv * 4 + 3] = 0;
  }
}",
"void unroll3_partial_nofactor(double A[])
{
   #pragma omp unroll partial
   for (int i = 0; i < 128; ++i)
       A[i] = 0;
}",
"void unroll_partial_remainder(int n, int A[])
{
    #pragma omp parallel for
    #pragma omp unroll partial(4)
    for (int i = 0; i < n; ++i)
        A[i] = i;
}",
"void unroll_partial_remainder_option1(int n, int A[])
{
    #pragma omp parallel for
    for (int i_iv = 0; i_iv < (n+3)/4; ++i_iv) {
                              A[i_iv * 4 + 0] = i_iv * 4 + 0;
        if (i_iv * 4 + 1 < n) A[i_iv * 4 + 1] = i_iv * 4 + 1;
        if (i_iv * 4 + 2 < n) A[i_iv * 4 + 2] = i_iv * 4 + 2;
        if (i_iv * 4 + 3 < n) A[i_iv * 4 + 3] = i_iv * 4 + 3;
   }
}",
"void unroll_partial_remainder_option2(int n, int A[])
{
    #pragma omp parallel for
    for (int i_iv = 0; i_iv < (n+3)/4; ++i_iv) {
        if (i_iv < n/4) {
            A[i_iv * 4 + 0] = i_iv * 4 + 0;
            A[i_iv * 4 + 1] = i_iv * 4 + 1;
            A[i_iv * 4 + 2] = i_iv * 4 + 2;
            A[i_iv * 4 + 3] = i_iv * 4 + 3;
        } else {
            // remainder loop
            for (int i_rem = i_iv*4; i_rem < n; ++i_rem)
                A[i_rem] = i_rem;
        }
    }
}",
"void unroll_partial_remainder_option3(int n, int A[])
{
    // main loop
    #pragma omp parallel for
    for (int i_iv = 0; i_iv < n/4; ++i_iv) {
        A[i_iv * 4 + 0] = i_iv * 4 + 0;
        A[i_iv * 4 + 1] = i_iv * 4 + 1;
        A[i_iv * 4 + 2] = i_iv * 4 + 2;
        A[i_iv * 4 + 3] = i_iv * 4 + 3;
    }

    // remainder loop
    #pragma omp parallel for
    for (int i_rem = (n/4)*4; i_rem < n; ++i_rem)
        A[i_rem] = i_rem;
}",
"int main(){
int error=0, A[NT],C[NT];
for(int i = 0; i<NT; i++){ A[i]=0; C[i]=i; }

    for(int i = 0; i<NT; i++) A[i]=0.0;
    unroll_partial_remainder(NT,A);
    for(int i = 0; i<NT; i++) if(A[i] != C[i]) error=1;

    for(int i = 0; i<NT; i++) A[i]=0.0;
    unroll_partial_remainder_option1(NT,A);
    for(int i = 0; i<NT; i++) if(A[i] != C[i]) error=1;

    for(int i = 0; i<NT; i++) A[i]=0.0;
    unroll_partial_remainder_option2(NT,A);
    for(int i = 0; i<NT; i++) if(A[i] != C[i]) error=1;

    for(int i = 0; i<NT; i++) A[i]=0.0;
    unroll_partial_remainder_option3(NT,A);
    for(int i = 0; i<NT; i++) if(A[i] != C[i]) error=1;

  if(!error) printf(""OUT: Passed\n"");
  if( error) printf(""OUT: Failed\n"");
}",
"int main()
{
   float  *x, *y;
   float s=2.0;

   omp_memspace_handle_t  xy_memspace = omp_default_mem_space;
   omp_alloctrait_t       xy_traits[1]= {omp_atk_alignment, 64};
   omp_allocator_handle_t xy_alloc    = 
                           omp_init_allocator(xy_memspace,1,xy_traits);

   x=(float *)omp_alloc(N*sizeof(float), xy_alloc); 
   y=(float *)omp_alloc(N*sizeof(float), xy_alloc); 

   if( ((intptr_t)(y))%64 != 0 || ((intptr_t)(x))%64 != 0 )
   {
      printf(""ERROR: x|y not 64-Byte aligned\n"");
      exit(1);
   }

   #pragma omp parallel
   { 
      #pragma omp for simd simdlen(16) aligned(x,y:64)
      for(int i=0; i<N; i++){ x[i]=i+1; y[i]=i+1; } // initialize

      #pragma omp for simd simdlen(16) aligned(x,y:64)
      for(int i=0; i<N; i++) y[i] = s*x[i] + y[i];
    }

   printf(""y[0],y[N-1]: %5.0f %5.0f\n"",y[0],y[N-1]);
   // output y[0],y[N-1]: 3 3000

   omp_free(x, xy_alloc);
   omp_free(y, xy_alloc);
   omp_destroy_allocator(xy_alloc);

   return 0;
}",
"void test_allocate() {

  double  v1[Nhb], v2[Nhb];
  double  v3[Nbg], v4[Nbg];
  double  v5[Nll], v6[Nll];

/*** CASE 1: USING ALLOCATE DIRECTIVE ***/
  #pragma omp allocate(v1,v2) allocator(omp_high_bw_mem_alloc)
  #pragma omp allocate(v3,v4) allocator(omp_default_mem_alloc)  

  my_init(v1,v2,Nhb, v3,v4,Nbg, v5,v6,Nll);

  lib_saxpy(v1,v2,5.0,Nhb);

  #pragma omp target map(to: v3[0:Nbg], v4[0:Nbg]) map(from:v3[0:Nbg])
  my_gpu_vxv(v3,v4,Nbg);

/*** CASE 2: USING ALLOCATE CLAUSE ***/
  #pragma omp task private(v5,v6) \
                   allocate(allocator(omp_low_lat_mem_alloc): v5,v6)
  {
    my_gather(v5,v6,Nll);
  }

}",
"int calc(int i, int j) { return i * j;}",
"int main()
{
    #define N 256
    int sum;
    int xbuf[N];

    omp_allocator_handle_t cgroup_alloc;
    const omp_alloctrait_t cgroup_traits[1]= 
                           {{omp_atk_access,omp_atv_cgroup}};

    for (int i = 0; i < N; i++) { xbuf[i] = 0; }

/*** CASE 1: USING ALLOCATE DIRECTIVE ***/
    // uses predefined allocator omp_cgroup_mem_alloc
    #pragma omp target uses_allocators(omp_cgroup_mem_alloc)
    #pragma omp teams reduction(+:xbuf) thread_limit(N) \
                      allocate(omp_cgroup_mem_alloc:xbuf) num_teams(4)
    {
        #pragma omp parallel for
        for (int i = 0; i < N; i++) {
            xbuf[i] += calc(i,omp_get_team_num());
        }
    }

    sum = 0;
    #pragma omp parallel for reduction(+:sum)
    for (int i = 0; i < N; i++) {
        sum += xbuf[i];
    }
    if(sum == 3*(N-1)*N) printf(""PASSED 1 of 3\n"");

/*** CASE 2: ***/

    for (int i = 0; i < N; i++) { xbuf[i] = 0; }

    cgroup_alloc = omp_null_allocator;

    // uses custom allocator with specified traits
    #pragma omp target uses_allocators(traits(cgroup_traits): cgroup_alloc)
    #pragma omp teams reduction(+:xbuf) thread_limit(N) \
                      allocate(cgroup_alloc:xbuf) num_teams(4)
    {
        #pragma omp parallel for
        for (int i = 0; i < N; i++) {
            xbuf[i] += calc(i,omp_get_team_num());
        }
    }

    sum = 0;
    #pragma omp parallel for reduction(+:sum)
    for (int i = 0; i < N; i++) {
        sum += xbuf[i];
    }
    if(sum == 3*(N-1)*N) printf(""PASSED 2 of 3\n"");


/*** CASE 3: ***/

    for (int i = 0; i < N; i++) { xbuf[i] = 0; }

    cgroup_alloc = omp_init_allocator( 
                   omp_default_mem_space, 1, cgroup_traits);

    // WARNING: uses custom allocator but with DEFAULT traits
    #pragma omp target uses_allocators(cgroup_alloc)
    #pragma omp teams reduction(+:xbuf) thread_limit(N) \
                      allocate(cgroup_alloc:xbuf) num_teams(4)
    {
        #pragma omp parallel for
        for (int i = 0; i < N; i++) {
            xbuf[i] += calc(i,omp_get_team_num());
        }
    }
    omp_destroy_allocator(cgroup_alloc);

    sum = 0;
    #pragma omp parallel for reduction(+:sum)
    for (int i = 0; i < N; i++) {
        sum += xbuf[i];
    }
    if(sum == 3*(N-1)*N) printf(""PASSED 3 of 3\n"");

    return 0;
}",
"int calc(int i, int j) { return i*j;}",
"int main()
{
    #define N 256
    int sum;
    int xbuf[N];

    static omp_allocator_handle_t cgroup_alloc;
    #pragma omp declare target(cgroup_alloc)
    const omp_alloctrait_t cgroup_traits[1] = 
                           {{omp_atk_access, omp_atv_cgroup}};

/*** CASE 1: ***/

    for (int i = 0; i < N; i++) { xbuf[i] = 0;}

    // uses predefined allocator, no need to declare it in uses_allocators
    #pragma omp target teams reduction(+:xbuf) thread_limit(N) \
                      allocate(omp_cgroup_mem_alloc:xbuf) num_teams(4)
    {
        #pragma omp parallel for
        for (int i = 0; i < N; i++) {
            xbuf[i] += calc(i,omp_get_team_num());
        }
    }

    sum = 0;
    #pragma omp parallel for reduction(+:sum)
    for (int i = 0; i < N; i++) {
        sum += xbuf[i];
    }
    if(sum == 3*(N-1)*N) printf(""PASSED 1 of 2\n"");


/*** CASE 2: ***/

    for (int i = 0; i < N; i++) { xbuf[i] = 0; }

    // initializes the allocator in target region
    #pragma omp target
        cgroup_alloc = omp_init_allocator( 
                       omp_default_mem_space, 1, cgroup_traits);

    // uses the initialized allocator
    #pragma omp target
    #pragma omp teams reduction(+:xbuf) thread_limit(N) \
                      allocate(cgroup_alloc:xbuf) num_teams(4)
    {
        #pragma omp parallel for
        for (int i = 0; i < N; i++) {
            xbuf[i] += calc(i,omp_get_team_num());
        }
    }

    // destroys the allocator after its use
    #pragma omp target
        omp_destroy_allocator(cgroup_alloc);

    sum = 0;
    #pragma omp parallel for reduction(+:sum)
    for (int i = 0; i < N; i++) {
        sum += xbuf[i];
    }
    if(sum == 3*(N-1)*N) printf(""PASSED 2 of 2\n"");

    return 0;
}",
"int main(){
  int x;

  x = 2;
  #pragma omp parallel num_threads(2) shared(x)
  {

    if (omp_get_thread_num() == 0) {
       #pragma omp atomic write
       x = 5;
    } else {
      int xval;
      #pragma omp atomic read
      xval = x;
    /* Print 1: xval can be 2 or 5 */
      printf(""1: Thread# %d: x = %d\n"", omp_get_thread_num(), xval);
    }

    #pragma omp barrier

    if (omp_get_thread_num() == 0) {
    /* Print 2 */
      printf(""2: Thread# %d: x = %d\n"", omp_get_thread_num(), x);
    } else {
    /* Print 3 */
      printf(""3: Thread# %d: x = %d\n"", omp_get_thread_num(), x);
    }
  }
  return 0;
}",
"int main()
{
    int data;
    int flag=0;
    #pragma omp parallel num_threads(2)
    {
      if (omp_get_thread_num()==0)
      {
      /* Write to the data buffer that will be
       * read by thread */
          data = 42;
      /* Flush data to thread 1 and strictly order
       * the write to data relative to the write to the flag */
          #pragma omp flush(flag, data)
      /* Set flag to release thread 1 */
          #pragma omp atomic write
          flag = 1;
      }
      else if(omp_get_thread_num()==1)
      {
      /* Loop until we see the update to the flag */
          #pragma omp flush(flag, data)
          int flag_val = 0;
          while (flag_val < 1)
          {
             #pragma omp atomic read
             flag_val = flag;
          }
      /* Value of flag is 1; value of data is undefined */
          printf(""flag=%d data=%d\n"", flag, data);
          #pragma omp flush(flag, data)
      /* Value of flag is 1; value of data is 42 */
          printf(""flag=%d data=%d\n"", flag, data);
      }
    }
    return 0;
}",
"int main()
{
   int flag=0;

   #pragma omp parallel num_threads(3)
   {
      if(omp_get_thread_num()==0)
      {
         data0 = 17;
         #pragma omp flush
         /* Set flag to release thread 1 */
         #pragma omp atomic update
         flag++;
         /* Flush of flag is implied by the atomic directive */
      }
      else if(omp_get_thread_num()==1)
      {
         int flag_val = 0;
         /* Loop until we see that flag reaches 1*/
         while(flag_val < 1)
         {
            #pragma omp atomic read
            flag_val = flag;
         }
         #pragma omp flush
         /* data0 is 17 here */
         printf(""Thread 1 awoken (data0 = %d)\n"", data0);
         data1 = 42;
         #pragma omp flush(data1)
         /* Set flag to release thread 2 */
         #pragma omp atomic update
         flag++;
         /* Flush of flag is implied by the atomic directive */
      }
      else if(omp_get_thread_num()==2)
      {
         int flag_val = 0;
         /* Loop until we see that flag reaches 2 */
         while(flag_val < 2)
         {
            #pragma omp atomic read
            flag_val = flag;
         }
         #pragma omp flush(data0,data1)
         /* there is a data race here;
            data0 is 17 and data1 is undefined */
         printf(""Thread 2 awoken (data0 = %d, data1 = %d)\n"",
               data0, data1);
      }
   }
   return 0;
}",
"void flush_incorrect()
{
  int a, b;
  a = b = 0;
  #pragma omp parallel num_threads(2)
  {
    int myid = omp_get_thread_num();
    int tmp;

    if ( myid == 0 ) {        // thread 0
      #pragma omp atomic write
        b = 1;
      #pragma omp flush(b)    // flushes are not ordered
      #pragma omp flush(a)    // compiler may move them around
      #pragma omp atomic read
        tmp = a;
    }
    else {                    // thread 1
      #pragma omp atomic write
        a = 1;
      #pragma omp flush(a)    // flushes are not ordered
      #pragma omp flush(b)    // compiler may move them around
      #pragma omp atomic read
        tmp = b;
    }
    if ( tmp == 0 ) {         // exclusive access not guaranteed
      /* protected section */
    }
  }
}",
"void flush_correct()
{
  int a, b;
  a = b = 0;
  #pragma omp parallel num_threads(2)
  {
    int myid = omp_get_thread_num();
    int tmp;

    if ( myid == 0 ) {          // thread 0
      #pragma omp atomic write
        b = 1;
      #pragma omp flush(a,b)    // flushes are ordered
      #pragma omp atomic read
        tmp = a;
    }
    else {                      // thread 1
      #pragma omp atomic write
        a = 1;
      #pragma omp flush(a,b)    // flushes are ordered
      #pragma omp atomic read
        tmp = b;
    }
    if ( tmp == 0 ) {           // access by single thread
      /* protected section */
    }
  }
}",
"int main(void){
  printf(""Running with %i threads\n"", omp_get_max_threads());
  return 0;
}",
"void sub(float *a)
{
    int i, j, k;

    #pragma omp for collapse(2) private(i, k, j)
    for (k=kl; k<=ku; k+=ks)
       for (j=jl; j<=ju; j+=js)
          for (i=il; i<=iu; i+=is)
             bar(a,i,j,k);
}",
"int main()
{
   int j, k, jlast, klast;
   #pragma omp parallel
   {
      #pragma omp for collapse(2) lastprivate(jlast, klast)
      for (k=1; k<=2; k++)
         for (j=1; j<=3; j++)
         {
            jlast=j;
            klast=k;
         }
      #pragma omp single
      printf(""%d %d\n"", klast, jlast); //2 3
   }
}",
"void sub()
{
   int j, k, a = 5;
   #pragma omp parallel num_threads(2)
   {
      #pragma omp for collapse(2) ordered private(j,k) schedule(static,3)
      for (k=1; k<=3; k++)
         for (j=1; j<=2; j++)
         {
            #pragma omp ordered
            printf(""%d %d %d\n"", omp_get_thread_num(), k, j);
            /* end ordered */
            work(a,j,k);
         }
   }
}",
"int main(){
  float a[M][N+2], b[M][M];

  calc_a(N,M,a);

  #pragma omp parallel for collapse(2)
  for (int i = 0; i < M; i++)
     for (int j = i; j < M; j++) 
     {
        float temp = 0.0f;
        for (int k = 0; k < N; k++)
           temp += (a[i][k]-a[i][N])*(a[j][k]-a[j][N]);

        b[i][j] = temp / (a[i][N+1] * a[j][N+1] * (N - 1));
        b[j][i] = b[i][j];
     }

  printf(""b[0][0] = %f, b[M-1][M-1] = %f\n"", b[0][0], b[M-1][M-1]);

  return 0;
}",
"int main( ) {
    int section_count = 0;
    omp_set_dynamic(0);
    omp_set_num_threads(NT);
#pragma omp parallel
#pragma omp sections firstprivate( section_count )
{
#pragma omp section
    {
        section_count++;
        /* may print the number one or two */
        printf( ""section_count %d\n"", section_count );
    }
#pragma omp section
    {
        section_count++;
        /* may print the number one or two */
        printf( ""section_count %d\n"", section_count );
    }
}
    return 0;
}",
"void incorrect() {
  int np, i;

  np = omp_get_num_threads();  /* misplaced */

  #pragma omp parallel for schedule(static)
  for (i=0; i < np; i++)
    work(i);
}",
"void correct()
{
  int i;

  #pragma omp parallel private(i)
  {
    i = omp_get_thread_num();
    work(i);
  }
}",
"int main(){
   int     nteams_required=2, max_thrds, tm_id;
   float   sp_x[N], sp_y[N], sp_a=0.0001e0;
   double  dp_x[N], dp_y[N], dp_a=0.0001e0;

   max_thrds = omp_get_num_procs()/nteams_required;

   // Create 2 teams, each team works in a different precision
   #pragma omp teams num_teams(nteams_required) \
                     thread_limit(max_thrds)  private(tm_id)
   {
      tm_id = omp_get_team_num();

      if( omp_get_num_teams() != 2 )   //if only getting 1, quit
      { printf(""error: Insufficient teams on host, 2 required\n"");
        exit(0); 
      }

      if(tm_id == 0)  // Do Single Precision Work (SAXPY) with this team
      {
         #pragma omp parallel 
         {
            #pragma omp for                             //init
            for(int i=0; i<N; i++){sp_x[i] = i*0.0001;  sp_y[i]=i; }

            #pragma omp for simd simdlen(8)
            for(int i=0; i<N; i++){sp_x[i] = sp_a*sp_x[i] + sp_y[i];}
         }
      }

      if(tm_id == 1)  // Do Double Precision Work (DAXPY) with this team
      {
         #pragma omp parallel 
         {
            #pragma omp for                             //init
            for(int i=0; i<N; i++){dp_x[i] = i*0.0001;  dp_y[i]=i; }

            #pragma omp for simd simdlen(4)
            for(int i=0; i<N; i++){dp_x[i] = dp_a*dp_x[i] + dp_y[i];}
         }
      }
   }

   printf(""i=%d  sp|dp  %f %f \n"",N-1, sp_x[N-1], dp_x[N-1]);
   printf(""i=%d  sp|dp  %f %f \n"",N/2, sp_x[N/2], dp_x[N/2]);
 //OUTPUT1:i=999  sp|dp  999.000000 999.000010 
 //OUTPUT2:i=500  sp|dp  500.000000 500.000005 

   return 0;
}",
"int main(void)
{
   float a[N], b[N/2];
   int i, j;

   for ( i = 0; i < N; i++ )
      a[i] = i + 1;

   j = 0;
   #pragma omp parallel
   #pragma omp for linear(j:1)
   for ( i = 0; i < N; i += 2 ) {
      b[j] = a[i] * 2.0f;
      j++;
   }

   printf( ""%d %f %f\n"", j, b[0], b[j-1] );
   /* print out: 50 2.0 198.0 */

   return 0;
}",
"int main() 
{
  float x[N], y[N];
  float a = 2.0;
  for(int i=0;i<N;i++){ x[i]=i; y[i]=0;}   // initialize
  
  #pragma omp parallel
  {
    #pragma omp loop
    for(int i = 0; i < N; ++i) y[i] = a*x[i] + y[i];
  }
  if(y[N-1] != (N-1)*2.0) printf(""Error: 2*(N-1) != y[N-1]=%f"",y[N-1]);
}",
"void foo() {
// i-loop distributed across encountering league of teams
#pragma omp loop bind(teams)
    for (int i = 0; i < N; i++) {
    // this loop has an implicit bind(thread)
    #pragma omp loop
      for (int j = 0; j < N; j++) {
        x[i][j] += y[i]*z[i];
      }
    }
}",
"int main(){
 int error = 0;

  for (int i = 0; i < N; i++) {
    for (int j = 0; j < N; j++) {
       x[i][j] = 0;
    }
  }

  for (int i = 0; i < N; i++) {
    y[i] = i;
    z[i] = i+1;
  }

#pragma omp teams num_teams(4) 
  {
      foo();
  }

//check values
   for (int i = 0; i < N; i++) {
    for (int j = 0; j < N; j++) {
       if( x[i][j] != i * (i+1))
         error++;
    }
  }
  if(error) {
    printf(""FAILED\n"");
    return 1;
  }    
  printf(""PASSED\n"");   
  return 0;
}",
"void masked_example( float* x, float* xold, int n, float tol )
{
  int c, i, toobig;
  float error, y;
  c = 0;
  #pragma omp parallel
  {
    do {
      #pragma omp for private(i)
      for( i = 1; i < n-1; ++i ){
        xold[i] = x[i];
      }
      #pragma omp single
      {
        toobig = 0;
      }
      #pragma omp for private(i,y,error) reduction(+:toobig)
      for( i = 1; i < n-1; ++i ){
        y = x[i];
        x[i] = average( xold[i-1], x[i], xold[i+1] );
        error = y - x[i];
        if( error > tol || error < -tol ) ++toobig;
      }
      #pragma omp masked          // primary thread (thread 0)
      {
        ++c;
        printf( ""iteration %d, toobig=%d\n"", c, toobig );
      }
    } while( toobig > 0 );
    #pragma omp barrier
    #pragma omp masked filter(1)  // thread 1
    {
      // The printf statement will not be executed
      // if the number of threads is less than 2.
      printf( ""total number of iterations = %d\n"", c );
    }
  }
}",
"void nowait_example(int n, int m, float *a, float *b, float *y, float *z)
{
  int i;
  #pragma omp parallel
  {
    #pragma omp for nowait
      for (i=1; i<n; i++)
        b[i] = (a[i] + a[i-1]) / 2.0;

    #pragma omp for nowait
      for (i=0; i<m; i++)
        y[i] = sqrt(z[i]);
  }
}",
"void nowait_example2(int n, float *a, float *b, float *c, float *y, float
*z)
{
   int i;
#pragma omp parallel
   {
#pragma omp for schedule(static) nowait
   for (i=0; i<n; i++)
      c[i] = (a[i] + b[i]) / 2.0f;
#pragma omp for schedule(static) nowait
   for (i=0; i<n; i++)
      z[i] = sqrtf(c[i]);
#pragma omp for schedule(static) nowait
   for (i=1; i<=n; i++)
      y[i] = z[i-1] + a[i];
   }
}",
"int main()
{
  omp_set_dynamic(0);
  #pragma omp parallel num_threads(10)
  {
    /* do work here */
  }
  return 0;
}",
"int main()
{
  omp_set_dynamic(1);
  #pragma omp parallel num_threads(10)
  {
    /* do work here */
  }
  return 0;
}",
"int main (void)
{
   omp_set_nested(1);
   omp_set_dynamic(0);
   #pragma omp parallel
   {
      #pragma omp parallel
      {
         #pragma omp single
         {
         /*
         * If OMP_NUM_THREADS=2,3 was set, the following should print:
         * Inner: num_thds=3
         * Inner: num_thds=3
         *
         * If nesting is not supported, the following should print:
         * Inner: num_thds=1
         * Inner: num_thds=1
         */
            printf (""Inner: num_thds=%d\n"", omp_get_num_threads());
         }
      }
      #pragma omp barrier
      omp_set_nested(0);
      #pragma omp parallel
      {
         #pragma omp single
         {
         /*
         * Even if OMP_NUM_THREADS=2,3 was set, the following should
         * print, because nesting is disabled:
         * Inner: num_thds=1
         * Inner: num_thds=1
         */
            printf (""Inner: num_thds=%d\n"", omp_get_num_threads());
         }
      }
      #pragma omp barrier
      #pragma omp single
      {
         /*
         * If OMP_NUM_THREADS=2,3 was set, the following should print:
         * Outer: num_thds=2
         */
         printf (""Outer: num_thds=%d\n"", omp_get_num_threads());
      }
   }
   return 0;
}",
"void subdomain(float *x, int istart, int ipoints)
{
  int i;

  for (i = 0; i < ipoints; i++)
      x[istart+i] = 123.456;
}",
"void sub(float *x, int npoints)
{
    int iam, nt, ipoints, istart;

#pragma omp parallel default(shared) private(iam,nt,ipoints,istart)
    {
        iam = omp_get_thread_num();
        nt =  omp_get_num_threads();
        ipoints = npoints / nt;    /* size of partition */
        istart = iam * ipoints;  /* starting array index */
        if (iam == nt-1)     /* last thread may do more */
          ipoints = npoints - istart;
        subdomain(x, istart, ipoints);
    }
}",
"int main()
{
    float array[10000];

    sub(array, 10000);

    return 0;
}",
"void simple(int n, float *a, float *b)
{
    int i;

#pragma omp parallel for
    for (i=1; i<n; i++) /* i is private by default */
        b[i] = (a[i] + a[i-1]) / 2.0;
}",
"void iterator_example()
{
  std::vector<int> vec(23);
  std::vector<int>::iterator it;
#pragma omp parallel for default(none) shared(vec)
  for (it = vec.begin(); it < vec.end(); it++)
  {
    // do work with *it //
  }
}",
"void sect_example()
{
  #pragma omp parallel sections
  {
    #pragma omp section
      XAXIS();

    #pragma omp section
      YAXIS();

    #pragma omp section
      ZAXIS();
  }
}",
"void do_by_16(float *x, int iam, int ipoints) {}",
"void dynthreads(float *x, int npoints)
{
  int iam, ipoints;

  omp_set_dynamic(0);
  omp_set_num_threads(16);

  #pragma omp parallel shared(x, npoints) private(iam, ipoints)
  {
    if (omp_get_num_threads() != 16)
      abort();

    iam = omp_get_thread_num();
    ipoints = npoints/16;
    do_by_16(x, iam, ipoints);
  }
}",
void work1() {},
void work2() {},
"int main()
{
  #pragma omp parallel
  {
    #pragma omp single
      printf(""Beginning work1.\n"");

    work1();

    #pragma omp single
      printf(""Finishing work1.\n"");

    #pragma omp single nowait
      printf(""Finished work1 and beginning work2.\n"");

    work2();
  }
}",
"int main() {
    int *A, *B;
    N = (rand() % 5 + 1) * 16;
    A = (int *) malloc(sizeof(int) * N);
    B = (int *) malloc(sizeof(int) * N);

    for(int i = 0; i < N; i++){
        A[i] = 0;
        B[i] = i;
    }

    #pragma omp target teams distribute parallel for map(tofrom: A[0:N]) 
    for(int i = 0; i < N; i++){
      fun(A);
    }

// Case 2: Block associated
    #pragma omp assume holds (N % 8 == 0 && N > 0)
    #pragma omp simd
    for (int i = 0; i < N; ++i){
      A[i] += B[i];
    }

    return 0;
}",
"int main() {
  int arr[N], arr_bang[N];

//Case 1: Use in sequential code
  #pragma omp assume no_openmp
  {   
    init(arr,N);  
  }   
    
//Case 2: Use inside openmp construct
  #pragma omp target teams loop map(to: arr)  map(from: arr_bang)
  for(int i = 0; i < N; i++) {
    #pragma omp assume no_parallelism 
    {   
       arr_bang[i] = element_transform(arr[i]);
    } 
  }
  printf(""%d, %d\n"", arr_bang[0], arr_bang[N-1]);
    
  return 0;
}",
"void example() {
    std::exception *ex = NULL;
#pragma omp parallel shared(ex)
    {
#pragma omp for
        for (int i = 0; i < N; i++) {
            // no 'if' that prevents compiler optimizations
            try {
                causes_an_exception();
            }
            catch (std::exception *e) {
                // still must remember exception for later handling
#pragma omp atomic write
                ex = e;
		// cancel worksharing construct
#pragma omp cancel for
            }
        }
        // if an exception has been raised, cancel parallel region
        if (ex) {
#pragma omp cancel parallel
        }
        phase_1();
#pragma omp barrier
        phase_2();
    }
    // continue here if an exception has been thrown in
    // the worksharing loop
    if (ex) {
        // handle exception stored in ex
    }
}",
"int main()
{

# ifdef _OPENMP
    printf(""Compiled by an OpenMP-compliant implementation.\n"");
# endif

    return 0;
}",
"int main()
{
   int v1[N], v2[N], v3[N];
   for(int i=0; i<N; i++){ v1[i]=(i+1); v2[i]=-(i+1); v3[i]=0; }   //init

   #pragma omp parallel
   {
      vxv(v1,v2,v3,N);
   }
   printf("" %d  %d\n"",v3[0],v3[N-1]); //from p_vxv --  output: -3  -30000

   #pragma omp target teams map(to: v1[:N],v2[:N]) map(from: v3[:N])
   {
      vxv(v1,v2,v3,N);
   }
   printf("" %d  %d\n"",v3[0],v3[N-1]); //from t_vxv --  output: -2  -20000

   vxv(v1,v2,v3,N);
   printf("" %d  %d\n"",v3[0],v3[N-1]); //from   vxv --  output: -1  -10000

   return 0;
}",
"int main()
{
   static float x[N],y[N] __attribute__ ((aligned(64)));
   float s=2.0;
                         // Check for 64-byte aligned
   if( ((intptr_t)y)%64 != 0 || ((intptr_t)x)%64 != 0 )
   { printf(""ERROR: x|y not 64-Byte aligned\n""); exit(1); }

   for(int i=0; i<N; i++){ x[i]=i+1; y[i]=i+1; } // initialize

   base_saxpy(N,s,x,y);

   printf(""y[0],y[N-1]: %5.0f %5.0f\n"",y[0],y[N-1]);
   //output: y[0],y[N-1]: 3  3000

   return 0;
}",
"int main() {
   // Array initialization
  for (int i = 0; i < N; ++i) {
    array[i] = 0.0;
  }

#pragma omp target map(tofrom: array[0:N]) 
  for (int i = 0; i < N; ++i) {
    array[i] = my_fun(i);
  }
  return 0;

}",
"void foo_variant1()
{ printf(""in foo_variant1\n""); }",
"void foo_variant2()
{ printf(""in foo_variant2\n""); }",
"void foo()
{ printf(""in foo\n""); }",
"int main()
{
   // Case 1
   foo_sub = 1;
   foo();        // ""in foo_variant1""

   // Case 2
   foo_sub = 0;
   foo();        // ""in foo""

   // Dispatch Cases

   // Case 3
   foo_sub = 0;
   #pragma omp dispatch
   foo();        // ""in foo""

   // Case 4
   foo_sub = 1;  
   #pragma omp dispatch
   foo();        // ""in foo_variant2""
                 // see discussion for OpenMP 5.1/5.2
 
   // Case 5
   foo_sub = 1;  
   #pragma omp dispatch novariants(1)
   foo();        // ""in foo""

   // Case 6
   foo_sub = 1;  
   #pragma omp dispatch nocontext(1)
   foo();        // ""in foo_variant1""

   return 0;
}",
int debug(){ return 1; },
int debug_omp_verbose(){ return 0; },
"int main()
{
   if( debug() ) omp_display_env( debug_omp_verbose() );
   // ...
   return 0;
}",
"int main(){

#pragma omp metadirective \
            when(implementation={vendor(gnu)}: nothing )   \
            otherwise(error at(compilation) severity(fatal) \
                    message(""GNU compiler required.""))

  if( omp_get_num_procs() < 3 ){
    #pragma omp error at(execution) severity(fatal) \
                      message(""3 or more procs required."")
  }

  #pragma omp parallel master
  {
    // Give notice about master deprecation at compile time and run time.
    #pragma omp error at(compilation) severity(warning) \
                      message(""Notice: master is deprecated."")
    #pragma omp error at(execution) severity(warning) \
                      message(""Notice: masked used next release."")

     printf("" Hello from thread number 0.\n"");
  }

}",
"void work_to_be_timed()
{
  sleep(2);
}",
"int main()
{
  double start, end;

  start = omp_get_wtime();
  work_to_be_timed();     // any parallel or serial codes
  end = omp_get_wtime();

  printf(""Work took %f seconds\n"", end - start);
  printf(""Precision of the timer is %f (sec)\n"", omp_get_wtick());
  return 0;
}",
"int main (void)
{
  omp_set_nested(1);
  omp_set_max_active_levels(8);
  omp_set_dynamic(0);
  omp_set_num_threads(2);
  #pragma omp parallel
    {
      omp_set_num_threads(3);

      #pragma omp parallel
        {
          omp_set_num_threads(4);
          #pragma omp single
            {
                 // The following should print:
                 // Inner: max_act_lev=8, num_thds=3, max_thds=4
                 // Inner: max_act_lev=8, num_thds=3, max_thds=4
              printf (""Inner: max_act_lev=%d, num_thds=%d, max_thds=%d\n"",
              omp_get_max_active_levels(), omp_get_num_threads(),
              omp_get_max_threads());
            }
        }

      #pragma omp barrier
      #pragma omp single
        {
                 // The following should print:
                 // Outer: max_act_lev=8, num_thds=2, max_thds=3
          printf (""Outer: max_act_lev=%d, num_thds=%d, max_thds=%d\n"",
                  omp_get_max_active_levels(), omp_get_num_threads(),
                  omp_get_max_threads());
        }
    }
    return 0;
}",
"void prn_info(int level)
{
   #pragma omp masked
      printf(""LV%d: nthrs_next=%d\n"",
             level, omp_get_max_threads());
}",
"int main (void)
{
   // nthreads-var: 4,5,6
   // max-active-levels-var: 3

   // Case 1
   #pragma omp parallel // request 4 threads
   {
      prn_info(1);      // LV1: nthrs_next=5

      // nthreads-var: 5,6
      #pragma omp parallel // request 5 threads
      {
         prn_info(2);      // LV2: nthrs_next=6

         // nthreads-var: 6
         #pragma omp parallel // request 6 threads
         {
            prn_info(3);      // LV3: nthrs_next=6

            // nthreads-var: 6
         }
      }
   }

   // Case 2
   #pragma omp parallel num_threads(8)
   {
      prn_info(1);      // LV1: nthrs_next=5

      // nthreads-var: 5,6
      #pragma omp parallel // request 5 threads
      {
         prn_info(2);      // LV2: nthrs_next=6

         // nthreads-var: 6
         #pragma omp parallel // request 6 threads
         {
            prn_info(3);      // LV3: nthrs_next=6

            // nthreads-var: 6
         }
      }
   }

   // Case 3
   #pragma omp parallel num_threads(8,2)
   {
      prn_info(1);      // LV1: nthrs_next=2

      // nthreads-var: 2
      #pragma omp parallel // request 2 threads
      {
         prn_info(2);      // LV2: nthrs_next=2

         // nthreads-var: 2
         #pragma omp parallel // request 2 threads
         {
            prn_info(3);      // LV3: nthrs_next=2

            // nthreads-var: 2
         }
      }
   }

   return 0;
}",
"void myVectorSet(int n, double s, double *x)
{
   for(int i=0; i<n; ++i) x[i] = s*(i+1);
}",
"void myDaxpy(int n, double s, double *x, double *y)
{
   for(int i=0; i<n; ++i) y[i] = s*x[i]+y[i];
}",
"void myDscal(int n, double s, double *x)
{
   for(int i=0; i<n; ++i) x[i] = s*x[i];
}",
"int main(){
  const  double scalar=2.0;
  double *x, *y, *d_x, *d_y;
  int    dev;

  omp_interop_t obj=omp_interop_none;
  intptr_t  type;

  // Async Memcpy requires pinned memory
  cudaMallocHost( (void**)&x,   N*sizeof(double) );
  cudaMallocHost( (void**)&y,   N*sizeof(double) );
  cudaMalloc(     (void**)&d_x, N*sizeof(double) );
  cudaMalloc(     (void**)&d_y, N*sizeof(double) );

  dev = omp_get_default_device();
  omp_target_associate_ptr(&x[0], d_x, sizeof(double)*N, 0, dev);
  omp_target_associate_ptr(&y[0], d_y, sizeof(double)*N, 0, dev);

  #pragma omp target nowait depend(out: x[0:N]) \
                     map(from: x[0:N]) device(dev)
  myVectorSet(N,  1.0, x);

  #pragma omp task depend(out: y[0:N])
  myVectorSet(N, -1.0, y);

  // get obj for syncing
  #pragma omp interop init(targetsync: obj) device(dev) \
                 depend(in: x[0:N]) depend(inout: y[0:N])

                                        //foreign rt id and string name
  int        id = (int  )omp_get_interop_int(obj, omp_ipr_fr_id,   NULL);
  char* rt_name = (char*)omp_get_interop_str(obj, omp_ipr_fr_name, NULL);

  if(obj != omp_interop_none && id == omp_ifr_cuda) {

    printf("" OpenMP working with %s runtime to execute cublas daxpy.\n"",
           rt_name);
    cublasHandle_t handle;
    int rc;
    cublasCreate(&handle);

    cudaStream_t s=
        (cudaStream_t)omp_get_interop_ptr(obj, omp_ipr_targetsync, &rc);
    if(rc != omp_irc_success) {
       fprintf(stderr,""ERROR: Failed to get %s stream, rt error= %d.\n"",
               rt_name, rc);
       if(rc == omp_irc_no_value)
          fprintf(stderr,
                  ""Parameters valid, no meaningful value available."");
       exit(1);
    }

    cublasSetStream( handle,s );
    cudaMemcpyAsync( d_x, x, N*sizeof(double),
                     cudaMemcpyHostToDevice, s );
    cudaMemcpyAsync( d_y, y, N*sizeof(double),
                     cudaMemcpyHostToDevice, s );
    cublasDaxpy(     handle, N, &scalar, &d_x[0], 1, &d_y[0], 1 ) ;
    cudaMemcpyAsync( y, d_y, N*sizeof(double),
                     cudaMemcpyDeviceToHost, s );

  } else {     // Execute as OpenMP offload.

    printf("" Notice: Offloading myDaxpy to perform daxpy calculation.\n"");

    #pragma omp target depend(inout: y[0:N]) depend(in: x[0:N]) nowait \
                       map(to: x[0:N]) map(tofrom: y[0:N]) device(dev)
    myDaxpy(N, scalar, x, y);

  }

   // This also ensures foreign tasks complete.
  #pragma omp interop destroy(obj) nowait depend(out: y[0:N])

  #pragma omp target depend(inout: x[0:N])
  myDscal(N, scalar, x);

  #pragma omp taskwait
  printf(""(-1:-16384) %f:%f\n"", y[0], y[N-1]);
  printf(""(-2:-32768) %f:%f\n"", x[0], x[N-1]);

}",
"int main()
{
   int v1[N], v2[N], v3[N];
   for(int i=0; i<N; i++){ v1[i]=(i+1); v2[i]=-(i+1); }

   #pragma omp target map(to:v1,v2) map(from:v3) device(0)
   #pragma omp metadirective \
                   when(     device={arch(""nvptx"")}: teams loop) \
                   otherwise(                     parallel loop)
     for (int i= 0; i< N; i++)  v3[i] = v1[i] * v2[i];

   printf("" %d  %d\n"",v3[0],v3[N-1]); //output: -1  -10000 

   return 0;
}",
"void exp_pi_diff(double *d, double my_pi){
   #pragma omp metadirective \
               when(   construct={target}: distribute parallel for ) \
               otherwise(                  parallel for simd )
   for(int i = 0; i<N; i++) d[i] = exp( (M_PI-my_pi)*i );
}",
"int main()
{
  //Calculates sequence of exponentials: (M_PI-my_pi) * index
  //M_PI is from math.h, and my_pi is user provided.

  double d[N];
  double my_pi=3.14159265358979e0;

      #pragma omp target teams map(tofrom: d[0:N])
      exp_pi_diff(d,my_pi);
                                           // value should be near 1
      printf(""d[N-1] = %20.14f\n"",d[N-1]); // ...= 1.00000000000311

      exp_pi_diff(d,my_pi);                // value should be near 1
      printf(""d[N-1] = %20.14f\n"",d[N-1]); // ...= 1.00000000000311
}",
"void foo(int *a, int n, bool use_gpu)
{
   int b=0;   //  use b to detect if run on gpu

   #pragma omp metadirective \
               when( user={condition(use_gpu)}:           \
                     target teams distribute parallel for \
                     private(b) map(from:a[0:n]) )        \
               otherwise(                                 \
                     parallel for )
   for (int i=0; i<n; i++) {a[i]=i; if(i==n-1) b=1;}

   if(b==0) printf(""PASSED 1 of 3\n""); 
}",
"void bar (int *a, int n, bool run_parallel, bool unbalanced)
{
   int b=0;
   #pragma omp metadirective \
               when(user={condition(run_parallel)}: parallel)
   {
      if(omp_in_parallel() && omp_get_thread_num() == 0) 
         printf(""PASSED 2 of 3\n"");

      #pragma omp metadirective \
          when( construct={parallel}, \
                user={condition(unbalanced)}: for schedule(guided) \
                                                  private(b)) \
          when( construct={parallel}        : for schedule(static))
      for (int i=0; i<n; i++) {a[i]=i; if(i==n-1) b=1;}
   }
   // if guided b=0, because b is private
   if(b==0) printf(""PASSED 3 of 3\n"");
}",
"int main(){

   int p[N];
   // App normally sets these, dependent on input parameters
   bool use_gpu=true, run_parallel=true, unbalanced=true;

   // Testing: set Env Var MK_FAIL to anything to fail tests
   if(getenv(""MK_FAIL"")!=NULL) {
      use_gpu=false; run_parallel=false; unbalanced=false;
   }

   foo(p, N, use_gpu);
   bar(p, N, run_parallel,unbalanced);

   return 0;
}",
"int fib(int n) {
  int i, j;
  if (n<2) {
    return n;
  } else if ( tasking && n<8 ) { // serial/taskless cutoff for n<8
    return fib<false>(n);
  } else {
    #pragma omp metadirective \
                when(user={condition(tasking)}: task shared(i))
    {
      i=fib<tasking>(n-1);
    }
    #pragma omp metadirective \
                when(user={condition(tasking)}: task shared(j))
    {
      j=fib<tasking>(n-2);
    }
    #pragma omp metadirective \
                when(user={condition(tasking)}: taskwait)
    return i+j;
  }
}",
"int main(int argc, char** argv) {
  int n = 15;
  #pragma omp parallel
  #pragma omp single
  {
    printf(""fib(%i) = %i\n"", n, fib<true>(n));
  }
  return 0;
}",
"void work(int i, int j) {}",
"void good_nesting(int n)
{
  int i, j;
  #pragma omp parallel default(shared)
  {
    #pragma omp for
    for (i=0; i<n; i++) {
      #pragma omp parallel shared(i, n)
      {
        #pragma omp for
        for (j=0; j < n; j++)
          work(i, j);
      }
    }
  }
}",
"void work(int i, int j) {}",
"void work1(int i, int n)
{
  int j;
  #pragma omp parallel default(shared)
  {
    #pragma omp for
    for (j=0; j<n; j++)
      work(i, j);
  }
}",
"void good_nesting2(int n)
{
  int i;
  #pragma omp parallel default(shared)
  {
    #pragma omp for
    for (i=0; i<n; i++)
      work1(i, n);
  }
}",
"void work(int i, int j) {}",
"void wrong1(int n)
{

  #pragma omp parallel default(shared)
  {
    int i, j;
    #pragma omp for
    for (i=0; i<n; i++) {
       /* incorrect nesting of loop regions */
       #pragma omp for
         for (j=0; j<n; j++)
           work(i, j);
    }
  }

}",
"void work(int i, int j) {}",
"void work1(int i, int n)
{
  int j;
/* incorrect nesting of loop regions */
  #pragma omp for
    for (j=0; j<n; j++)
      work(i, j);
}",
"void wrong2(int n)
{
  #pragma omp parallel default(shared)
  {
    int i;
    #pragma omp for
      for (i=0; i<n; i++)
         work1(i, n);
  }
}",
"void work(int i, int j) {}",
"void wrong3(int n)
{
  #pragma omp parallel default(shared)
  {
    int i;
    #pragma omp for
      for (i=0; i<n; i++) {
/* incorrect nesting of regions */
        #pragma omp single
          work(i, 0);
      }
  }
}",
"void work(int i, int j) {}",
"void wrong4(int n)
{

  #pragma omp parallel default(shared)
  {
    int i;
    #pragma omp for
      for (i=0; i<n; i++) {
        work(i, 0);
/* incorrect nesting of barrier region in a loop region */
        #pragma omp barrier
        work(i, 1);
      }
  }
}",
"void work(int i, int j) {}",
"void wrong5(int n)
{
  #pragma omp parallel
  {
    #pragma omp critical
    {
       work(n, 0);
/* incorrect nesting of barrier region in a critical region */
       #pragma omp barrier
       work(n, 1);
    }
  }
}",
"void work(int i, int j) {}",
"void wrong6(int n)
{
  #pragma omp parallel
  {
    #pragma omp single
    {
      work(n, 0);
/* incorrect nesting of barrier region in a single region */
      #pragma omp barrier
      work(n, 1);
    }
  }
}",
"int main()
{
   pid_t pid;
   int nt = omp_get_max_threads();

   #pragma omp parallel
   {
      #pragma omp single
         printf(""number of threads = %d (max = %d)\n"",
                 omp_get_num_threads(), nt);
   }

   /* clean up thread environment before fork */
   omp_pause_resource(omp_pause_hard, omp_get_initial_device());

   pid = fork();
   if (pid < 0) {
      printf(""fork failed\n"");
      exit(1);
   }
   else if (pid == 0) {
      /* child process */
      #pragma omp parallel num_threads(nt)
      {
         int myid = omp_get_thread_num();
         printf(""child: myid %d of %d\n"", myid, nt);
      }
   }
   else {
      /* parent process */
      int s;
      printf(""parent process - waiting pid %d\n"", pid);
      waitpid(pid, &s, 0);
   }
   return 0;
}",
"int main()
{
   const int n = 1000;
   int v[n], u[n];
   static int sum;
   #pragma omp threadprivate(sum)

   // no data dependences, so can execute concurrently
   #pragma omp parallel for order(concurrent)
   for (int i = 0; i < n; i++) {
      u[i] = i;
      v[i] = i;
      v[i] += u[i] * u[i];
   }

   // with data dependences, so cannot execute iterations
   // concurrently with the order(concurrent) clause
   #pragma omp parallel for ordered
   for (int i = 1; i < n; i++) {
      v[i] += u[i] * u[i];
      #pragma omp ordered
	  v[i] += v[i-1];
   }

   sum = 0;
   // accessing a threadprivate variable, which would not be
   // permitted if the order(concurrent) clause was present
   #pragma omp parallel for copyin(sum)
   for (int i = 0; i < n; i++) {
      sum += v[i];
   }

   #pragma omp parallel
   {
      printf(""sum = %d on thread %d\n"", sum, omp_get_thread_num());
   }

   return 0;
}",
"int main()
{
   const int n = 1000;
   int v[n], u[n];

   #pragma omp parallel 
   {
      // reproducible schedules are used for the following two constructs
      #pragma omp for order(reproducible: concurrent) nowait
      for (int i = 0; i < n; i++) {
         u[i] = i;
         v[i] = i;
      }
      #pragma omp for order(reproducible: concurrent)
      for (int i = 0; i < n; i++) {
         v[i]  += u[i] * u[i];
      }	  
   }

   #pragma omp parallel 
   {
      // static schedules preserve data dependences between the loops
      #pragma omp for schedule(static) order(concurrent) nowait
      for (int i = 0; i < n; i++) {
         u[i] = i;
         v[i] = i;
      }
      #pragma omp for schedule(static) order(concurrent)
      for (int i = 0; i < n; i++) {
         v[i]  += u[i] * u[i];
      }	  
   }

   #pragma omp parallel 
   {
      // the default reproducibility by the static schedule is not 
      // preserved due to the unconstrained order clause.
      // use of nowait here could result in data race.
      #pragma omp for schedule(static) order(unconstrained: concurrent)
      for (int i = 0; i < n; i++) {
         u[i] = i;
         v[i] = i;
      }
      #pragma omp for schedule(static) order(unconstrained: concurrent)
      for (int i = 0; i < n; i++) {
         v[i]  += u[i] * u[i];
      }	  
   }

   return 0;
}",
"int main()
{
  mypoints_t p;
  int q=0;

  #pragma omp target // no map clauses needed
  {                  // q is firstprivate
     q++;
     do_something_with_p(&p,q);
  }
  cout<< p.res << "" "" << q << endl;  // output 1 0
  return 0;
}",
"void do_something_with_p(mypoints_t *p, int q)
{
  p->res = q;
  for(int i=0;i<sizeof(p->data)/sizeof(double);i++)
      p->data[i]=q*i;
}",
"void fx1(int *a, int i)
{
  *a = i;
}",
"void fx2(int *a, int i)
{
   *a = 2*i;
}",
"void fx3(int *a, int i)
{
   *a = 3*i;
}",
"void fx4(int *a, int i)
{
   *a = 4*i;
}",
"void f(int *a, int i)
{
  *a = i;
}",
"int main()
{
   #define N 4
   int a[N];
   #pragma omp target teams distribute parallel for map(a[:N])
   for (int i = 0; i < N; i++) {
      #pragma omp task
      {
         f(&a[i], i);
      }
   }
   
   for (int i = 0; i < N; i++) {
      if (a[i] != 4*i) {
         printf(""Failed\n"");
         return 1;
      }
   }

   printf(""Passed\n"");
   return 0;
}",
"void kernel_target_ua(int *a, int n)
{
   #pragma omp target data map(a[:n]) use_device_ptr(a)
   #pragma omp target parallel for
   for (int i = 0; i < n; i++) {
      a[i] = 2*i*i;
   }
}",
"void kernel_target_usm(int *a, int n)
{
   #pragma omp target parallel for
   for (int i = 0; i < n; i++) {
      a[i] = 3*i*i;
   }
}",
"void kernel_target_usm_v2(int *a, int n)
{
   #pragma omp target teams loop
   for (int i = 0; i < n; i++) {
      a[i] = 4*i*i;
   }
}",
"void kernel(int *a, int n)
{
   #pragma omp parallel for
   for (int i = 0; i < n; i++) {
      a[i] = i*i;
   }
}",
"int main()
{
   int a[1000];   
   
   kernel(a, 1000);
   
   for (int i = 0; i < 1000; i++) {
      if (a[i] != 4*i*i) {
         printf(""Failed\n"");
         return 1;
      }
   }
   
   printf(""Passed\n"");
   return 0;
}",
"void standalone_wrong()
{
  int a = 1;

	if (a != 0)
  #pragma omp flush(a)
/* incorrect as flush cannot be immediate substatement
   of if statement */

	if (a != 0)
  #pragma omp barrier
/* incorrect as barrier cannot be immediate substatement
   of if statement */

	if (a!=0)
  #pragma omp taskyield
/* incorrect as taskyield cannot be immediate substatement of if statement
*/

	if (a != 0)
  #pragma omp taskwait
/* incorrect as taskwait cannot be immediate substatement
   of if statement */

}",
"void standalone_ok()
{
  int a = 1;

  #pragma omp parallel
  {
     if (a != 0) {
  #pragma omp flush(a)
     }
     if (a != 0) {
  #pragma omp barrier
     }
     if (a != 0) {
  #pragma omp taskwait
     }
	if (a != 0) {
  #pragma omp taskyield
	}
  }
}",
"int main()
{
   int device_num, on_init_dev;

   // get policy from OMP_TARGET_OFFLOAD variable
   offload_policy_t policy = get_offload_policy();

   if(_OPENMP< 201811)
   {
      printf(""Warning: OMP_TARGET_OFFLOAD NOT supported, version %d\n"",
             _OPENMP );
      printf(""         If OMP_TARGET_OFFLOAD is set, ""
             ""it will be ignored.\n"");
   }

   // Set target device number to an unavailable
   // device to test offload policy.
   device_num = omp_get_num_devices() + 1;

   // Policy:
   printf(""OMP_TARGET_OFFLOAD Policy:  "");
   if     (policy==MANDATORY)
      printf(""MANDATORY-Terminate if dev. not avail\n"");
   else if(policy==DISABLED )
      printf(""DISABLED -(if supported) Only on Host\n"");
   else if(policy==DEFAULT  )
      printf(""DEFAULT  -On host if device not avail\n"");
   else if(policy==UNKNOWN  )
      printf(""OMP_TARGET_OFFLOAD has unknown value\n"" );
   else if(policy==NOTSET   )
      printf(""OMP_TARGET_OFFLOAD not set\n"" );


   on_init_dev = 1;
   // device# out of range--not supported
   #pragma omp target device(device_num) map(tofrom: on_init_dev)
     on_init_dev=omp_is_initial_device();

   if (policy == MANDATORY && _OPENMP >= 201811)
      printf(""ERROR: OpenMP implementation ignored MANDATORY policy.\n"");

   printf(""Target region executed on init dev %s\n"",
          on_init_dev ? ""TRUE"":""FALSE"");

   return 0;
}",
"int main()
{
   int x = 0, y = 0;
   #pragma omp parallel num_threads(2)
   {
      int thrd = omp_get_thread_num();
      if (thrd == 0) {
         x = 10;
         #pragma omp critical
         { y = 1; }
      } else {
         int tmp = 0;
         while (tmp == 0) {
           #pragma omp critical
           { tmp = y; }
         }
         printf(""x = %d\n"", x); // always ""x = 10""
      }
   }
   return 0;
}",
"int main()
{
   int x = 0, y = 0;
   #pragma omp parallel num_threads(2)
   {
      int thrd = omp_get_thread_num();
       if (thrd == 0) {
          x = 10;
          #pragma omp atomic write release // or seq_cst
          y = 1;
       } else {
          int tmp = 0;
          while (tmp == 0) {
            #pragma omp atomic read acquire // or seq_cst
            tmp = y;
          }
          printf(""x = %d\n"", x); // always ""x = 10""
       }
   }
   return 0;
}",
"int main()
{
   int x = 0, y = 0;
   #pragma omp parallel num_threads(2)
   {
      int thrd = omp_get_thread_num();
      if (thrd == 0) {
         x = 10;
         #pragma omp flush // or with acq_rel or release clause
         #pragma omp atomic write // or with relaxed clause
         y = 1;
      } else {
         int tmp = 0;
         while (tmp == 0) {
           #pragma omp atomic read // or with relaxed clause
           tmp = y;
         }
         #pragma omp flush // or with acq_rel or acquire clause
         printf(""x = %d\n"", x);  // always ""x = 10""
      }
   }
   return 0;
}",
"int main()
{

// !!! THIS CODE WILL FAIL TO PRODUCE CONSISTENT RESULTS !!!!!!!
// !!! DO NOT PROGRAM SYNCHRONIZATION THIS WAY !!!!!!!

   int x = 0, y;
   #pragma omp parallel num_threads(2)
   {
      int thrd = omp_get_thread_num();
      if (thrd == 0) {
         #pragma omp critical
         { x = 10; }
         // an explicit flush directive that provides
         // release semantics is needed here
         // to complete the synchronization.
         #pragma omp atomic write
         y = 1;
      } else {
         int tmp = 0;
         while (tmp == 0) {
            #pragma omp atomic read acquire // or seq_cst
            tmp = y;
         }
         #pragma omp critical
         { printf(""x = %d\n"", x); }  // !! NOT ALWAYS 10
      }
   }
   return 0;
}",
"float work1(int i)
{
  return 1.0 * i;
}",
"float work2(int i)
{
   return 2.0 * i;
}",
"void atomic_example(float *x, float *y, int *index, int n)
{
  int i;

  #pragma omp parallel for shared(x, y, index, n)
    for (i=0; i<n; i++) {
      #pragma omp atomic update
      x[index[i]] += work1(i);
      y[i] += work2(i);
     }
}",
"int main()
{
  float x[1000];
  float y[10000];
  int index[10000];
  int i;

  for (i = 0; i < 10000; i++) {
    index[i] = i % 1000;
    y[i]=0.0;
  }
  for (i = 0; i < 1000; i++)
    x[i] = 0.0;
  atomic_example(x, y, index, 10000);
  return 0;
}",
"int atomic_read(const int *p)
{
    int value;
/* Guarantee that the entire value of *p is read atomically. No part of
 * *p can change during the read operation.
 */
#pragma omp atomic read
     value = *p;
     return value;
}",
"void atomic_write(int *p, int value)
{
/* Guarantee that value is stored atomically into *p. No part of *p can
change
 * until after the entire write operation is completed.
 */
#pragma omp atomic write
    *p = value;
}",
"int fetch_and_add(int *p)
{
   /* Atomically read the value of *p and then increment it. The
      previous value is returned. This can be used to implement a
      simple lock as shown below.
    */
   int old;
#pragma omp atomic capture
   { old = *p; (*p)++; }
   return old;
}",
"void do_locked_work(struct locktype *lock)
{
   int atomic_read(const int *p);
   void work();

   // Obtain the lock
   int myturn = fetch_and_add(&lock->ticketnumber);
   while (atomic_read(&lock->turn) != myturn)
      ;
   // Do some work. The flush is needed to ensure visibility of
   // variables not involved in atomic directives

   #pragma omp flush
   work();
   #pragma omp flush
   // Release the lock
   fetch_and_add(&lock->turn);
}",
"void boxster(float *box_totals, float *vals, int *box, int N)
{
    #pragma omp parallel for
    for(int idx=0; idx<=N; idx++)
    {
       calc_val(&vals[idx]);
       #pragma omp atomic hint(omp_sync_hint_uncontended)
       box_totals[ box[idx] ] = box_totals[ box[idx] ] + vals[idx];
    }
}",
"void atomic_wrong ()
{
 union {int n; float x;} u;

#pragma omp parallel
  {
#pragma omp atomic update
    u.n++;

#pragma omp atomic update
    u.x += 1.0;

/* Incorrect because the atomic constructs reference the same location
   through incompatible types */
  }
}",
"void atomic_wrong2 ()
{
 int  x;
 int *i;
 float   *r;

 i = &x;
 r = (float *)&x;

#pragma omp parallel
  {
#pragma omp atomic update
    *i += 1;

#pragma omp atomic update
    *r += 1.0;

/* Incorrect because the atomic constructs reference the same location
   through incompatible types */

  }
}",
void work(int n) {},
"void sub3(int n)
{
  work(n);
  #pragma omp barrier
  work(n);
}",
"void sub2(int k)
{
  #pragma omp parallel shared(k)
    sub3(k);
}",
"void sub1(int n)
{
  int i;
  #pragma omp parallel private(i) shared(n)
  {
    #pragma omp for
    for (i=0; i<n; i++)
      sub2(i);
  }
}",
"int main()
{
  sub1(2);
  sub2(2);
  sub3(2);
  return 0;
}",
"int main(){
  int val_min=2*N, val_max=-2*N; 
  int val[N];

  init(val);

  #pragma omp parallel for num_threads(2)
  for (int i=1; i<N-1; i++) {

    // compare and update val_min using one atomic form
    #pragma omp atomic compare
    if (val[i] < val_min) { val_min = val[i]; }

    // compare and update val_max using another atomic form
    #pragma omp atomic compare
    val_max = val[i] > val_max ? val[i] : val_max;
  }

  if(val_max != 2*N || val_min != -2*N){ printf(""FAILED\n"");}
  else                                 { printf(""PASSED\n"");}
  // OUT: PASSED
}",
"void init(int *val){
  for (int i=0; i<N; i++) val[i]=i; 
  val[N/2  ] =  2*N;
  val[N/2+1] = -2*N;
}",
"int main(){
  Queue  q;
  Node nodes[N];
  int  id_check[N];

// Initializing
  for(int i=0; i<N; i++){ 
     nodes[i].next=NULL; nodes[i].id=i; id_check[i]=-1;
  }

  q.tail=&nodes[0];   // Fill initial tail

// Enqueue
  #pragma omp parallel for num_threads(2)
  for(int i=1; i<N; i++){ 
     enqueue(&q,&nodes[i]);
  }

// Checking Results Below
  Node *node=q.tail;
  do{
     id_check[node->id]=node->id;  //Store found id at position id 
     node =node->next;
  }while(node->next != NULL);
  id_check[node->id]=node->id;    //checking also the 1st node here

  for(int id=0; id<N; id++){     // all ids should be found
     if(id != id_check[id]) {printf(""FAILED\n""); exit(1);} 
  }
  printf(""PASSED\n"");

  return 0;
}",
"void enqueue(Queue *queue,  Node *node) {
  bool result = false;

  #pragma omp atomic read     
  node->next = queue->tail;
  do{
    #pragma omp atomic compare capture
    {
      result = queue->tail == node->next;
      if(result) {
        queue->tail = node; 
      }else{
        node->next = queue->tail;
      }
    }
  }while(!result);
}",
"void critical_example(float *x, float *y)
{
  int ix_next, iy_next;

  #pragma omp parallel shared(x, y) private(ix_next, iy_next)
  {
    #pragma omp critical (xaxis)
      ix_next = dequeue(x);
    work(ix_next, x);

    #pragma omp critical (yaxis)
      iy_next = dequeue(y);
    work(iy_next, y);
  }

}",
"void critical_example(float *x, float *y)
{
  int ix_next, iy_next;

  #pragma omp parallel shared(x, y) private(ix_next, iy_next)
  {
    #pragma omp critical (xaxis) hint(omp_sync_hint_contended)
      ix_next = dequeue(x);
    work(ix_next, x);

    #pragma omp critical (yaxis) hint(omp_sync_hint_contended)
      iy_next = dequeue(y);
    work(iy_next, y);
  }

}",
"int main(){

   float a[N],b[N];
   omp_depend_t obj;

   init(a, N);

   #pragma omp depobj(obj) depend(inout: a)

   driver(TRUE,  a,b,N, &obj);  // updating a occurs

   #pragma omp depobj(obj) update(in)

   driver(FALSE, a,b,N, &obj);  // no updating of a

   #pragma omp depobj(obj) destroy(obj)  // obj is set to uninitialized
                                         // state, resources are freed
   return 0;

}",
"void driver(int update, float a[], float b[], int n, omp_depend_t *obj)
{
   #pragma omp parallel num_threads(2)
   #pragma omp single
   {

      #pragma omp task depend(depobj: *obj) // Task 1, uses depend object
         update_copy(update, a,b,n); // may update a, always copy a to b

     #pragma omp task depend(in: a[:n])     // Task 2, only read a 
         checkpoint(a,n);
   }
}",
"void update_copy(int update, float a[], float b[], int n)
{ 
   if(update) for(int i=0;i<n;i++) a[i]+=1.0f; 

   for(int i=0;i<n;i++) b[i]=a[i]; 
}",
"void checkpoint(float a[], int n)
{  
   for(int i=0;i<n;i++) printf("" %f "",a[i]);
   printf(""\n"");
}",
"void init(float a[], int n)
{  
   for(int i=0;i<n;i++) a[i]=i; 
}",
"void work( int N, float *A, float *B, float *C )
{
  int i;

  #pragma omp for ordered(1)
  for (i=1; i<N; i++)
  {
    A[i] = foo(i);

  #pragma omp ordered doacross(sink: i-1)
    B[i] = bar(A[i], B[i-1]);
  #pragma omp ordered doacross(source: omp_cur_iteration)

    C[i] = baz(B[i]);
  }
}",
"void work( int N, int M, float **A, float **B, float **C )
{
  int i, j;

  #pragma omp for ordered(2)
  for (i=1; i<N; i++)
  {
    for (j=1; j<M; j++)
    {
      A[i][j] = foo(i, j);

  #pragma omp ordered doacross(sink: i-1,j) doacross(sink: i,j-1)
      B[i][j] = bar(A[i][j], B[i-1][j], B[i][j-1]);
  #pragma omp ordered doacross(source:)

      C[i][j] = baz(B[i][j]);
    }
  }
}",
"void work_wrong(double p[][N][N])
{
  int i, j, k;

  #pragma omp parallel for ordered(2) private(i,j,k)
  for (i=1; i<N-1; i++)
  {
    for (j=1; j<N-1; j++)
    {
  #pragma omp ordered doacross(sink: i-1,j) doacross(sink: i+1,j) \
                      doacross(sink: i,j-1) doacross(sink: i,j+1)
      for (k=1; k<N-1; k++)
      {
        double tmp1 = p[i-1][j][k] + p[i+1][j][k];
        double tmp2 = p[i][j-1][k] + p[i][j+1][k];
        double tmp3 = p[i][j][k-1] + p[i][j][k+1];
        p[i][j][k] = (tmp1 + tmp2 + tmp3) / 6.0;
      }
/* missing #pragma omp ordered doacross(source:) */
    }
  }
}",
"void work( int N, int M, double **A, double **B, double **C )
{
  int i, j;
  double alpha = 1.2;

  #pragma omp for collapse(2) ordered(2)
  for (i = 1; i < N-1; i++)
  {
    for (j = 1; j < M-1; j++)
    {
      A[i][j] = foo(i, j);
  #pragma omp ordered doacross(source:)

      B[i][j] = alpha * A[i][j];

  #pragma omp ordered doacross(sink: i-1,j) doacross(sink: i,j-1)
      C[i][j] = 0.2 * (A[i-1][j] + A[i+1][j] +
                A[i][j-1] + A[i][j+1] + A[i][j]);
    }
  }
}",
"int main()
{
  int x;
  omp_lock_t lck;

  omp_init_lock (&lck);
  omp_set_lock (&lck);
  x = 0;

#pragma omp parallel shared (x)
  {
    #pragma omp masked
      {
        x = x + 1;
        omp_unset_lock (&lck);
      }

    /* Some more stuff. */
  }
  omp_destroy_lock (&lck);
  return 0;
}",
"void incr_a(pair *p, int a)
{

  /* Called only from incr_pair, no need to lock. */
  p->a += a;

}",
"void incr_b(pair *p, int b)
{

  /* Called both from incr_pair and elsewhere, */
  /* so need a nestable lock. */

  omp_set_nest_lock(&p->lck);
  p->b += b;
  omp_unset_nest_lock(&p->lck);

}",
"void incr_pair(pair *p, int a, int b)
{

  omp_set_nest_lock(&p->lck);
  incr_a(p, a);
  incr_b(p, b);
  omp_unset_nest_lock(&p->lck);

}",
"void nestlock(pair *p)
{

  #pragma omp parallel sections
  {
    #pragma omp section
      incr_pair(p, work1(), work2());
    #pragma omp section
      incr_b(p, work3());
  }

}",
"void work(int k)
{
  #pragma omp ordered
    printf("" %d\n"", k);
}",
"void ordered_example(int lb, int ub, int stride)
{
  int i;

  #pragma omp parallel for ordered schedule(dynamic)
  for (i=lb; i<ub; i+=stride)
    work(i);
}",
"int main()
{
  ordered_example(0, 100, 5);
  return 0;
}",
void work(int i) {},
"void ordered_wrong(int n)
{
  int i;
  #pragma omp for ordered
  for (i=0; i<n; i++) {
/* incorrect because an iteration may not execute more than one
   ordered region */
    #pragma omp ordered
      work(i);
    #pragma omp ordered
      work(i+1);
  }
}",
void work(int i) {},
"void ordered_good(int n)
{
  int i;
#pragma omp for ordered
  for (i=0; i<n; i++) {
    if (i <= 10) {
      #pragma omp ordered
         work(i);
    }
    if (i > 10) {
      #pragma omp ordered
        work(i+1);
    }
  }
}",
void skip(int i) {},
void work(int i) {},
"int main()
{
  omp_lock_t lck;
  int id;
  omp_init_lock(&lck);

  #pragma omp parallel shared(lck) private(id)
  {
    id = omp_get_thread_num();

    omp_set_lock(&lck);
    /*  only one thread at a time can execute this printf */
    printf(""My thread id is %d.\n"", id);
    omp_unset_lock(&lck);

    while (! omp_test_lock(&lck)) {
      skip(id);   /* we do not yet have the lock,
                     so we must do something else */
    }

    work(id);      /* we now have the lock
                      and can do the work */

    omp_unset_lock(&lck);
  }
  omp_destroy_lock(&lck);

  return 0;
}",
"void critical_work()
{
  int i = 1;
  #pragma omp parallel sections
  {
    #pragma omp section
    {
      #pragma omp critical (name)
      {
        #pragma omp parallel
        {
          #pragma omp single
          {
            i++;
          }
        }
      }
    }
  }
}",
"int main()
{
   int i, a[N],b[N],c[N];

   for(int i=0; i<N; i++){ b[i]=i; c[i]=i; }  //init

   #pragma omp parallel 
   #pragma omp masked
   #pragma omp taskloop                      // taskloop 1
   for(i=0;i<N;i++){ a[i] = b[i] + c[i]; } 

   #pragma omp parallel masked taskloop      // taskloop 2
   for(i=0;i<N;i++){ b[i] = a[i] + c[i]; } 

   #pragma omp parallel masked taskloop simd // taskloop 3
   for(i=0;i<N;i++){ c[i] = a[i] + b[i]; } 

   printf("" %d %d\n"",c[0],c[N-1]);  // 0 and 495
}",
"int main() {
   int x = 1;
   #pragma omp parallel
   #pragma omp single
   {
      #pragma omp task shared(x) depend(out: x)
         x = 2;
      #pragma omp task shared(x) depend(in: x)
         printf(""x = %d\n"", x);
   }
   return 0;
}",
"void foo (void)
{
  int a, b, c;
  c = 0;
  #pragma omp parallel
  #pragma omp single
  {
     #pragma omp task depend(out: a)
        a = longTaskA();
     #pragma omp task depend(out: b)
        b = shortTaskB();
     #pragma omp task depend(in: a) depend(mutexinoutset: c)
        c = shortTaskAC(a,c);
     #pragma omp task depend(in: b) depend(mutexinoutset: c)
        c = longTaskBC(b,c);
  }
}",
"void set_an_element(int *p, int val) {
    *p = val;
}",
"void print_all_elements(int *v, int n) {
    int i;
    for (i = 0; i < n; ++i) {
        printf(""%d, "", v[i]);
    }
    printf(""\n"");
}",
"void parallel_computation(int n) {
    int v[n];
    #pragma omp parallel
    #pragma omp single
    {
        int i;
        for (i = 0; i < n; ++i)
            #pragma omp task depend(out: v[i])
            set_an_element(&v[i], i);

        #pragma omp task depend(iterator(it = 0:n), in: v[it])
     // The following violates array-section restriction:
     // #pragma omp task depend(in: v[0:n]) 
        print_all_elements(v, n);
    }
}",
"int main ()
{
  int x = 0;
  #pragma omp parallel
  #pragma omp single
  {
    /* first explicit task */
    #pragma omp task shared(x) depend(out: x)
      x = 1;

    /* second explicit task */
    #pragma omp task shared(x) depend(inout: x) if(0)
      x = 2;

    /* statement executed by parent implicit task
       prints: x = 2 */
    printf(""x = %d\n"", x);
  }
  return 0;
}",
"int main(){
   int a=1, d=1;

   #pragma omp parallel masked num_threads(5)
   {   
      #pragma omp task                               // Task 1
      { printf(""T1\n""); }

      #pragma omp task depend(out: a)                // Task 2
      { a++;
        printf(""T2 a=%i\n"", a); }

      #pragma omp task depend(out: d)                // Task 3
      { d++;
        printf(""T3 d=%i\n"", d); }

      #pragma omp task depend(inout: omp_all_memory) // Task 4
      { a++; d++; 
        printf(""T4 a=%i d=%i\n"",   a,d);}

      #pragma omp task                               // Task 5
      { printf(""T5\n""); }

      #pragma omp task depend(in: a,d)               // Task 6
      { a++; d++;
        printf(""T6 a=%i d=%i\n"", a,d); }
   }   
}",
"int main()
{
  for (int i = 0; i < N_ROWS*N_COLS; i++)
    M[i] = 1;

  for (int i = 0; i < NUM_VS; i++)
    for (int j = 0; j < N_COLS; j++)
      v[i][j] = 2;

  #pragma omp parallel single
  for (int h = 0;  h < NUM_VS; h++) {
    // Generate transparent task to establish dependences
    // between child tasks that don't share the same parent.
    #pragma omp task depend(inout:h) transparent(omp_impex)
    my_func(M, v[h]);
  }

  int check_value = 1;
  for (int i = 0; i < NUM_VS; i++)
    check_value *= 2;
  for (int i = 0; i < N_ROWS*N_COLS; i++)
    if (M[i] != check_value)
      return 1;

  return 0;
}",
"void my_func(int *M, int *v)
{
  for (int i = 0; i < N_ROWS; i += ROWS_PER_TASK) {
    // This task is dependency-ordered with respect to the corresponding
    // task in iteration i generated by other transparent tasks.
    #pragma omp task depend(inout:M[i*N_COLS])
    for (int j = 0; j < ROWS_PER_TASK; j++)
      for (int k = 0; k < N_COLS; k++)
        M[(i+j)*N_COLS + k] *= v[k];
  }
}",
"int main()
{
   int x = 1;
   #pragma omp parallel
   #pragma omp single
   {
      #pragma omp task shared(x) depend(in: x)
         printf(""x = %d\n"", x);
      #pragma omp task shared(x) depend(out: x)
         x = 2;
   }
   return 0;
}",
"int main() {
   int x;
   #pragma omp parallel
   #pragma omp single
   {
      #pragma omp task shared(x) depend(out: x)
         x = 1;
      #pragma omp task shared(x) depend(out: x)
         x = 2;
      #pragma omp taskwait
      printf(""x = %d\n"", x);
   }
   return 0;
}",
"int main() {
   int x = 1;
   #pragma omp parallel
   #pragma omp single
   {
      #pragma omp task shared(x) depend(out: x)
         x = 2;
      #pragma omp task shared(x) depend(in: x)
         printf(""x + 1 = %d. "", x+1);
      #pragma omp task shared(x) depend(in: x)
         printf(""x + 2 = %d\n"", x+2);
   }
   return 0;
}",
"void task_dep(int N)
{
  int i, v, R;

  #pragma omp parallel private(i,v) shared(R)
  #pragma omp single
  {
    // CASE 1: tasks with inout dependence type.
    //         tasks are serialized here.
    R = 0;
    for ( i = 0; i < N; i++ ) {
      #pragma omp task depend(inout: R)    // T1
      {
        v = f(i);
        R += v;
      }
    }

    #pragma omp task depend(in: R)         // T2
      printf(""result is %d\n"", R);
    #pragma omp taskwait      // to avoid race with CASE 2

    // CASE 2: tasks with inoutset dependence type.
    //         tasks are executed concurrently.
    R = 0;
    for ( i = 0; i < N; i++ ) {
      #pragma omp task depend(inoutset: R) // T3
      {
        v = f(i);
        #pragma omp atomic
        R += v;
      }
    }

    #pragma omp task depend(in: R)         // T4
      printf(""result is %d\n"", R);
  }
}",
"void matmul_depend(int BS, float A[N][N], float B[N][N],
                   float C[N][N])
{
   int i, j, k, ii, jj, kk;
   for (i = 0; i < N; i+=BS) {
      for (j = 0; j < N; j+=BS) {
         for (k = 0; k < N; k+=BS) {
// Note 1: i, j, k, A, B, C are firstprivate by default
// Note 2: A, B and C are just pointers
#pragma omp task private(ii, jj, kk) \
            depend ( in: A[i:BS][k:BS], B[k:BS][j:BS] ) \
            depend ( inout: C[i:BS][j:BS] )
            for (ii = i; ii < i+BS; ii++ )
               for (jj = j; jj < j+BS; jj++ )
                  for (kk = k; kk < k+BS; kk++ )
                     C[ii][jj] = C[ii][jj] + A[ii][kk] * B[kk][jj];
         }
      }
   }
}",
"void foo()
{
    int x = 0, y = 2;

    #pragma omp task depend(inout: x) shared(x)
    x++;                                        // 1st child task

    #pragma omp task shared(y)
    y--;                                        // 2nd child task

    #pragma omp taskwait depend(in: x)          // 1st taskwait

    printf(""x=%d\n"",x);

    // Second task may not be finished.
    // Accessing y here will create a race condition.

    #pragma omp taskwait                        // 2nd taskwait

    printf(""y=%d\n"",y);
}",
"int main()
{
    #pragma omp parallel
    #pragma omp single
    foo();

    return 0;
}",
"void foo()
{
    int x = 0, y = 2;

    #pragma omp task depend(inout: x) shared(x)
    x++;                                          // 1st child task

    #pragma omp task depend(in: x) depend(inout: y) shared(x, y)
    y -= x;                                       // 2nd child task

    #pragma omp taskwait depend(in: x)            // 1st taskwait

    printf(""x=%d\n"",x);

    // Second task may not be finished.
    // Accessing y here would create a race condition.

    #pragma omp taskwait                          // 2nd taskwait

    printf(""y=%d\n"",y);

}",
"int main()
{
    #pragma omp parallel
    #pragma omp single
    foo();

    return 0;
}",
"void foo()
{
    int x = 0, y = 2;

    #pragma omp task depend(inout: x) shared(x)
    x++;                                          // 1st child task

    #pragma omp task depend(in: x) depend(inout: y) shared(x, y)
    y -= x;                                       // 2st child task

    #pragma omp taskwait depend(in: x,y)

    printf(""x=%d\n"",x);
    printf(""y=%d\n"",y);

}",
"int main()
{
    #pragma omp parallel
    #pragma omp single
    foo();

    return 0;
}",
"int main()
{
   int a, b, c, d;
   #pragma omp parallel
   #pragma omp single
   {
      #pragma omp task depend(out: c)
         c = 1;   /* Task T1 */
      #pragma omp task depend(out: a)
         a = 2;   /* Task T2 */
      #pragma omp task depend(out: b)
         b = 3;   /* Task T3 */
      #pragma omp task depend(in: a) depend(mutexinoutset: c)
         c += a;  /* Task T4 */
      #pragma omp task depend(in: b) depend(mutexinoutset: c)
         c += b;  /* Task T5 */ 
      #pragma omp task depend(in: c)
         d = c;   /* Task T6 */
   }
   printf(""%d\n"", d);
   return 0;
}",
"int main() {
  int async=1;
  #pragma omp parallel
  #pragma omp masked
  {

    omp_event_handle_t event;
    #pragma omp task detach(event)
    { 
      if(async) {
        async_work( (void (*)(void*)) omp_fulfill_event, (void*) event );
      } else {
        work();
        omp_fulfill_event(event); 
      }
    }
                  // Other work
    #pragma omp taskwait
  }
  return 0;
}",
"static void callback_aioSigHandler(int sig, siginfo_t *si,
                                   void *ucontext) {
   if (si->si_code == SI_ASYNCIO){
      printf( ""OUT: I/O completion signal received.\n"");
      omp_fulfill_event( (omp_event_handle_t)(uintptr_t)
                         (si->si_value.sival_ptr) );
   }
}",
"void work(int i){ printf(""OUT: Executing work(%d)\n"", i);}",
"int main() {
   // Write ""Written Asynchronously."" to file data, using POSIX
   // asynchronous IO. Error checking not included for clarity
   // and simplicity.

   char      data[] = ""Written Asynchronously."";

   struct     aiocb cb;
   struct sigaction sa;

   omp_event_handle_t event;

   int fd = open(  ""async_data"", O_CREAT|O_RDWR|O_TRUNC,0664);

   // Setup async io (aio) control block (cb)
   cb.aio_nbytes  = sizeof(data)-1;
   cb.aio_fildes  = fd;
   cb.aio_buf     = data;
   cb.aio_reqprio = 0;
   cb.aio_offset  = 0;
   cb.aio_sigevent.sigev_notify = SIGEV_SIGNAL;
   cb.aio_sigevent.sigev_signo  = IO_SIGNAL;

   // Setup Signal Handler  Callback
   sigemptyset(&sa.sa_mask);
   sa.sa_flags = SA_RESTART | SA_SIGINFO;
   sa.sa_sigaction = callback_aioSigHandler;   //callback
   sigaction(IO_SIGNAL, &sa, NULL);

   #pragma omp parallel num_threads(2)
   #pragma omp masked 
   {
  
      #pragma omp task detach(event) if(0)               // TASK1
      {
         cb.aio_sigevent.sigev_value.sival_ptr = (void *) event;
         aio_write(&cb);
      }
       
      #pragma omp task                                   // TASK2
         work(1);
      #pragma omp task                                   // TASK3
         work(2);

   } // Parallel region barrier ensures completion of detachable task.

   // Making sure the aio operation completed.
   // With OpenMP detachable task the condition will always be false:
   while(aio_error(&cb) == EINPROGRESS) {
   printf("" INPROGRESS\n"");} //Safeguard

   close(fd);
   return 0;
}",
"void compute_matrix (float *array, int N, int M)
{
   int i;
   #pragma omp parallel private(i)
   #pragma omp single
   {
      for (i=0;i<N; i++) {
         #pragma omp task priority(i)
         compute_array(&array[i*M], M);
      }
   }
}",
"void compute_something(tree_type tree)
{
   // some computation
}",
"void compute_tree(tree_type tree)
{
   if (tree->left)
   {
     #pragma omp task
       compute_tree(tree->left);
   }
   if (tree->right)
   {
     #pragma omp task
       compute_tree(tree->right);
   }
   #pragma omp task
   compute_something(tree);
}",
"int main()
{
  int i;
  tree_type tree;
  init_tree(tree);
  #pragma omp parallel
  #pragma omp single
  {
    #pragma omp task
      start_background_work();
    for (i = 0; i < max_steps; i++)
    {
        #pragma omp taskgroup
        {
           #pragma omp task
             compute_tree(tree);
        } // wait on tree traversal in this step
        check_step();
    }
  } // only now is background work required to be complete
  print_results();
  return 0;
}",
"void traverse( struct node *p ) 
{
  if (p->left)
#pragma omp task   // p is firstprivate by default
      traverse(p->left);
  if (p->right)
#pragma omp task    // p is firstprivate by default
      traverse(p->right);
  process(p);
}",
"void work() {
    omp_lock_t lock;
    omp_init_lock(&lock);
#pragma omp parallel
    {
        int i;
#pragma omp for
        for (i = 0; i < 100; i++) {
#pragma omp task
            {
	// lock is shared by default in the task
	omp_set_lock(&lock);
                // Capture data for the following task
#pragma omp task
	// Task Scheduling Point 1
                { /* do work here */ }
                omp_unset_lock(&lock);
            }
        }
    }
    omp_destroy_lock(&lock);
}",
"void foo ( )
{
   int x = 2;
   #pragma omp task shared(x) mergeable
   {
      x++;
   }
   #pragma omp taskwait
   printf(""%d\n"",x);  // prints 3
}",
"void foo ( )
{
   int x = 2;
   #pragma omp task mergeable
   {
      x++;
   }
   #pragma omp taskwait
   printf(""%d\n"",x);  // prints 2 or 3
}",
"void bin_search (int pos, int n, char *state)
{
   if ( pos == n ) {
      check_solution(state);
      return;
   }
   #pragma omp task final( pos > LIMIT ) mergeable
   {
      char new_state[n];
      if (!omp_in_final() ) {
        memcpy(new_state, state, pos );
        state = new_state;
      }
      state[pos] = 0;
      bin_search(pos+1, n, state );
   }
   #pragma omp task final( pos > LIMIT ) mergeable
   {
      char new_state[n];
      if (! omp_in_final() ) {
        memcpy(new_state, state, pos );
        state = new_state;
      }
      state[pos] = 1;
      bin_search(pos+1, n, state );
   }
   #pragma omp taskwait
}",
"void foo ( )
{
   int i;
   #pragma omp task if(0)  // This task is undeferred
   {
      #pragma omp task     // This task is a regular task
      for (i = 0; i < 3; i++) {
          #pragma omp task     // This task is a regular task
          bar();
      }
   }
   #pragma omp task final(1) // This task is a regular task
   {
      #pragma omp task  // This task is included
      for (i = 0; i < 3; i++) {
          #pragma omp task     // This task is also included
          bar();
      }
   }
}",
"void postorder_traverse( struct node *p ) {
    if (p->left)
       #pragma omp task    // p is firstprivate by default
           postorder_traverse(p->left);
    if (p->right)
       #pragma omp task   // p is firstprivate by default
           postorder_traverse(p->right);
    #pragma omp taskwait
    process(p);
}",
"void process(node * p)
{
    /* do work here */
}",
"void increment_list_items(node * head)
{
    #pragma omp parallel
    {
        #pragma omp single
            {
               node * p = head;
               while (p) {
                    #pragma omp task
                     // p is firstprivate by default
                           process(p);
                     p = p->next;
                  }
            }
     }
}",
"int main()
{
#pragma omp parallel
  {
    #pragma omp single
    {
      int i;
      for (i=0; i<LARGE_NUMBER; i++)
             #pragma omp task    // i is firstprivate, item is shared
                  process(item[i]);
    }
  }
}",
"int main() {
#pragma omp parallel
  {
    #pragma omp single
    {
      int i;
      #pragma omp task untied
      // i is firstprivate, item is shared
      {
         for (i=0; i<LARGE_NUMBER; i++)
             #pragma omp task
                  process(item[i]);
      }
    }
  }
  return 0;
}",
"void work()
{
#pragma omp task
    {
        /* do work here */
#pragma omp task
        {
            tp = 1;
            /* do work here */
#pragma omp task
            {
                /* no modification of tp */
            }
            var = tp; //value of tp can be 1 or 2
        }
        tp = 2;
    }
}",
"void work()
{
#pragma omp parallel
    {
        /* do work here */
#pragma omp task
        {
            tp++;
            /* do work here */
#pragma omp task
            {
                /* do work here but don't modify tp */
            }
            var = tp; //Value does not change after write above
        }
    }
}",
"void work()
{
   #pragma omp task
   { //Task 1
       #pragma omp task
       { //Task 2
            #pragma omp critical //Critical region 1
            {/*do work here */ }
       }
       #pragma omp critical //Critical Region 2
       {
           //Capture data for the following task
           #pragma omp task
           { /* do work here */ } //Task 3
       }
   }
}",
"void parallel_work(void) {
   int i, j;
#pragma omp taskgroup
   {
#pragma omp task
      long_running_task(); // can execute concurrently
      
#pragma omp taskloop private(j) grainsize(500) nogroup 
      for (i = 0; i < 10000; i++) { // can execute concurrently
         for (j = 0; j < i; j++) {
            loop_body(i, j);
         }
      }
   }
}",
"void parallel_work() {
    int x1 = 0, x2 = 0;

    #pragma omp parallel shared(x1,x2) num_threads(T)
    {
        #pragma omp taskloop
        for (int i = 0; i < N; ++i) {
            #pragma omp atomic
            x1++;          // executed T*N times
        }

        #pragma omp single
        #pragma omp taskloop
        for (int i = 0; i < N; ++i) {
            #pragma omp atomic
            x2++;          // executed N times
        }
    }

    printf(""x1 = %d, x2 = %d\n"", x1, x2);
}",
"void process_work_a(int n, float *A)
{
   // Dependences for taskloop iterations and across taskloops

   // TL1 taskloop
   // nogroup removes the implicit taskgroup
   #pragma omp taskloop nogroup 
   for (int i = 1; i < n; i++)
   {
      #pragma omp task_iteration depend(inout: A[i]) depend(in: A[i-1])
      A[i] += A[i] * A[i-1];
   }

   // TL2 taskloop + grainsize
   #pragma omp taskloop grainsize(strict: 4) nogroup 
   for (int i = 1; i < n; i++)
   {
      #pragma omp task_iteration depend(inout: A[i]) depend(in: A[i-4]) \
                                 if ((i % 4) == 0 || i == n-1)
      A[i] += A[i] * A[i-1];
   }

   // T3 other task
   #pragma omp task depend(in: A[n-1])
   printf(""A[n-1] = %f\n"",  A[n-1]);
}",
"void process_work_b(int n, float *B[n])
{
   // Dependences for taskloop iterations in multi-dimensional loop nest

   // TL4 taskloop + collapse
   #pragma omp taskloop collapse(2) nogroup
   for (int i = 1; i < n; i++)
   {
      for (int j = 1; j < n; j++)
      {
         #pragma omp task_iteration depend(inout: B[i][j]) \
                                    depend(in: B[i-1][j], B[i][j-1])
         B[i][j] += B[i][j] * B[i-1][j] * B[i][j-1];
      }
   }

   // T5 other task
   #pragma omp task depend(in: B[n-1][n-1])
   printf(""B[n-1][n-1] = %f\n"", B[n-1][n-1]);
}",
"void foo ( omp_lock_t * lock, int n )
{
   int i;

   for ( i = 0; i < n; i++ )
      #pragma omp task
      {
          something_useful();
          while ( !omp_test_lock(lock) ) {
             #pragma omp taskyield
          }
          something_critical();
          omp_unset_lock(lock);
      }
}",
"int check_name(char *tvalue, char *mname, char *fext, int vflg)
{
   char *mp, *cp;
   int s = 1;

   mp = mname;
   cp = tvalue;
   while (*mp && *cp) {
      /* strict checks for exact match of <name>.<seqno> */
      if (vflg&F_STRICT) {
         if (mp == fext) break;
      }
      else {
         if (*mp == '.') mp++;
         if (*cp == '.') cp++;
      }
      if (!*cp || !*mp) break;
      if (*cp != *mp) break;
      mp++;
      cp++;
   }
   if (*cp == '\0') {
      /* non-strict allows postfix in tname value */
      if (!(vflg&F_STRICT) && (strcmp(mp, ""90"") == 0 || 
           strcmp(mp, ""pp"") == 0)) mp += 2;
      if (*mp == '\0' || mp == fext) s = 0;
   }
   return s;
}",
"int check_type(char *ttype, char *fext, int *iext)
{
   int mext, s = 1;
   /* get ext index from ttype value */
   for (mext = max_exts-1; mext >= 0; mext--) {
      if (strcasecmp(ttype, ftypes[mext].ext) == 0 || 
          strcasecmp(ttype, ftypes[mext].type) == 0) break;
   }
   if (mext < 0) {
      if (strcasecmp(ttype, ""ffree"") == 0)
         mext = 3;
      else if (strcasecmp(ttype, ""ffixed"") == 0)
         mext = 2;
   }
   *iext = mext;
   if (mext >= 0 && fext && strcasecmp(ftypes[mext].ext, fext+1) == 0)
      s = 0;
   return s;
}",
"int check_tvalue(char *tvalue, int itag)
{
   int s = 0;
   if (*tvalue == '\0')
      s = 1;
   else if (itag == vtag_idx) {
      if (strncasecmp(tvalue, ""pre_omp"", 7) != 0 &&
          strncasecmp(tvalue, tags[itag].tvals, 4) != 0)
         s = 1;
   }
   else if (itag > 1 && itag < etag_idx) {
      char *cp = strcasestr(tags[itag].tvals, tvalue);
      if (!cp)
         s = 1;
   }
   return s;
}",
"int fix_tags(char *fname, char *mname, char *fext, int iext)
{
   FILE *fp, *fou;
   char buff[BUF_SIZE], oname[BUF_SIZE], *cp;
   int lineno, tcnt, ic, i;

   fp = fopen(fname, ""r"");
   if (!fp) {
      perror(fname);
      return -1;
   }

   /* fixing name tag value using fname */
   sprintf(oname, ""%s_fix"", fname);
   fou = fopen(oname, ""w"");
   if (!fou) {
      perror(oname);
      fclose(fp);
      return -1;
   }
   fprintf(stderr, ""*** fixing with - %s\n"", oname);
   tcnt = lineno = 0;
   while (fgets(buff, BUF_SIZE, fp)) {
      lineno++;
      if (tcnt > 1) {
         fputs(buff, fou);
         continue;
      }
      cp = strstr(buff, ""@@"");
      if (!cp) {
         if (tcnt == 1) {
            if (!tags[vtag_idx].c) {
               fprintf(fou, ""%c"", (iext>1)? '!':'*');
               fprintf(fou, "" @@version:\t%s\n"", PRE_OMP);
            }
            tcnt = 2;
         }
         fputs(buff, fou);
         continue;
      }
      if (tcnt == 0) tcnt = 1;
      for (i = 0; i < max_tags; i++)
         if (tags[i].r == lineno) break;
      if (i >= max_tags || tags[i].c <= 0) {
         fputs(buff, fou);
         continue;
      }
      skipspc(2, cp);
      ic = tags[i].c;
      cp += ic;
      fprintf(fou, ""%.*s"", (int)(cp-buff), buff);
      if (ic == tags[i].nc) {
         /* add ':' if missing */
         fputc(':', fou);
         if (*cp == ' ') cp++;
      }
      if (i == 0 || i == 1) {
         while (*cp == ' ' || *cp == '\t') {
            fputc(*cp, fou);
            cp++;
         }
      }
      if (i == 0) {
         /* use filename (no extension) for tname value */
         fprintf(fou, ""%.*s\n"", (int)(fext-mname), mname);
      }
      else if (i == 1) {
         /* use supported type value */
         if (iext < 0) {
            for (iext = max_exts-1; iext > 0; iext--)
               if (strcasecmp(ftypes[iext].ext, fext+1) == 0) break;
         }
         fprintf(fou, ""%s\n"", ftypes[iext].type);
      }
      else {
         fputs(cp, fou);
      }
   }
   fclose(fou);

   fclose(fp);

   return 0;
}",
"void prn_fname(int *tcnt, char *fname, int vflg)
{
   if ((vflg&F_VFILE) || ((*tcnt)&T_PNAME)) return;
   *tcnt |= T_PNAME;
   fprintf(stderr, ""%s\n"", fname);
}",
"int chk_file(char *fname, int vflg, int lln)
{
   FILE *fp;
   char buff[BUF_SIZE];
   int lineno, tcnt, nc, ntags, ctag;

   fp = fopen(fname, ""r"");
   if (!fp) {
      perror(fname);
      return -1;
   }
   if (vflg&F_VFILE)
      fprintf(stderr, ""file = %s\n"", fname);
   tcnt = lineno = ntags = ctag = 0;
   while (fgets(buff, BUF_SIZE, fp)) {
      lineno++;
      if (ctag < 2 && strstr(buff, ""@@"")) {
         ntags++;
         if (ntags == 1 && *buff != '!') ntags += 2;
         if (ctag == 0) ctag = 1;
         continue;
      }
      else if (ctag == 1)
         ctag = 2;
      nc = strlen(buff);
      while (nc > 1 && strchr("" \t\n"", buff[nc-1])) nc--;
      buff[nc] = '\0';
      if (nc > lln) {
         tcnt++;
         if (tcnt == 1 && !(vflg&F_VFILE))
            printf("">> File = %s\n"", fname);
         printf(""  line %d "", lineno);
         if (ntags > 0) printf(""(S-%d)"", lineno-ntags);
         printf("": nchars = %d\n"", nc);
      }
   }
   fclose(fp);
   return (tcnt+1);
}",
"int proc_file(char *fname, int vflg)
{
   FILE *fp;
   char buff[BUF_SIZE], *cp, *ip;
   char *mname, *fext;
   int lineno, tcnt, cnt, ic, iext, i, s, ctag;

   ctag = (vflg & F_CHKTAG);
   fp = fopen(fname, ""r"");
   if (!fp) {
      if (!ctag) perror(fname);
      return -1;
   }

   /* mname points to the filename without directory */
   mname = strrchr(fname, '/');
   mname = mname? (mname+1) : fname;
   fext = strrchr(mname, '.');
   for (i = 0; i < max_tags; i++) {
      tags[i].r = tags[i].c = 0;
      tags[i].val[0] = '\0';
   }

   /* search for @@<tags> */
   if (vflg&F_VFILE)
      fprintf(stderr, ""file = %s\n"", fname);
   tcnt = cnt = lineno = 0;
   iext = -1;
   while (fgets(buff, BUF_SIZE, fp)) {
      lineno++;
      cp = strstr(buff, ""@@"");
      if (!cp) {
         if (tcnt) break;
         continue;
      }
      cnt++;
      if (tcnt == 0) {
         ip = buff;
         skipspc(0, ip);
         if (*ip != '/' && *ip != '!') cnt += 2;
         tcnt = 1;
      }
      skipspc(2, cp);
      for (ic = 0; !strchr("": \t\n"", cp[ic]); ic++);
      i = max_tags;
      if (ic >= 3) {
         for (i = 0; i < max_tags; i++) {
            if (tags[i].nc != ic) continue;
            if (strncasecmp(cp, tags[i].name, ic) == 0) break;
         }
      }
      if (i < max_tags && tags[i].c == 0) {
         tags[i].r = lineno;
         if (cp[ic] == ':')
            ic++;
         else if (!ctag) {
            prn_fname(&tcnt, fname, vflg);
            fprintf(stderr, ""  missing (:) after @@%s\n"", tags[i].name);
            tags[i].c = ic;
            tcnt |= T_MTAGS;
         }
         ip = &cp[ic];
         skipspc(ic, cp);
         ic += (int)(cp - ip);
         s = strlen(cp);
         while (s > 0 && strchr(""\t \n"", cp[s-1])) s--;
         if (s >= TAG_SIZE) s = TAG_SIZE - 1;
         cp[s] = '\0';
         if (ctag) {
            tags[i].c++;
            strcpy(tags[i].val, cp);
         }
         else if (i == 0 || i == 1) {
            if (i == 0)
               s = check_name(cp, mname, fext, vflg);
            else
               s = check_type(cp, fext, &iext);
            if (s) {
               if (tags[i].c == 0) tags[i].c = ic;
               prn_fname(&tcnt, fname, vflg);
               tcnt |= T_MTAGS;
               fprintf(stderr, ""  mis-matched @@%s: %s\n"", tags[i].name, cp);
            }
         }
         else {
            s = check_tvalue(cp, i);
            if (s) {
               prn_fname(&tcnt, fname, vflg);
               fprintf(stderr, ""  *** unknown value for @@%s: %s\n"",
                       tags[i].name, cp);
            }
         }
         if (tags[i].c == 0) tags[i].c = -1;
      }
      else if (ctag)
         tags[i].c++;
      else if (i < etag_idx || i >= max_tags) {
         prn_fname(&tcnt, fname, vflg);
         if (tags[i].c != 0)
            fprintf(stderr, ""  *** duplicated tag - @@%.*s (lines %d, %d)\n"",
                    ic, cp, tags[i].r, lineno);
         else
            fprintf(stderr, ""  *** unrecognized tag - @@%.*s\n"", ic, cp);
      }
   }
   fclose(fp);

   if (ctag) return cnt;
   if (!tags[0].c || !tags[1].c) {
      prn_fname(&tcnt, fname, vflg);
      fprintf(stderr, ""  *** no"");
      if (!tags[0].c) fprintf(stderr, "" @@%s"", tags[0].name);
      if (!tags[0].c && !tags[1].c) fprintf(stderr, "" or"");
      if (!tags[1].c) fprintf(stderr, "" @@%s"", tags[1].name);
      fprintf(stderr, "" tag found\n"");
   }
   if ((vflg&F_STRICT) && !tags[vtag_idx].c) {
      tcnt |= T_MTAGS;
      prn_fname(&tcnt, fname, vflg);
      fprintf(stderr, ""  *** no @@%s tag found\n"", tags[vtag_idx].name);
   }

   /* fix tag values when required */
   if ((tcnt&T_MTAGS) && (vflg&F_FIXIT)) {
      fix_tags(fname, mname, fext, iext);
   }
   return tcnt;
}",
"int get_mkeys(char *kbuf, char *sname, char *tag)
{
   int i, n, iext;
   char *cp = kbuf;
   while (*cp && *cp != BKS && *cp != '%') cp++;
   if (*cp != BKS) return 0;
   cp++;
   for (i = 0; i < max_mkeys; i++) {
      n = type_mkeys[i].nc;
      if (strncmp(cp, type_mkeys[i].kname, n) == 0) {
         cp += n;
         break;
      }
   }
   if (i >= max_mkeys) return 0;
   skipspc(0, cp);
   if (*cp == '[') {
      cp++;
      n = 4;
      while (*cp && *cp != ']' && *cp != '{')
         tag[n++] = *cp++;
      if (n > 4)
         memcpy(tag, ""omp_"", 4);
      else
         n = 0;
      tag[n] = '\0';
      if (*cp == ']') cp++;
      skipspc(0, cp);
   }
   else
      tag[0] = '\0';
   if (*cp != '{') return 0;
   cp++;
   n = 0;
   while (*cp && *cp != '}') {
      sname[n++] = *cp++;
   }
   if (!*cp) return 0;
   skipspc(1, cp);
   if (*cp != '{') return 0;
   cp++;
   sname[n++] = '.';
   while (*cp && *cp != '}') {
      sname[n++] = *cp++;
   }
   if (!*cp) return 0;
   iext = type_mkeys[i].iext;
   if (iext < 0) {
      skipspc(1, cp);
      if (*cp != '{') return 0;
      cp++;
      sname[n++] = '.';
      while (*cp && *cp != '}') {
         sname[n++] = *cp++;
      }
      if (!*cp) return 0;
      sname[n] = '\0';
   }
   else {
      sprintf(sname+n, "".%s"", ftypes[iext].ext);
   }
   return (i+1);
}

/* check version tags in tex file */
int chk_vtags_file(char *fname, int vflg, int *tc)
{
   char buff[BUF_SIZE], sfname[FN_SIZE], sname[TAG_SIZE], tag[TAG_SIZE];
   char *dp, *stag;
   FILE *fp;
   int k, n, cnt, s;
   fp = fopen(fname, ""r"");
   if (!fp) {
      perror(fname);
      return -1;
   }
   dp = strrchr(fname, '/');
   if (!dp) dp = fname + strlen(fname);
   cnt = *tc = 0;
   while (fgets(buff, BUF_SIZE, fp)) {
      k = get_mkeys(buff, sname, tag);
      if (k > 0) {
         n = 0;
         if (dp)
            n += sprintf(sfname+n, ""%.*s"", (int)(dp-fname)+1, fname);
         n += sprintf(sfname+n, ""sources/%s"", sname);
         if ((vflg & F_VFILE) && (vflg & F_LIST)) {
            printf(""%s\n"", sfname);
            continue;
         }
         stag = tags[vtag_idx].val;
         s = proc_file(sfname, vflg);
         if (s < 0)
            /*EMPTY*/;
         else if (vflg & F_LIST) {
            char *cp = (*stag)? strstr(stag, ""omp_"") : NULL;
            if (*stag && strncmp(stag, ""omp_"", 4) == 0) stag += 4;
            printf(""\\newlabel{ex_vtag:%s}{{"", sname);
            if (cp) {
              if (cp > stag) printf(""%.*s"", (int)(cp-stag), stag);
              stag += (int)(cp-stag) + 4;
            }
            printf(""%s}{%d}{}{}{}}\n"", stag, s);
            continue;
         }
         else {
            if (*tag) (*tc)++;
            if (*stag && strncmp(stag, ""pre_"", 4) == 0) stag += strlen(stag);
            if (*tag && *stag)
               s = (strcmp(tag, stag) == 0)? 0 : 1;
            else
               s = (*tag != *stag);
         }
         if (!s)
            continue;
         if (cnt++ == 0)
            fprintf(stderr, ""file - %s\n"", fname);
         fprintf(stderr, ""  %s"", sfname);
         if (s < 0)
            fprintf(stderr, "" *** not exist"");
         else
            fprintf(stderr, "" [%s]"", (*stag)? stag : ""none"");
         fprintf(stderr, "" -- [doc:%s]\n"", (*tag)? tag : ""none"");
      }
   }
   fclose(fp);
   return cnt;
}

/* list tags in one file at a time */
int list_tags_file(char *fname, int vflg)
{
   int i, s;
   char *cp;

   if (proc_file(fname, vflg|F_CHKTAG) < 0) return -1;

   if (vflg & F_HLIST) {
      printf(""filename"");
      for (i = 0; i < max_tags; i++) {
         printf("",%s"", tags[i].name);
      }
      printf(""\n"");
   }

   printf(""%s"", fname);
   for (i = 0; i < max_tags; i++) {
      s = 0;
      if (i >= etag_idx) {
         for (cp = tags[i].val; *cp && !strchr("",'\"""", *cp); cp++);
         if (*cp) s = 1;
      }
      cp = tags[i].val;
      if (s == 1) {
         printf("",\"""");
         for (; *cp; cp++) {
            if (*cp == '""') putchar(*cp);
            putchar(*cp);
         }
         putchar('""');
         if (tags[i].c > 1)
            printf("",%d more %s tags"", tags[i].c-1, tags[i].name);
      }
      else
         printf("",%s"", cp);
   }
   printf(""\n"");

   return 0;
}

/* print usage and exit */
void usage(char *pgnam)
{
   printf(""chk_tags - v%s\n%s [-options] filename ...\n"", VERNO, pgnam);
   printf(""options:\n\
  -sc      ; strictly check for \""@@<tag>:\""\n\
  -vtag    ; check version tags in tex file\n\
  -clen<n> ; check line length over a limit (def <n>=%d)\n\
  -fix     ; apply tag fix if needed (to <filename>_fix)\n\
  -list    ; list tags (with -vtag to list version tags)\n\
  -v       ; view filenames\n"", LLN_DEF);
   exit(0);
}

/* the driver */
int main(int argc, char *argv[])
{
   int cnt, fcnt = -1, bcnt = -1, scnt = 0, tcnt = 0, vflg = 0, lln = LLN_DEF;
   char *pgnam = strrchr(argv[0], '/');
   pgnam = pgnam? (pgnam+1) : argv[0];
   while (--argc > 0) {
      char *cp = *++argv;
      if (strcmp(cp, ""-v"") == 0)
         vflg |= F_VFILE;
      else if (strcmp(cp, ""-sc"") == 0)
         vflg |= F_STRICT;
      else if (strcmp(cp, ""-fix"") == 0)
         vflg |= (F_STRICT|F_FIXIT);
      else if (strcmp(cp, ""-vtag"") == 0)
         vflg |= F_CHKTAG;
      else if (strcmp(cp, ""-list"") == 0)
         vflg |= F_LIST;
      else if (strncmp(cp, ""-clen"", 5) == 0) {
         vflg |= F_CHKLLN;
         cp += 5;
         if (*cp == '=') cp++;
         if (*cp) {
            lln = atoi(cp);
            if (lln < 2) lln = LLN_DEF;
         }
      }
      else if (strcmp(cp, ""-h"") == 0)
         usage(pgnam);
      else {
         if (vflg & F_CHKLLN)
            cnt = chk_file(cp, vflg, lln);
         else if (vflg & F_CHKTAG) {
            int tc = 0;
            cnt = chk_vtags_file(cp, vflg, &tc);
            if (cnt > 0) {
               scnt += cnt;
               cnt++;
            }
            tcnt += tc;
         }
         else if (vflg & F_LIST) {
            int vf = vflg;
            if (fcnt < 0) vf |= F_HLIST;
            cnt = list_tags_file(cp, vf);
         }
         else
            cnt = proc_file(cp, vflg);
         if (fcnt < 0) fcnt = 0;
         if (cnt < 0) break;
         fcnt++;
         if (bcnt < 0 && (cnt > 1 || (vflg & F_VLIST) != F_VLIST))
            bcnt = 0;
         if (cnt > 1) bcnt++;
      }
   }
   if (fcnt < 0) usage(pgnam);
   fflush(NULL);
   fprintf(stderr, ""Number of files scanned = %d\n"", fcnt);
   if ((vflg & F_CHKLLN) && fcnt > 0)
      fprintf(stderr, ""Line length limit       = %d\n"", lln);
   if (vflg & F_CHKTAG) {
      if (tcnt > 0)
         fprintf(stderr, ""Number of version tags  = %d\n"", tcnt);
      if (scnt > 0)
         fprintf(stderr, ""Number of bad src files = %d\n"", scnt);
   }
   if (bcnt >= 0)
      fprintf(stderr, ""Number of bad files     = %d\n"", bcnt);
   return 0;
}


================================================
File: util/cvt_fixed
================================================
#!/bin/bash

dryrun=0
if [ ""$1"" = ""revert"" ]; then
   for i in `ls */sources/*_orig`; do
      nf=`echo $i | sed -e 's/_orig$//'`
      echo ""file -- $i --> $nf""
      if [ $dryrun -eq 0 ]; then
         mv $nf ${nf}_fix
         mv $i $nf
      fi
   done
else
   for i in `ls */sources/*_fix`; do
      nf=`echo $i | sed -e 's/_fix$//'`
      echo ""file -- $i --> $nf""
      if [ $dryrun -eq 0 ]; then
         mv $nf ${nf}_orig
         mv $i $nf
      fi
   done
fi


================================================
File: util/gen_tags
================================================
#!/usr/bin/env python3

import sys
import os
import re

tag_metadata = {
   'name'     : ['R', '', '<example_name>.<seqno>'],
   'type'     : ['R', '', ['c','cpp','f','f90']], 
   'operation': ['R', '', ['compile','link','run','view']], 
   'expect'   : ['R', '', ['success','ct-error','rt-error','unspecified']], 
   'version'  : ['V', '', ['5.2','5.1','5.0','4.5','4.0','3.1','3.0']], 
   'env'      : ['O', '', '<environment_variable>=<value>'], 
   'depend'   : ['O', '', '<source_file_name>']
}
tv_kind = 0
tv_val  = 1
tv_sval = 2

tag_present = {
   'R' : 'required',
   'V' : 'optional',
   'O' : 'optional, repeatable'
}

tag_type_conv = {
   'c'   : 'C',
   'cpp' : 'C++',
   'f'   : 'F-fixed',
   'f90' : 'F-free'
}

def write_tags(dflag):
   ft = tag_metadata['type'][tv_val]
   tv = tv_sval
   ps = ''

   if dflag <= 0:
      tv = tv_val
      if ft[0] == 'c':
         ps = '*'
      else:
         ps = '!'
      fname = tag_metadata['name'][tv_val] + '.' + ft
      if dflag == 0:
         fname_save = fname + '_save'
         os.rename(fname, fname_save)
         print(f"">>> adding tags to file: {fname}"")
         print(f""... original saved to  : {fname_save}"")
      else:
         print(f"">>> creating file: {fname}"")
      f = open(fname, 'w')
      if ft[0] == 'c':
         f.write(""/*\n"")

   cnt = 0
   for tag in list(tag_metadata):
      val = tag_metadata[tag][tv]
      kind = tag_metadata[tag][tv_kind]
      if val == '' and kind == 'V':
         val = ""pre_omp_3.0""
      elif val == '' and kind != 'R':
         continue
      if dflag > 0:
         print(' {:9s} ({}): {}'.format(tag, tag_present[kind], val))
      elif kind != 'O':
         if tag == 'type':
            val = tag_type_conv[val]
         elif tag == 'version' and val.find(""pre"", 0) < 0:
            val = ""omp_"" + val
         cnt += 1
         f.write('{} @@{}:\t{}\n'.format(ps, tag, val))
      else:
         for val in tag_metadata[tag][tv_val]:
            cnt += 1
            f.write('{} @@{}:\t{}\n'.format(ps, tag, val))

   if dflag <= 0:
      if ft[0] == 'c':
         f.write(""*/\n"")
      if dflag == 0:
         fs = open(fname_save, 'r')
         f.write(fs.read())
         fs.close()
      f.close()
      print(f'... {cnt} tags added')

def list_tags(fname):
   cnt = 0
   try:
      f = open(fname, 'r')
   except OSError:
      cnt = -1
   else:
      for line in f:
         idx = line.find(""@@"")
         if idx >= 0:
            cnt += 1
            print(line, end='')
         elif cnt > 0:
            break
      f.close()
   if cnt > 0:
      print(f"">>> {fname} contains {cnt} tags"")
   return cnt

def get_tag_values():
   cnt = -1
   for tag in list(tag_metadata):
      if tag == 'operation':
         fname = tag_metadata['name'][tv_val]
         fname += '.' + tag_metadata['type'][tv_val]
         cnt = list_tags(fname)
         if cnt > 0:
            return cnt
      prompt = tag + '? '
      kind = tag_metadata[tag][tv_kind]
      pval = tag_metadata[tag][tv_val]
      if pval == '':
         val = tag_metadata[tag][tv_sval]
         print('{}: {}'.format(tag, val))
         if kind == 'R' and tag != 'name':
            print('.. enter a first few letters (def={})'.format(val[0]))
      else:
         print('>> {} = {}'.format(tag, pval))
      if kind == 'R' or kind == 'V':
         val = ''
         while val == '':
            if pval == '':
               val = input(prompt)
            else:
               val = pval
               pval = ''
            if val == '':
               if kind == 'V':
                  break
               if tag != 'name':
                  val = tag_metadata[tag][tv_sval][0]
            elif tag == 'name':
               if not '.' in val:
                  print(""*** '.' missing, try again"")
                  val = ''
            else:
               for rval in tag_metadata[tag][tv_sval]:
                  if rval.find(val, 0) >= 0:
                     val = rval
                     break
               else:
                  sval = ''
                  if tag == 'type':
                     for rval in list(tag_type_conv):
                        if tag_type_conv[rval].find(val, 0) >= 0:
                           sval = rval
                           break
                  if sval == '':
                     print(f""*** [{val}] not in the supported list:"")
                     print(tag_metadata[tag][tv_sval])
                  val = sval
            tag_metadata[tag][tv_val] = val
      else:
         if pval == '':
            val = input(prompt)
         else:
            val = pval
         mval = []
         while val != '':
            if tag != 'env' or '=' in val:
               mval.append(val)
            else:
               print(""*** '=' missing, not added"")
            val = input(prompt)
         tag_metadata[tag][tv_val] = mval
   return cnt

def main():
   tcnt = 0
   i = 1
   while i < len(sys.argv):
      arg, i = sys.argv[i], i+1
      if arg == '-t' or arg == '-tags':
         write_tags(1)
         return 0
      tag = re.sub('^-', '', arg)
      if tag in list(tag_metadata):
         if i < len(sys.argv):
            tag_metadata[tag][tv_val], i = sys.argv[i], i+1
      elif arg == '-h' or arg == '-help':
         print(
""""""usage: gen_tags [-tags] [-<tag_name> <value>...] [<filename>]
   -tags                ; list supported tags and values
   -<tag_name> <value>  ; specify a tag and its value
   <filename>           ; give filename in form of <name.seqno.ext>

Any of the tag information may be entered at the prompt later.
If <filename> is not given, construct it from <name> and <type>.
For an existing file with tags, print tags in the file;
for an existing file without tags, add tags to the file;
otherwise, create a file with new tags."""""")
         sys.exit(0);
      elif arg[0] == '-':
         print(f""*** unknown option: {arg}"")
         return 1
      elif tcnt < 0:
         print(f""*** too many filenames - {arg}"")
         return 1
      else:
         cnt = list_tags(arg)
         if cnt > 0 or tcnt > 0:
            tcnt += 1
            continue
         tcnt = -1
         items = arg.split('.')
         tag_metadata['name'][tv_val] = items[0]
         if len(items) > 1 and items[1] != '':
            tag_metadata['name'][tv_val] += '.' + items[1]
         if len(items) > 2:
            tag_metadata['type'][tv_val] = items[2]

   if tcnt < 1:
      cnt = get_tag_values()
      if cnt <= 0:
         write_tags(cnt)

   return 0

if __name__ == ""__main__"":
   sys.exit(main())


================================================
File: util/list_tags
================================================
#!/usr/bin/env python3

import sys
import re
from enum import Enum

class Pflag(Enum):
   list = 0
   vtag = 1
   clen = 2
   env  = 3
   fenv = 4
tag_names = ['name', 'type', 'operation', 'expect', 'version',
             'env', 'depend']
total_cnt = 0

def print_hline():
   a = 'filename'
   for tag in tag_names:
      a += ',' + tag
   print(a)

def esc_vstr(tag, val):
   if tag != 'env' and tag != 'depend':
      return val
   if not ('""' in val or ',' in val):
      return val
   a = '""'
   for v in val:
      if v == '""':
         a += '""'
      a += v
   a += '""'
   return a

def chk_ext(fname):
   idx = fname.rfind(""."") + 1
   if idx > 0:
      ext = ""cfht""
      if ext.find(fname[idx]) >= 0:
         return 1
   return 0

def list_tags(fname, pflag):
   global total_cnt
   if chk_ext(fname) == 0:
      return 0
   with open(fname, 'r') as f:
      tags = {}
      cnt = 0
      for line in f:
         idx = line.find(""@@"")
         if idx >= 0:
            m = re.split('[:\t ]+', line[idx+2:], 1)
            if pflag == Pflag.env or pflag == Pflag.fenv:
               if m[0] == 'env':
                  cnt += 1
                  if pflag == Pflag.fenv and cnt == 1:
                     print("">> file ="", fname)
                  print(""export {}"".format(m[1]),end='')
            else:
               cnt += 1
               tags[m[0]] = re.sub('\n', '', m[1])
         elif cnt > 0:
            break

      if cnt > 0 and pflag == Pflag.vtag:
         idx = fname.rfind('/') + 1
         if idx < 1:
            idx = 0
         a = '\\newlabel{ex_vtag:'+fname[idx:]+'}{{'
         tag = 'version'
         if tag in tags:
            a += re.sub(""omp_"","""",tags[tag])
         a += '}{'+'{0:d}'.format(cnt)+'}{}{}{}}'
         print(a)

      elif pflag == Pflag.list:
         total_cnt += 1
         if total_cnt == 1:
            print_hline()
         a = fname
         for tag in tag_names:
            a += ','
            if tag in tags:
               a += esc_vstr(tag, tags[tag])
         print(a)

   return cnt

def check_lln(fname, lsize):
   if chk_ext(fname) == 0:
      return 0
   with open(fname, 'r') as f:
      cnt, s, lineno = 0, 0, 0
      for line in f:
         lineno += 1
         idx = line.find(""@@"")
         if idx >= 0:
            s += 1
            if s == 1 and line.find(""!"", 0, idx) < 0:
               s += 2
         else:
            m = len(line) - 1
            if m > lsize:
               cnt += 1
               if cnt == 1:
                  print("">>> file ="", fname)
               print('  line {0:d}'.format(lineno), end='')
               if s > 0:
                  print("" (S-{0:d})"".format(lineno-s), end='')
               print(': nchars = {0:d}'.format(m))
   return cnt

def main():
   pflag = Pflag.list
   lsize = 75
   for arg in sys.argv[1:]:
      if arg == '-list':
         pflag = Pflag.list
      elif arg == '-vtag':
         pflag = Pflag.vtag
      elif arg[:5] == '-clen':
         pflag = Pflag.clen
         if len(arg) > 6 and arg[5] == '=':
            lsize = int(arg[6:])
            if lsize < 2:
               lsize = 75
      elif arg == '-env':
         pflag = Pflag.env
      elif arg == '-fenv':
         pflag = Pflag.fenv
      elif arg == '-h' or arg == '-help':
         print(""""""usage: list_tags [options] [-h] <files>
available options -
  -list        ; list tags in csv format
  -vtag        ; create version tag info for use in latex file
  -env|-fenv   ; print env tag values
  -clen=<len>  ; check line length, default <len>=75
multiple files may be specified"""""")
         break
      elif pflag == Pflag.clen:
         check_lln(arg, lsize)
      else:
         list_tags(arg, pflag)
   return 0

if __name__ == ""__main__"":
   sys.exit(main())



================================================
File: util/latexdiff/VERSION
================================================
The current version of latexdiff comes from:
git clone -b openmp-rebased git@github.com:jprotze/latexdiff.git

The commit is 1ed71be6fb71927473bd9468ce42f42e1431b5ab

================================================
File: util/latexdiff/latexdiff
================================================
#!/usr/bin/env perl
##!/usr/bin/perl -w
# latexdiff - differences two latex files on the word level
#             and produces a latex file with the differences marked up.
#
#   Copyright (C) 2004-16  F J Tilmann (tilmann@gfz-potsdam.de)
#
# Repository/issue tracker:   https://github.com/ftilmann/latexdiff
# CTAN page:          http://www.ctan.org/pkg/latexdiff
#
#    This program is free software: you can redistribute it and/or modify
#    it under the terms of the GNU General Public License as published by
#    the Free Software Foundation, either version 3 of the License, or
#    (at your option) any later version.
#
#    This program is distributed in the hope that it will be useful,
#    but WITHOUT ANY WARRANTY; without even the implied warranty of
#    MERCHANTABILITY or FITNESS FOR A PARTICULAR PURPOSE.  See the
#    GNU General Public License for more details.
#    You should have received a copy of the GNU General Public License
#    along with this program.  If not, see <http://www.gnu.org/licenses/>.
#
# Detailed usage information at the end of the file
#
#
# Version 1.2.2a:
#    - improved pattern matching: now allows nested angular brackets, and is no longer confused by escaped curly braces
#    - improved pattern matching in COARSE mode: occasionally, the closing bracket or some other elements would be matched in an 'unnatural' way due to another sequence being more minimal in the computational sense, sometimes even causing errors due to tokens moving in or out of the scope of math environments. This is now discouraged by adding internal \DIFANCHOR commands (which are removed again in post-processing) (fixes issues reported via email by li_ruomeng . 
#    - verbatim and lstlisting environments are marked-up with line-by-line in a similar style to non-verbatim text (requires the listing package to be installed)
#       (see new configuration variable VERBATIMLINEENV)
#    - --flatten: now supports \verbatiminput and \lstlistinput 
#     - --flatten: if file is not found, do not fail, simply warn and leave command unexpanded (inspired by issue #112).  Don't warn if file name contains #[0-9] as it is then most likely an argument within a command definition rather than an actual file (applies to \input, \subfile, \include commands)
#     - added to textcmds: \intertext
#   Bug fixes:
#    - pattern matching of \verb and \lstinline commands had an error which meant they would trigger on commands beginning with \verb.
#
# Version 1.2.1 (22 June 2017)
#    - add ""DeclareOldFontCommand"" to styles using \bf or \sf old style font commands (fixies issue #92 )
#    - improved markup: process lstinline commands in listings package correctly
#      for styles using colour, \verb and \lstinline arguments are marked up with colour (blue for added, red for deleted)
#    - bug fix: protecting inline math expressions for mbox did not work as intended (see stack exchange question: http://tex.stackexchange.com/questions/359412/compiling-the-latexdiff-when-adding-a-subscript-before-a-pmatrix-environment-cau)
#    - bug fix: when deleted \item commands are followed immediately by unsafe commands, they were not restored properly
#      (thanks to J. Protze for pull request) (pull request #89)
#    - treat lstlisting and comment as equivalent to verbatim environment
#      make environments that are treated like verbatim environments configurable (config variable VERBATIMENV)
#      treat lstinlne as equivalent to verb command
#      partially addresses issue #38
#    - refactoring: set default configuration variables in a hash, and those that correspond to lists 
#    - feature: option --add-to-config used to amend configuration variables, which are regex pattern lists
#    - bug fix: deleted figures when endfloat package is activated
#    - bug fix: alignat environment now always processed correctly (fix issues #65)
#    - bug fix: avoid processing of commands as potential files in routine init_regex_arr (fix issue #70 )
#    - minimal feature enhancement: treat '@' as allowed character in commands (strictly speaking requires prior \makeatletter statement, but always assuming it to be 
#       @       a letter if it is part of a command name will usually lead to the correct behaviour (see http://tex.stackexchange.com/questions/346651/latexdiff-and-let)
#    - new feature/bug fix: --flatten option \endinput in included files now respected but only if \endinput stands right at the beginning of the line (issue #77)
#    - bug fix: flatten would incorrectly attempt to process commented out \include commands (from discussion in issue #77 )
#    - introduce an invisible space (\hspace{0pt} after \mbox{..} auxiliary commands (not in math mode), to allow line breaks between added and deleted citations (change should not cause adverse behaviour otherwise)
#
# Version 1.2.0:
#    - highlight new and deleted figures
#    - bug fix in title mark-up. Previously deleted commands in title (such as \title, \author or \date) were marked up erroneously
#    - (minor) bug fixes in new 1.1.1 features: disabled label was commented out twice, additional spaces were introduced before list environment begin and end commands
#    - depracation fix: left brace in RegEx now needs to be escaped
#    - add type PDFCOMMENT based on issue #49 submitted by github user peci1 (Martin Pecka)
#    - make utf8 the default encoding
#
# Version 1.1.1
#    - patch mhchem: allow ce in equations
#    - flatten now also expands \input etc. in the preamble (but not \usepackage!)
#    - Better support for Japanese ( contributed by github user kshramt )
#    - prevent duplicated verbatim hashes (patch contributed by github user therussianjig, issue #36)
#    - disable deleted label commands (fixes issue #31)
#    - introduce post-processing to reinstate most deleted environments and all needed item commands (fixes issue #1)
#
# Version 1.1.0
#    - treat diacritics (\"",\', etc) as safe commands
#    - treat \_ and \& correctly as safe commands, even if used without spacing to the next word
#    - Add a BOLD markup type that sets added text in bold face (Contribution by Victor Zabalza via pull request )
#    - add append-mboxsafecmd list option to be able to specify special safe commands which need to be surrounded by mbox to avoid breaking (mostly this is needed with ulem package)
#    - support for siunitx and cleveref packages: protect \SI command in siunitx package and \cref,\Cref{range}{*} in cleveref packages (thanks to Stefan Pinnow for testing)
#    - experimental support for chemformula, mhchem packages: define \ch and \ce in packages as safe (but not \ch,\cee in equation array environments) - these unfortunately will not be marked up (thanks to Stefan Pinnow for testing)
#    - bug fix: packages identified correctly even if \usepackage command options extend over several lines (previously \usepackage command needed to be fully contained in one line)
#    - new subtype ONLYCHANGEDPAGE outputs only changed pages (might not work well for floating material)
#    - new subtype ZLABEL operates similarly to LABEL but uses absolute page numbers (needs zref package)
#    - undocumented option --debug/--nodebug to override default setting for debug mode (Default: 0 for release version, 1: for development version
#
# Version 1.0.4
#    - introduce list UNSAFEMATHCMD, which holds list of commands which cannot be marked up with \DIFadd or \DIFdel commands  (only relevant for WHOLE and COARSE math markup modes)
#    - new subtype LABEL which gives each change a label. This can later be used to only display pages where changes
#      have been made (instructions for that are put as comments into the diff'ed file) inspired by answer on http://tex.stackexchange.com/questions/166049/invisible-markers-in-pdfs-using-pdflatex
#    - Configuration variables take into accout some commands from additional packages: 
#      tikzpicture environment now treated as PICTUREENV, and \smallmatrix in ARRENV (amsmath)
#    - --flatten: support for \subfile command (subfiles package)  (in response to http://tex.stackexchange.com/questions/167620/latexdiff-with-subfiles )
#    - --flatten: \bibliography commands expand if corresponding bbl file present
#    - angled bracket optional commands now parsed correctly (patch #3570) submitted by Dave Kleinschmidt (thanks)
#    - \RequirePackage now treated as synonym of \usepackage with respect to setting packages
#    - special rules for apacite package (redefine citation commands)
#    - recognise /dev/null as 'file-like' arguments for --preamble and --config options
#    - fix units package incompatibility with ulem for text maths statements $ ..$ (thanks to Stuart Prescott for reporting this)
#    - amsmath environment cases treated correctly (Bug fix #19029) (thanks to Jalar)
#    - {,} in comments no longer confuse latexdiff (Bug fix #19146)
#    - \% in one-letter sub/Superscripts was not converted correctly
#
# Version 1.0.3
#    - fix bug in add_safe_commands that made latexdiff hang on DeclareMathOperator 
#      command in preamble
#    - \(..\) inline math expressions were not parsed correctly, if they contained a linebreak
#    - applied patch contributed by tomflannaghan via Berlios: [ Patch #3431 ] Adds correct handling of \left< and \right>
#    - \$ is treated correctly as a literal dollar sign (thanks to Reed Cartwright and Joshua Miller for reporting this bug 
#      and sketching out the solution)
#    - \^ and \_ are correctly interpreted as accent and underlined space, respectively, not as superscript of subscript
#      (thanks to Wail Yahyaoui for pointing out this bug)
#
# Version 1.0.1 - treat \big,\bigg etc. equivalently to \left and
#              \right - include starred version in MATHENV - apply
#            - flatten recursively and --flatten expansion is now
#              aware of comments (thanks to Tim Connors for patch) 
#            - Change to post-processing for more reliability for
#              deleted math environments
#            - On linux systems, recognise  and remove DOS style newlines 
#            - Provide markup for some special preamble commands (\title,
#              \author,\date, 
#            - configurable by setting context2cmd 
#            - for styles using ulem package, remove \emph and \text.. from list of
#              safe commands in order to allow linebreaks within the
#              highlighted sections.  
#            - for ulem style, now show citations by enclosing them in \mbox commands. 
#              This unfortunately implies linebreaks within citations no longer function, 
#              so this functionality can be turned off (Option --disable-citation-markup). 
#              With --enable-citation-markup, the mbox markup is forced for other styles)
#            - new substyle COLOR.  This is particularly useful for marking up citations
#              and some special post-processing is implemented to retain cite
#              commands in deleted blocks.
#            - four different levels of math-markup
#            - Option --driver for choosing driver for modes employing changebar package
#            - accept \\* as valid command (and other commands of form \.*). Also accept
#              \<nl> (backslashed newline) 
#            - some typo fixes, include commands defined in preamble as safe commands
#              (Sebastian Gouezel) 
#            - include compared filenames as comments as line 2 and 3 of
#              the preamble (can be modified with option --label, and suppressed with 
#              --no-label), option --visible-label to show files in generated pdf or dvi
#              at the beginning of main document
#
# Version 0.5  A number of minor improvements based on feedback
#              Deleted blocks are now shown before added blocks
#              Package specific processing
#
# Version 0.43 unreleased typo in list of styles at the end
#              Add protect to all \cbstart, \cbend commands
#              More robust substitution of deleted math commands
#
# Version 0.42 November 06  Bug fixes only
#
# Version 0.4   March 06 option for fast differencing using UNIX diff command, several minor bug fixes (\par bug, improved highlighting of textcmds)
#
# Version 0.3   August 05 improved parsing of displayed math, --allow-spaces 
#               option, several minor bug fixes
#
# Version 0.25  October 04 Fix bug with deleted equations, add math mode commands to safecmd, add | to allowed interpunctuation signs
# Version 0.2   September 04 extension to utf-8 and variable encodings
# Version 0.1   August 04    First public release

use Algorithm::Diff qw(traverse_sequences);

use Getopt::Long ;
use strict ;
use warnings;
use utf8 ;

my ($algodiffversion)=split(/ /,$Algorithm::Diff::VERSION);


my ($versionstring)=<<EOF ;
This is LATEXDIFF 1.2.2a  (Algorithm::Diff $Algorithm::Diff::VERSION, Perl $^V)
  (c) 2004-2017 F J Tilmann
EOF

# Hash with defaults for configuration variables. These marked undef have default values constructed from list defined in the DATA block
# (under tag CONFIG)
my %CONFIG=(
   MINWORDSBLOCK => 3, # minimum number of tokens to form an independent block
                        # shorter identical blocks will be merged to the previous word
   SCALEDELGRAPHICS => 0.5, # factor with which deleted figures will be scaled down (i.e. 0.5 implies they are shown at half linear size)
                             # this is only used for --graphics-markup=BOTH option
   FLOATENV => undef ,   # Environments in which FL variants of defined commands are used
   PICTUREENV => undef ,   # Environments in which all change markup is removed
   MATHENV => undef ,           # Environments turning on display math mode (code also knows about \[ and \])
   MATHREPL => 'displaymath',  # Environment introducing deleted maths blocks
   MATHARRENV => undef ,           # Environments turning on eqnarray math mode
   MATHARRREPL => 'eqnarray*',  # Environment introducing deleted maths blocks
   ARRENV => undef , # Environments making arrays in math mode.  The underlining style does not cope well with those - as a result in-text math environments are surrounded by \mbox{ } if any of these commands is used in an inline math block
   COUNTERCMD",
